掛け合い元,掛け合い先1,掛け合い先2,掛け合い先3,掛け合い先4,掛け合い先5,掛け合い先6,掛け合い先7,掛け合い先8,掛け合い先9,掛け合い先10,掛け合い先11
サーバル？,フェネック,アライグマ,,,,,,,,,
ドール,マイルカ,ミーアキャット,ハクトウワシ,ライオン,,,,,,,
ミーアキャット,ドール,マイルカ,ハクトウワシ,ライオン,,,,,,,
ヤマバク,マレーバク,,,,,,,,,,
オジロヌー,オグロヌー,チャップマンシマウマ,,,,,,,,,
オグロヌー,オジロヌー,チャップマンシマウマ,,,,,,,,,
チャップマンシマウマ,サバンナシマウマ,オグロヌー,オジロヌー,アミメキリン,アードウルフ,,,,,,
アメリカレア,ダチョウ,,,,,,,,,,
カリフォルニアアシカ,カリフォルニアラッコ,,,,,,,,,,
ダチョウ,アメリカレア,チーター,,,,,,,,,
オオアルマジロ,オオセンザンコウ,,,,,,,,,,
アメリカビーバー,,,,,,,,,,,
ミナミコアリクイ,マレーバク,ブラックジャガー,ヒメアリクイ,オオアリクイ,,,,,,,
マレーバク,ミナミコアリクイ,ヤマバク,ブラックジャガー,,,,,,,,
サバンナシマウマ,チャップマンシマウマ,ライオン,アミメキリン,アードウルフ,,,,,,,
ハクトウワシ,オオタカ,ハシビロコウ,ドール,ミーアキャット,マイルカ,ライオン,ブラックバック,アフリカオニネズミ,,,
マイルカ,シロナガスクジラ,シナウスイロイルカ,バンドウイルカ,イッカク,ドール,ミーアキャット,ハクトウワシ,ライオン,,,
アフリカゾウ,オオフラミンゴ,,,,,,,,,,
クロサイ,シロサイ,ホワイトライオン,パラケラテリウム,,,,,,,,
オオフラミンゴ,アフリカゾウ,,,,,,,,,,
シロサイ,クロサイ,トキ,ギンギツネ,サーバル,ソンサーバル,ドラゴンサーバル,,,,,
オグロプレーリードッグ,,,,,,,,,,,
カリフォルニアラッコ,カリフォルニアアシカ,,,,,,,,,,
コツメカワウソ,ニホンカワウソ,,,,,,,,,,
トキ,ショウジョウトキ,クロトキ,シロサイ,ギンギツネ,サーバル,ソンサーバル,,,,,
ヒツジ,,,,,,,,,,,
オオタカ,ハクトウワシ,ハシビロコウ,,,,,,,,,
トナカイ,ヘラジカ,,,,,,,,,,
クジャク,,,,,,,,,,,
ツチノコ,スナネコ,アカミミガメ,,,,,,,,,
スナネコ,ツチノコ,クロヒョウ,,,,,,,,,
ロイヤルペンギン,イワトビペンギン,ジェンツーペンギン,フンボルトペンギン,コウテイペンギン,ジャイアントペンギン,アゴヒゲアザラシ,,,,,
ギンギツネ,キタキツネ,オイナリサマ,アカギツネ,ホワイトライオン,シロサイ,トキ,トムソンガゼル,サーバル,セーバル,カラカル,ソンサーバル
アルパカ・スリ,アルパカ・ワカイヤ,,,,,,,,,,
ジャガー,ブラックジャガー,,,,,,,,,,
アライグマ,フェネック,サーバル？,ホワイトサーバル,,,,,,,,
フェネック,アライグマ,サーバル？,ホワイトサーバル,,,,,,,,
ブラックジャガー,ミナミコアリクイ,マレーバク,ジャガー,,,,,,,,
シロナガスクジラ,マイルカ,シナウスイロイルカ,イッカク,バンドウイルカ,,,,,,,
ヒグマ,キンシコウ,アイアイ,ホッキョクグマ,ヘラジカ,トラ,,,,,,
タイリクオオカミ,,,,,,,,,,,
ハシビロコウ,ハクトウワシ,オオタカ,,,,,,,,,
ライオン,ドール,ミーアキャット,マイルカ,ハクトウワシ,サバンナシマウマ,バーバリライオン,アミメキリン,ゴリラ,,,
キンシコウ,ヒグマ,アイアイ,パンサーカメレオン,,,,,,,,
アルパカ・ワカイヤ,アルパカ・スリ,,,,,,,,,,
アフリカニシキヘビ,,,,,,,,,,,
ピーチパンサー,,,,,,,,,,,
アイアイ,ヒグマ,キンシコウ,パンサーカメレオン,,,,,,,,
ヘラジカ,トナカイ,ヒグマ,,,,,,,,,
キングコブラ,,,,,,,,,,,
キタキツネ,ギンギツネ,アカギツネ,,,,,,,,,
オオセンザンコウ,オオアルマジロ,,,,,,,,,,
チンチラ,デグー,カピバラ,,,,,,,,,
ジャイアントペンギン,ロイヤルペンギン,イワトビペンギン,ジェンツーペンギン,フンボルトペンギン,コウテイペンギン,,,,,,
デグー,チンチラ,カピバラ,,,,,,,,,
カピバラ,チンチラ,デグー,,,,,,,,,
イワトビペンギン,ロイヤルペンギン,ジェンツーペンギン,フンボルトペンギン,コウテイペンギン,ジャイアントペンギン,,,,,,
マーゲイ,,,,,,,,,,,
アフリカオオコノハズク,ワシミミズク,,,,,,,,,,
タヌキ,,,,,,,,,,,
カタカケフウチョウ,カンザシフウチョウ,,,,,,,,,,
ホワイトライオン,ギンギツネ,クロサイ,ボルネオゾウ,,,,,,,,
ヒトコブラクダ,フタコブラクダ,,,,,,,,,,
ジェンツーペンギン,ロイヤルペンギン,イワトビペンギン,フンボルトペンギン,コウテイペンギン,ジャイアントペンギン,,,,,,
ワシミミズク,アフリカオオコノハズク,,,,,,,,,,
オーストラリアデビル,ブラックバック,タスマニアデビル,ライジュウ,でびるさま,ディアトリマ,ヒメウォンバット,,,,,
タスマニアデビル,ブラックバック,オーストラリアデビル,フクロネコ,フォークランドカラカラ,でびるさま,,,,,,
ブラックバック,タスマニアデビル,オーストラリアデビル,ハクトウワシ,ツクヨミノシンシ,ケルベロス,ライジュウ,オオサイチョウ,インドオオカミ,,,
カンザシフウチョウ,カタカケフウチョウ,,,,,,,,,,
リカオン,,,,,,,,,,,
カバ,,,,,,,,,,,
シーサーバル・レフティ,シーサーバル・ライト,,,,,,,,,,
シーサーバル・ライト,シーサーバル・レフティ,,,,,,,,,,
フタコブラクダ,ヒトコブラクダ,,,,,,,,,,
フンボルトペンギン,ロイヤルペンギン,イワトビペンギン,ジェンツーペンギン,コウテイペンギン,ジャイアントペンギン,,,,,,
コウテイペンギン,ロイヤルペンギン,イワトビペンギン,ジェンツーペンギン,フンボルトペンギン,ジャイアントペンギン,,,,,,
オイナリサマ,ギンギツネ,,,,,,,,,,
ヒメアリクイ,オオアリクイ,ミナミコアリクイ,,,,,,,,,
アミメキリン,チャップマンシマウマ,サバンナシマウマ,ライオン,,,,,,,,
オオフウチョウ,,,,,,,,,,,
シナウスイロイルカ,マイルカ,バンドウイルカ,イッカク,シロナガスクジラ,,,,,,,
ショウジョウトキ,トキ,クロトキ,,,,,,,,,
オオアリクイ,ヒメアリクイ,ミナミコアリクイ,,,,,,,,,
プロングホーン,チーター,アカミミガメ,,,,,,,,,
G・ロードランナー,,,,,,,,,,,
ホワイトタイガー,,,,,,,,,,,
ホッキョクウサギ,アカミミガメ,,,,,,,,,,
アリツカゲラ,,,,,,,,,,,
パンサーカメレオン,キンシコウ,アイアイ,,,,,,,,,
イッカク,マイルカ,シナウスイロイルカ,バンドウイルカ,シャチ,シロナガスクジラ,,,,,,
ブタ,,,,,,,,,,,
レッサーパンダ,ジャイアントパンダ,,,,,,,,,,
サラブレッドしろげ,サラブレッドくりげ,サラブレッドあおかげ,,,,,,,,,
サラブレッドあおかげ,サラブレッドくりげ,サラブレッドしろげ,,,,,,,,,
サラブレッドくりげ,サラブレッドあおかげ,サラブレッドしろげ,,,,,,,,,
パフィン,,,,,,,,,,,
エゾヒグマ,カムチャッカオオヒグマ,コディアックヒグマ,,,,,,,,,
アカミミガメ,プロングホーン,ホッキョクウサギ,ツチノコ,,,,,,,,
チベットスナギツネ,マヌルネコ,マーモット,,,,,,,,,
マヌルネコ,チベットスナギツネ,,,,,,,,,,
バンドウイルカ,マイルカ,シナウスイロイルカ,イッカク,シロナガスクジラ,イロワケイルカ,,,,,,
クロトキ,トキ,ショウジョウトキ,,,,,,,,,
イエイヌ（雑種）,シャチ,,,,,,,,,,
コディアックヒグマ,エゾヒグマ,カムチャッカオオヒグマ,,,,,,,,,
シャチ,イッカク,イエイヌ（雑種）,,,,,,,,,
ジャイアントパンダ,レッサーパンダ,,,,,,,,,,
シーサー・ライト,シーサー・レフティ,,,,,,,,,,
シーサー・レフティ,シーサー・ライト,,,,,,,,,,
コモドドラゴン,インドシナウォータードラゴン,,,,,,,,,,
アードウルフ,サバンナシマウマ,チャップマンシマウマ,サーバル,ソンサーバル,ドラゴンサーバル,,,,,,
ホワイトサーバル,アライグマ,フェネック,サーバル,カコミスル,アオツラカツオドリ,ソンサーバル,ドラゴンサーバル,,,,
ナミチスイコウモリ,ジャック・オー・ランタン,,,,,,,,,,
カムチャッカオオヒグマ,エゾヒグマ,コディアックヒグマ,,,,,,,,,
トムソンガゼル,アラビアオリックス,ギンギツネ,カラカル,サーバル,セーバル,ソンサーバル,ドラゴンサーバル,,,,
チーター,プロングホーン,ダチョウ,,,,,,,,,
ジャック・オー・ランタン,ナミチスイコウモリ,,,,,,,,,,
アラビアオリックス,トムソンガゼル,,,,,,,,,,
インドゾウ,,,,,,,,,,,
スカイフィッシュ,,,,,,,,,,,
アムールトラ,,,,,,,,,,,
リョコウバト,,,,,,,,,,,
ニホンオオカミ,,,,,,,,,,,
アカギツネ,ギンギツネ,キタキツネ,,,,,,,,,
クロヒョウ,ヒョウ,スナネコ,,,,,,,,,
キティサーバル,ミミィサーバル,,,,,,,,,,
ミミィサーバル,キティサーバル,,,,,,,,,,
カラカル,サーバル,セーバル,ギンギツネ,トムソンガゼル,タテガミオオカミ,スペインオオヤマネコ,ソンサーバル,ドラゴンサーバル,,,
ホルスタイン,,,,,,,,,,,
オーロックス,,,,,,,,,,,
アデリーペンギン,,,,,,,,,,,
ニホンカワウソ,コツメカワウソ,,,,,,,,,,
ヤク,,,,,,,,,,,
サーベルタイガー,マンモス,,,,,,,,,,
タテゴトアザラシ,ジョフロイネコ,アゴヒゲアザラシ,,,,,,,,,
オカピ,シヴァテリウム,,,,,,,,,,
ユニコ,火の鳥,,,,,,,,,,
火の鳥,ユニコ,,,,,,,,,,
ケツァール,,,,,,,,,,,
セーバル,ギンギツネ,カラカル,サーバル,トムソンガゼル,ソンサーバル,ドラゴンサーバル,,,,,
サーバル,トキ,シロサイ,トムソンガゼル,ギンギツネ,セーバル,カラカル,ホワイトサーバル,アードウルフ,ブラックサーバル,ジェネット,
カルガモ,,,,,,,,,,,
ビャッコ,ゲンブ,スザク,セイリュウ,麒麟,,,,,,,
ハブ,ヤンバルクイナ,,,,,,,,,,
ハシブトガラス,ヤタガラス,,,,,,,,,,
ケープペンギン,,,,,,,,,,,
フォッサ,,,,,,,,,,,
キングペンギン,,,,,,,,,,,
イエネコ,,,,,,,,,,,
人面魚,,,,,,,,,,,
メキシコサラマンダー,,,,,,,,,,,
ヤンバルクイナ,ハブ,,,,,,,,,,
マンモス,サーベルタイガー,,,,,,,,,,
ヒョウ,クロヒョウ,,,,,,,,,,
ゴリラ,ライオン,,,,,,,,,,
オオミミギツネ,ヘビクイワシ,,,,,,,,,,
ヘビクイワシ,オオミミギツネ,,,,,,,,,,
ゲンブ,ビャッコ,スザク,セイリュウ,麒麟,,,,,,,
インドオオカミ,ブラックバック,,,,,,,,,,
アフリカオニネズミ,ハクトウワシ,,,,,,,,,,
ドラコケンタウロス,ウィッチ,,,,,,,,,,
ウィッチ,ドラコケンタウロス,,,,,,,,,,
シヴァテリウム,オカピ,,,,,,,,,,
ヤタガラス,ハシブトガラス,,,,,,,,,,
カグヤコウモリ,テングコウモリ,ウサギコウモリ,,,,,,,,,
マーモット,チベットスナギツネ,,,,,,,,,,
オオウミガラス,,,,,,,,,,,
ジョフロイネコ,タテゴトアザラシ,,,,,,,,,,
イリエワニ,メガネカイマン,,,,,,,,,,
バーバリライオン,ケープライオン,ライオン,,,,,,,,,
ニワトリ,セキショクヤケイ,,,,,,,,,,
スザク,ビャッコ,ゲンブ,セイリュウ,麒麟,,,,,,,
アゴヒゲアザラシ,ロイヤルペンギン,タテゴトアザラシ,トド,オコジョ,,,,,,,
ノドグロミツオシエ,クズリ,ラーテル,,,,,,,,,
イエイヌ（シバイヌ）,イエイヌ（シベリアンハスキー）,,,,,,,,,,
マルタタイガー,ゴールデンタビータイガー,,,,,,,,,,
ゴールデンタビータイガー,マルタタイガー,,,,,,,,,,
イエイヌ（シベリアンハスキー）,イエイヌ（シバイヌ）,,,,,,,,,,
キュウビキツネ,イヌガミギョウブ,,,,,,,,,,
イヌガミギョウブ,キュウビキツネ,ダンザブロウダヌキ,,,,,,,,,
タチコマ type-S,タチコマ type-H,,,,,,,,,,
タチコマ type-H,タチコマ type-S,,,,,,,,,,
パラケラテリウム,クロサイ,,,,,,,,,,
フォークランドカラカラ,タスマニアデビル,,,,,,,,,,
コンゴウインコ,ルリコンゴウインコ,,,,,,,,,,
ウミネコ,カモメ,ヒメクビワカモメ,,,,,,,,,
ケルベロス,ブラックバック,,,,,,,,,,
クズリ,ラーテル,ノドグロミツオシエ,,,,,,,,,
トド,セイウチ,アゴヒゲアザラシ,,,,,,,,,
テングコウモリ,カグヤコウモリ,シロヘラコウモリ,ウサギコウモリ,,,,,,,,
シロヘラコウモリ,テングコウモリ,ウサギコウモリ,,,,,,,,,
ロバ,,,,,,,,,,,
セイリュウ,ビャッコ,ゲンブ,スザク,麒麟,真・青龍,,,,,,
ウンピョウ,,,,,,,,,,,
ダイアウルフ,,,,,,,,,,,
ホッキョクオオカミ,ホッキョクギツネ,,,,,,,,,,
ニホンザル,ブラッザグエノン,,,,,,,,,,
ホッキョクギツネ,ホッキョクオオカミ,,,,,,,,,,
ブラッザグエノン,ニホンザル,,,,,,,,,,
ゴシンギュウサマ,マカミ,,,,,,,,,,
トラ,ヒグマ,,,,,,,,,,
コアラ,アカカンガルー,,,,,,,,,,
マカミ,ゴシンギュウサマ,,,,,,,,,,
オオカワウソ,メガネカイマン,,,,,,,,,,
ソンゴクウ,,,,,,,,,,,
フクロネコ,タスマニアデビル,,,,,,,,,,
シマハイイロギツネ,コヨーテ,イヌワシ,,,,,,,,,
カコミスル,ホワイトサーバル,,,,,,,,,,
でびるさま,タスマニアデビル,オーストラリアデビル,,,,,,,,,
オオサイチョウ,ツノサイチョウ,ブラックバック,,,,,,,,,
ツノサイチョウ,オオサイチョウ,オランウータン,,,,,,,,,
オランウータン,ツノサイチョウ,,,,,,,,,,
ライジュウ,ハクビシン,ブラックバック,オーストラリアデビル,ダンザブロウダヌキ,,,,,,,
コヨーテ,シマハイイロギツネ,,,,,,,,,,
ラーテル,ノドグロミツオシエ,クズリ,,,,,,,,,
ダンザブロウダヌキ,イヌガミギョウブ,ライジュウ,,,,,,,,,
ホッキョクグマ,セイウチ,ヒグマ,,,,,,,,,
ヒメアルマジロ,ヒメウォンバット,,,,,,,,,,
セイウチ,トド,ホッキョクグマ,,,,,,,,,
キジ,ホロホロチョウ,,,,,,,,,,
ホロホロチョウ,キジ,,,,,,,,,,
ヤマタノオロチ,,,,,,,,,,,
アオツラカツオドリ,カモメ,ホワイトサーバル,,,,,,,,,
ガチャピン,ムック,,,,,,,,,,
ムック,ガチャピン,,,,,,,,,,
ツシマヤマネコ,イリオモテヤマネコ,,,,,,,,,,
エメラルドツリーボア,アマゾンツリーボア,,,,,,,,,,
アマゾンツリーボア,エメラルドツリーボア,,,,,,,,,,
マサイキリン,ミナミキリン,,,,,,,,,,
イリオモテヤマネコ,ツシマヤマネコ,ボブキャット,リュウキュウイノシシ,,,,,,,,
インドサイ,,,,,,,,,,,
アフリカタテガミヤマアラシ,,,,,,,,,,,
ゴルゴプスカバ,,,,,,,,,,,
ヒゲペンギン,,,,,,,,,,,
ホラアナライオン,,,,,,,,,,,
麒麟,ビャッコ,ゲンブ,スザク,セイリュウ,,,,,,,
ブチハイエナ,ハゲワシ,,,,,,,,,,
ルリコンゴウインコ,コンゴウインコ,,,,,,,,,,
ちびくまモン,ひぐまモン,,,,,,,,,,
ひぐまモン,ちびくまモン,,,,,,,,,,
コウノトリ,,,,,,,,,,,
ニホンノウサギ,ツクヨミノシンシ,ニホンアナグマ,,,,,,,,,
メガネカイマン,イリエワニ,オオカワウソ,,,,,,,,,
オコジョ,アゴヒゲアザラシ,イイズナ,ビントロング,,,,,,,,
ツクヨミノシンシ,ニホンノウサギ,ブラックバック,,,,,,,,,
ウサギコウモリ,カグヤコウモリ,シロヘラコウモリ,テングコウモリ,,,,,,,,
シマリス,,,,,,,,,,,
リュウキュウイノシシ,イリオモテヤマネコ,,,,,,,,,,
シベリアオオヤマネコ,ボブキャット,,,,,,,,,,
ディアトリマ,オーストラリアデビル,,,,,,,,,,
ブラックマンバ,,,,,,,,,,,
ボブキャット,イリオモテヤマネコ,シベリアオオヤマネコ,カナダオオヤマネコ,,,,,,,,
カニクイアライグマ,オジロスナギツネ,ジェネット,,,,,,,,,
マントヒヒ,マンドリル,,,,,,,,,,
カマイタチ・転,カマイタチ・切,カマイタチ・治,,,,,,,,,
カマイタチ・切,カマイタチ・転,カマイタチ・治,,,,,,,,,
カマイタチ・治,カマイタチ・転,カマイタチ・切,,,,,,,,,
ドールシープ,アイベックス,,,,,,,,,,
ホワイトカリブー,,,,,,,,,,,
ユキウサギ,ヤブノウサギ,エゾユキウサギ,,,,,,,,,
ヤブノウサギ,ユキウサギ,エゾユキウサギ,,,,,,,,,
ジャングルキャット,,,,,,,,,,,
ケロロ,アリサ=サザンクロス,,,,,,,,,,
アリサ=サザンクロス,ケロロ,,,,,,,,,,
エトピリカ,,,,,,,,,,,
キングチーター,ハヤブサ,,,,,,,,,,
ハヤブサ,キングチーター,,,,,,,,,,
オジロスナギツネ,カニクイアライグマ,ジェネット,オグロスナギツネ,,,,,,,,
カナダオオヤマネコ,ボブキャット,,,,,,,,,,
エジプトガン,,,,,,,,,,,
オグロスナギツネ,オジロスナギツネ,,,,,,,,,,
ジェネット,カニクイアライグマ,オジロスナギツネ,サーバル,ドラゴンサーバル,,,,,,,
スマトラトラ,,,,,,,,,,,
セキショクヤケイ,ニワトリ,,,,,,,,,,
アリゾナジャガー,,,,,,,,,,,
ケープライオン,バーバリライオン,,,,,,,,,,
シロクジャク,,,,,,,,,,,
オセロット,ピューマ,,,,,,,,,,
カモメ,ウミネコ,アオツラカツオドリ,,,,,,,,,
フクロオオカミ,タスマニアタイガー,,,,,,,,,,
カンジキウサギ,エゾユキウサギ,,,,,,,,,,
アフリカンゴールデンウルフ,キンイロジャッカル,,,,,,,,,,
キンイロジャッカル,アフリカンゴールデンウルフ,,,,,,,,,,
マンドリル,マントヒヒ,,,,,,,,,,
シーラカンス,メンダコ,,,,,,,,,,
メンダコ,シーラカンス,,,,,,,,,,
N・ハイランドワイルドドッグ,,,,,,,,,,,
ヒクイドリ,,,,,,,,,,,
タテガミオオカミ,カラカル,,,,,,,,,,
ピューマ,オセロット,,,,,,,,,,
エダハヘラオヤモリ,,,,,,,,,,,
インパラ,スプリングボック,,,,,,,,,,
タスマニアタイガー,フクロオオカミ,,,,,,,,,,
ツチブタ,【大きな瞳の美人顔】サーバル,ブラックサーバル,,,,,,,,,
【大きな瞳の美人顔】サーバル,ツチブタ,ブラックサーバル,,,,,,,,,
ウミウ,カワウ,,,,,,,,,,
カワウ,ウミウ,,,,,,,,,,
クビワペッカリー,,,,,,,,,,,
ブラックサーバル,【大きな瞳の美人顔】サーバル,ツチブタ,サーバル,ソンサーバル,ドラゴンサーバル,,,,,,
ジャクソンカメレオン,,,,,,,,,,,
ヒメウォンバット,オーストラリアデビル,ヒメアルマジロ,,,,,,,,,
シンリンオオカミ,ツンドラオオカミ,,,,,,,,,,
アイベックス,ドールシープ,,,,,,,,,,
ダイトウオオコウモリ,,,,,,,,,,,
ツンドラオオカミ,シンリンオオカミ,,,,,,,,,,
ニホンジカ,マメジカ,ニホンアナグマ,,,,,,,,,
イイズナ,オコジョ,マメジカ,,,,,,,,,
ヤブツカツクリ,,,,,,,,,,,
マメジカ,イイズナ,ニホンジカ,,,,,,,,,
ニホンアナグマ,ニホンノウサギ,ニホンジカ,,,,,,,,,
ホンドテン,クロテン,バンテン,,,,,,,,,
クロテン,ホンドテン,バンテン,,,,,,,,,
バンテン,ホンドテン,クロテン,,,,,,,,,
ワオキツネザル,,,,,,,,,,,
エゾユキウサギ,ユキウサギ,ヤブノウサギ,カンジキウサギ,,,,,,,,
キットギツネ,,,,,,,,,,,
インドシナウォータードラゴン,コモドドラゴン,エリマキトカゲ,,,,,,,,,
エリマキトカゲ,インドシナウォータードラゴン,,,,,,,,,,
ステラーカイギュウ,マナティー,ジュゴン,,,,,,,,,
ビントロング,オコジョ,,,,,,,,,,
アラスカラッコ,,,,,,,,,,,
日向夏美,ギロロ,,,,,,,,,,
ギロロ,日向夏美,,,,,,,,,,
アカカンガルー,コアラ,,,,,,,,,,
アジアゴールデンキャット,,,,,,,,,,,
真・青龍,セイリュウ,赤龍,白龍,黒龍,,,,,,,
グリズリー,,,,,,,,,,,
イエウサギ,アマミノクロウサギ,,,,,,,,,,
アリゲーター,,,,,,,,,,,
ハゲワシ,ブチハイエナ,セグロジャッカル,,,,,,,,,
キンシャチ,,,,,,,,,,,
サバンナセンザンコウ,,,,,,,,,,,
セグロジャッカル,ハゲワシ,,,,,,,,,,
マナティー,ステラーカイギュウ,ジュゴン,,,,,,,,,
赤龍,真・青龍,白龍,黒龍,,,,,,,,
バイソン,,,,,,,,,,,
スペインオオヤマネコ,カラカル,,,,,,,,,,
ボルネオゾウ,ホワイトライオン,,,,,,,,,,
イワハイラックス,,,,,,,,,,,
エランド,スプリングボック,,,,,,,,,,
カモノハシ,,,,,,,,,,,
キタコアリクイ,,,,,,,,,,,
ジュゴン,ステラーカイギュウ,マナティー,,,,,,,,,
ニルガイ,,,,,,,,,,,
ヌエ,ライリュウ,,,,,,,,,,
ライリュウ,ヌエ,,,,,,,,,,
白龍,真・青龍,赤龍,黒龍,,,,,,,,
マネキネコ,,,,,,,,,,,
クラハシコウ,,,,,,,,,,,
【ジっとできない湿地のハンター】ハシビロコウ,【青い瞳の迷い猫】マヌルネコ,,,,,,,,,,
【青い瞳の迷い猫】マヌルネコ,【ジっとできない湿地のハンター】ハシビロコウ,,,,,,,,,,
ドルドン,バシロサウルス・イシス,,,,,,,,,,
モウコノウマ,ターパン,,,,,,,,,,
メガテリウム,,,,,,,,,,,
黒龍,真・青龍,赤龍,白龍,,,,,,,,
エナガ,,,,,,,,,,,
タイパン,ビャクダ,,,,,,,,,,
ビャクダ,タイパン,,,,,,,,,,
山本五郎左衛門,ヌエ,ライリュウ,,,,,,,,,
スプリングボック,インパラ,エランド,,,,,,,,,
イヌワシ,シマハイイロギツネ,,,,,,,,,,
フクロミツスイ,,,,,,,,,,,
カワラバト,,,,,,,,,,,
バシロサウルス・イシス,ドルドン,,,,,,,,,,
アマミノクロウサギ,イエウサギ,,,,,,,,,,
ソンサーバル,トキ,シロサイ,トムソンガゼル,ギンギツネ,セーバル,カラカル,ホワイトサーバル,アードウルフ,ブラックサーバル,ジェネット,ギョクリュウ
ギョクリュウ,ソンサーバル,チョハッカイ,サゴジョウ,,,,,,,,
マサイライオン,トランスバールライオン,,,,,,,,,,
トランスバールライオン,マサイライオン,,,,,,,,,,
東北ずん子,ずんだもん,,,,,,,,,,
ずんだもん,東北ずん子,,,,,,,,,,
カマイルカ,イロワケイルカ,マッコウクジラ,,,,,,,,,
ターパン,モウコノウマ,,,,,,,,,,
ハクビシン,ライジュウ,,,,,,,,,,
マルミミゾウ,,,,,,,,,,,
ギュウマオウ,,,,,,,,,,,
ギンカク,,,,,,,,,,,
シマハイエナ,ソンサーバル,,,,,,,,,,
ヤマシマウマ,,,,,,,,,,,
ヒメクビワカモメ,ウミネコ,,,,,,,,,,
ツバメ,,,,,,,,,,,
ホンドタヌキ,シロフクロウ,,,,,,,,,,
シロフクロウ,ホンドタヌキ,,,,,,,,,,
ボアコンストリクター,ティタノボア,,,,,,,,,,
ミナミキリン,マサイキリン,,,,,,,,,,
マッコウクジラ,カマイルカ,イロワケイルカ,,,,,,,,,
イロワケイルカ,バンドウイルカ,カマイルカ,マッコウクジラ,,,,,,,,
ライチョウ,,,,,,,,,,,
チョハッカイ,ソンサーバル,ギョクリュウ,サゴジョウ,,,,,,,,
サゴジョウ,ソンサーバル,ギョクリュウ,チョハッカイ,,,,,,,,
ドラゴンサーバル,トキ,シロサイ,トムソンガゼル,ギンギツネ,セーバル,カラカル,ホワイトサーバル,アードウルフ,ブラックサーバル,ジェネット,
ティタノボア,ボアコンストリクター,アナコンダ,,,,,,,,,
カナダカワウソ,ヤマネ,,,,,,,,,,
ヤマネ,カナダカワウソ,,,,,,,,,,
レオ,,,,,,,,,,,
アナコンダ,ティタノボア,,,,,,,,,,