フレンズID/フォト名,わざ種別,状態異常,効果種別,威力,対象,条件,効果ターン,発動率,発動回数,備考
【ジっとできない湿地のハンター】ハシビロコウ,キセキとくせい,くらくら,耐性減少,低~~(30%未満),相手全体,-,-,-,-,
【ジっとできない湿地のハンター】ハシビロコウ,とくいわざ,どく,付与,-,相手単体,-,2ターン,中確率,-,
【ジっとできない湿地のハンター】ハシビロコウ,キセキとくせい,どく,耐性減少,低,相手全体,-,-,-,-,
【ジっとできない湿地のハンター】ハシビロコウ,とくいわざ,どく,耐性減少,低,相手単体,-,2ターン,高確率,-,
【ジっとできない湿地のハンター】ハシビロコウ,キセキとくせい,すやすや,耐性減少,低~~(30%未満),相手全体,-,-,-,-,
【ジっとできない湿地のハンター】ハシビロコウ,キセキとくせい,くたくた,耐性減少,低,相手全体,-,-,-,-,
【ジっとできない湿地のハンター】ハシビロコウ,キセキとくせい,ひやひや,耐性減少,低~~(30%未満),相手全体,-,-,-,-,
【ジっとできない湿地のハンター】ハシビロコウ,キセキとくせい,ズキンズキン,耐性減少,低~~(30%未満),相手全体,-,-,-,-,
【ジっとできない湿地のハンター】ハシビロコウ,とくいわざ,からげんき,付与,-,相手単体,-,2ターン,中確率,-,
【ジっとできない湿地のハンター】ハシビロコウ,キセキとくせい,からげんき,耐性減少,低,相手全体,-,-,-,-,
【ジっとできない湿地のハンター】ハシビロコウ,とくいわざ,からげんき,耐性減少,低,相手単体,-,2ターン,高確率,-,
【ジっとできない湿地のハンター】ハシビロコウ,キセキとくせい,ぼんやりうっかり,耐性減少,低~~(30%未満),相手全体,-,-,-,-,
【ジっとできない湿地のハンター】ハシビロコウ,キセキとくせい,しょんぼりきぶん,耐性減少,低,相手全体,-,-,-,-,
【ジっとできない湿地のハンター】ハシビロコウ,キセキとくせい,びりびり,耐性減少,低~~(30%未満),相手全体,-,-,-,-,
【ジっとできない湿地のハンター】ハシビロコウ,キセキとくせい,ちぐはぐリズム,耐性減少,低,相手全体,-,-,-,-,
【ジっとできない湿地のハンター】ハシビロコウ,キセキとくせい,ロストフラッグ,耐性減少,低,相手全体,-,-,-,-,
【ジっとできない湿地のハンター】ハシビロコウ,キセキとくせい,ばてばてヒリヒリ,耐性減少,低~~(30%未満),相手全体,-,-,-,-,
【ジっとできない湿地のハンター】ハシビロコウ,とくせい,あせあせ,耐性増加,高,味方全体,ファニー属性の味方,-,-,-,
【ジっとできない湿地のハンター】ハシビロコウ,キセキとくせい,あせあせ,耐性減少,低,相手全体,-,-,-,-,
【ジっとできない湿地のハンター】ハシビロコウ,キセキとくせい,全ての状態異常に関連した能力,耐性減少,低~~(30%未満),相手全体,-,-,-,-,
【青い瞳の迷い猫】マヌルネコ,とくせい,くたくた,耐性増加,高,味方全体,アクティブ属性の味方,-,-,-,
【青い瞳の迷い猫】マヌルネコ,とくせい,ひやひや,耐性増加,高,自身,-,-,-,-,
【青い瞳の迷い猫】マヌルネコ,とくいわざ,からげんき,付与,-,相手単体,-,2ターン,高確率,-,
【青い瞳の迷い猫】マヌルネコ,とくせい,からげんき,耐性増加,高,自身,-,-,-,-,
【青い瞳の迷い猫】マヌルネコ,たいきスキル,いかく,付与,大幅に,自身,-,1ターン,1,2回,
【大きな瞳の美人顔】サーバル,とくいわざ,ぼんやりうっかり,付与,-,相手単体,-,1ターン,中確率,-,
【大きな瞳の美人顔】サーバル,とくせい,びりびり,耐性増加,高,味方全体,フレンドリー属性の味方,-,-,-,
【大きな瞳の美人顔】サーバル,たいきスキル,ルンルンきぶん,付与,-,味方全体,-,3ターン,1,1回,行動前に発動
４番バッター・ヒグマ,とくせい(変化前・後),いかく,付与,少し~~(40),自身,-,-,-,-,-
G・ロードランナー,たいきスキル,くらくら,耐性増加,中,自身,-,3ターン,0.8,2回,
G・ロードランナー,たいきスキル,どく,耐性増加,中,自身,-,3ターン,0.8,2回,
G・ロードランナー,たいきスキル,すやすや,耐性増加,中,自身,-,3ターン,0.8,2回,
G・ロードランナー,たいきスキル,くたくた,耐性増加,中,自身,-,3ターン,0.8,2回,
G・ロードランナー,たいきスキル,ひやひや,耐性増加,中,自身,-,3ターン,0.8,2回,
G・ロードランナー,たいきスキル,ズキンズキン,耐性増加,中,自身,-,3ターン,0.8,2回,
G・ロードランナー,たいきスキル,からげんき,耐性増加,中,自身,-,3ターン,0.8,2回,
G・ロードランナー,たいきスキル,ぼんやりうっかり,耐性増加,中,自身,-,3ターン,0.8,2回,
G・ロードランナー,たいきスキル,しょんぼりきぶん,耐性増加,中,自身,-,3ターン,0.8,2回,
G・ロードランナー,たいきスキル,びりびり,耐性増加,中,自身,-,3ターン,0.8,2回,
G・ロードランナー,たいきスキル,ちぐはぐリズム,耐性増加,中,自身,-,3ターン,0.8,2回,
G・ロードランナー,たいきスキル,ロストフラッグ,耐性増加,中,自身,-,3ターン,0.8,2回,
G・ロードランナー,たいきスキル,ばてばてヒリヒリ,耐性増加,中,自身,-,3ターン,0.8,2回,
G・ロードランナー,たいきスキル,あせあせ,耐性増加,中,自身,-,3ターン,0.8,2回,
G・ロードランナー,たいきスキル,全ての状態異常に関連した能力,耐性増加,中,自身,-,3ターン,0.8,2回,
N・ハイランドワイルドドッグ,とくせい,びりびり,耐性増加,高,味方全体,マイペース属性の味方,-,-,-,
Rockin' time,とくせい(変化前・後),ひやひや,耐性増加,低~~(20%超),自身,-,-,-,-,
アイアイ,なないろとくせい,かくれみ,付与,-,自身,たいりょくが30%以下,-,-,-,
アイアイ,たいきスキル,かくれみ,付与,少しだけ,自身,-,2ターン,0.8,3回,
アイベックス,とくいわざ,ズキンズキン,付与,-,相手単体,-,2ターン,高確率,-,
アイベックス,とくせい,ちぐはぐリズム,耐性増加,高,味方全体,ラブリー属性の味方,-,-,-,
アオツラカツオドリ,けものミラクル,くらくら,解除,-,味方全体,ラブリー属性の味方,-,-,-,必要MP90
アオツラカツオドリ,キセキとくせい,どく,耐性増加,高,味方全体,ラブリー属性の味方,-,-,-,
アオツラカツオドリ,けものミラクル,どく,解除,-,味方全体,ラブリー属性の味方,-,-,-,必要MP90
アオツラカツオドリ,けものミラクル,すやすや,解除,-,味方全体,ラブリー属性の味方,-,-,-,必要MP90
アオツラカツオドリ,けものミラクル,くたくた,解除,-,味方全体,ラブリー属性の味方,-,-,-,必要MP90
アオツラカツオドリ,けものミラクル,ひやひや,解除,-,味方全体,ラブリー属性の味方,-,-,-,必要MP90
アオツラカツオドリ,けものミラクル,ズキンズキン,解除,-,味方全体,ラブリー属性の味方,-,-,-,必要MP90
アオツラカツオドリ,けものミラクル,からげんき,解除,-,味方全体,ラブリー属性の味方,-,-,-,必要MP90
アオツラカツオドリ,けものミラクル,ぼんやりうっかり,解除,-,味方全体,ラブリー属性の味方,-,-,-,必要MP90
アオツラカツオドリ,けものミラクル,しょんぼりきぶん,解除,-,味方全体,ラブリー属性の味方,-,-,-,必要MP90
アオツラカツオドリ,けものミラクル,びりびり,解除,-,味方全体,ラブリー属性の味方,-,-,-,必要MP90
アオツラカツオドリ,けものミラクル,ちぐはぐリズム,解除,-,味方全体,ラブリー属性の味方,-,-,-,必要MP90
アオツラカツオドリ,けものミラクル,ロストフラッグ,解除,-,味方全体,ラブリー属性の味方,-,-,-,必要MP90
アオツラカツオドリ,けものミラクル,ばてばてヒリヒリ,解除,-,味方全体,ラブリー属性の味方,-,-,-,必要MP90
アオツラカツオドリ,けものミラクル,あせあせ,解除,-,味方全体,ラブリー属性の味方,-,-,-,必要MP90
アオツラカツオドリ,けものミラクル,全ての状態異常に関連した能力,解除,-,味方全体,ラブリー属性の味方,-,-,-,必要MP90
アオツラカツオドリ,キセキとくせい,かくれみ,付与,-,自身,強敵出現wave,-,-,-,
アカカンガルー,けものミラクル,くらくら,付与,-,相手単体,-,1ターン,高確率,-,必要MP100
アカカンガルー,とくいわざ,くらくら,付与,-,相手単体,-,2ターン,低確率,-,耐性減少あり
アカカンガルー,とくいわざ,くらくら,耐性減少,低~~(30%),相手単体,-,2ターン,高確率,-,
アカギツネ,とくせい,すやすや,耐性増加,高,自身,-,-,-,-,
アカギツネ,とくいわざ,からげんき,付与,-,相手単体,-,2ターン,低確率,-,
アカギツネ(青),とくせい,ばてばてヒリヒリ,耐性増加,高,味方全体,リラックス属性の味方,-,-,-,
アカミミガメ,とくせい,くらくら,耐性増加,完全耐性,自身,たいりょく40%以下,-,-,-,
アカミミガメ,とくせい,どく,耐性増加,完全耐性,自身,たいりょく40%以下,-,-,-,
アカミミガメ,とくせい,すやすや,耐性増加,完全耐性,自身,たいりょく40%以下,-,-,-,
アカミミガメ,とくせい,くたくた,耐性増加,完全耐性,自身,たいりょく40%以下,-,-,-,
アカミミガメ,とくせい,ひやひや,耐性増加,完全耐性,自身,たいりょく40%以下,-,-,-,
アカミミガメ,とくせい,ズキンズキン,耐性増加,完全耐性,自身,たいりょく40%以下,-,-,-,
アカミミガメ,とくせい,からげんき,耐性増加,完全耐性,自身,たいりょく40%以下,-,-,-,
アカミミガメ,たいきスキル,かばう,付与,-,自身,自身が攻撃対象ではない,1ターン,1,1回,発動時、自身の被ダメージが20%減少
アゴヒゲアザラシ,とくせい,ぼんやりうっかり,耐性増加,高,味方全体,マイペース属性の味方,-,-,-,
アジアゴールデンキャット,とくせい,どく,耐性増加,高,味方全体,マイペース属性の味方,-,-,-,
あたたかなうみのいろ,とくせい(変化前・後),ひやひや,耐性増加,低~~(20%),自身,HP50%以上,-,-,-,
アデリーペンギン,けものミラクル,くらくら,付与,-,相手単体,-,1ターン,低確率,-,
あなたにあげるわ,とくせい(変化前),ズキンズキン,耐性増加,中~~(50%未満),自身,-,-,-,-,
あなたにあげるわ,とくせい(変化後),ズキンズキン,耐性増加,中,自身,-,-,-,-,
あなたはだぁれ？,とくせい(変化前),すやすや,耐性増加,中,自身,たいりょく50%以下,-,-,-,
あなたはだぁれ？,とくせい(変化後),すやすや,耐性増加,中~~(50%未満),自身,-,-,-,-,
アフリカオオコノハズク,たいきスキル,かくれみ,付与,少しだけ,自身,-,1ターン,0.75,∞,
アフリカオオコノハズク(フォト),とくせい(変化後),かくれみ,付与,少しだけ,自身,-,-,-,-,
アフリカオオコノハズク(青),けものミラクル,くたくた,付与,-,相手単体,-,3ターン,中確率,-,
アフリカオオコノハズク(青),けものミラクル,ズキンズキン,付与,-,相手単体,-,3ターン,中確率,-,
アフリカオオコノハズク(青),とくいわざ,からげんき,付与,-,相手単体,-,4ターン,中確率,-,
アフリカオニネズミ,とくいわざ,ルンルンきぶん,解除,-,相手単体,マイペース属性の相手,-,-,-,
アフリカゾウ,なないろとくせい,くらくら,解除,-,自身,たいりょくが20%~~以下になったとき,-,-,1回,
アフリカゾウ,キセキとくせい,どく,耐性増加,低,自身を除く~~味方全体,-,-,-,-,
アフリカゾウ,なないろとくせい,どく,解除,-,自身,たいりょくが20%~~以下になったとき,-,-,1回,
アフリカゾウ,たいきスキル,どく,解除,-,自身,-,-,0.5,∞,
アフリカゾウ,なないろとくせい,すやすや,解除,-,自身,たいりょくが20%~~以下になったとき,-,-,1回,
アフリカゾウ,なないろとくせい,くたくた,解除,-,自身,たいりょくが20%~~以下になったとき,-,-,1回,
アフリカゾウ,たいきスキル,くたくた,解除,-,自身,-,-,0.5,∞,
アフリカゾウ,なないろとくせい,ひやひや,解除,-,自身,たいりょくが20%~~以下になったとき,-,-,1回,
アフリカゾウ,なないろとくせい,ズキンズキン,解除,-,自身,たいりょくが20%~~以下になったとき,-,-,1回,
アフリカゾウ,たいきスキル,ズキンズキン,解除,-,自身,-,-,0.5,∞,
アフリカゾウ,なないろとくせい,からげんき,解除,-,自身,たいりょくが20%~~以下になったとき,-,-,1回,
アフリカゾウ,たいきスキル,からげんき,解除,-,自身,-,-,0.5,∞,
アフリカゾウ,なないろとくせい,ぼんやりうっかり,解除,-,自身,たいりょくが20%~~以下になったとき,-,-,1回,
アフリカゾウ,たいきスキル,ぼんやりうっかり,解除,-,自身,-,-,0.5,∞,
アフリカゾウ,なないろとくせい,しょんぼりきぶん,解除,-,自身,たいりょくが20%~~以下になったとき,-,-,1回,
アフリカゾウ,たいきスキル,しょんぼりきぶん,解除,-,自身,-,-,0.5,∞,
アフリカゾウ,なないろとくせい,びりびり,解除,-,自身,たいりょくが20%~~以下になったとき,-,-,1回,
アフリカゾウ,たいきスキル,びりびり,解除,-,自身,-,-,0.5,∞,
アフリカゾウ,なないろとくせい,ちぐはぐリズム,解除,-,自身,たいりょくが20%~~以下になったとき,-,-,1回,
アフリカゾウ,たいきスキル,ちぐはぐリズム,解除,-,自身,-,-,0.5,∞,
アフリカゾウ,なないろとくせい,ロストフラッグ,解除,-,自身,たいりょくが20%~~以下になったとき,-,-,1回,
アフリカゾウ,たいきスキル,ロストフラッグ,解除,-,自身,-,-,0.5,∞,
アフリカゾウ,なないろとくせい,ばてばてヒリヒリ,解除,-,自身,たいりょくが20%~~以下になったとき,-,-,1回,
アフリカゾウ,たいきスキル,ばてばてヒリヒリ,解除,-,自身,-,-,0.5,∞,
アフリカゾウ,なないろとくせい,あせあせ,解除,-,自身,たいりょくが20%~~以下になったとき,-,-,1回,
アフリカゾウ,なないろとくせい,全ての状態異常に関連した能力,解除,-,自身,たいりょくが20%~~以下になったとき,-,-,1回,
アフリカゾウ,たいきスキル,全ての状態異常に関連した能力,解除,-,自身,-,-,0.5,∞,
アフリカゾウ,たいきスキル,毎ターンMP減少,解除,-,自身,-,-,0.5,∞,
アフリカタテガミヤマアラシ,とくせい,どく,耐性増加,高,自身,-,-,-,-,
アフリカタテガミヤマアラシ,けものミラクル,ズキンズキン,付与,-,相手単体,ラブリー属性の相手,3ターン,高確率,-,
アフリカタテガミヤマアラシ,キセキとくせい,はねかえし,付与,反射率30%,自身,-,-,-,-,
アフリカタテガミヤマアラシ,たいきスキル,毎ターンMP減少,解除,-,味方全体,マイペース属性の味方,-,1,3回,
アフリカタテガミヤマアラシ,たいきスキル,いかく,付与,-,自身,-,1ターン,1,3回,
アフリカニシキヘビ,けものミラクル,くらくら,付与,-,相手単体,-,1ターン,高確率,-,
アフリカンゴールデンウルフ,たいきスキル,しょんぼりきぶん,解除,-,味方全体,アクティブ属性の味方,-,1,∞,
アフリカンゴールデンウルフ,けものミラクル,ルンルンきぶん,付与,-,自身,-,3ターン,-,-,必要MP90
あまくてサクサク♪,とくせい(変化前),からげんき,耐性増加,中~~(50%超),自身,-,-,-,-,
あまくてサクサク♪,とくせい(変化後),からげんき,耐性増加,高,自身,-,-,-,-,
アマゾンツリーボア,とくいわざ,ズキンズキン,付与,-,相手単体,-,3ターン,中確率,-,
アマゾンツリーボア,とくせい,ズキンズキン,耐性増加,高,味方全体,ファニー属性の味方,-,-,-,
アマゾンツリーボア,たいきスキル,いかく,付与,-,自身,-,2ターン,1,2回,
アマミノクロウサギ,とくせい,どく,耐性増加,高,味方全体,フレンドリー属性の味方,-,-,-,
アマミノクロウサギ,たいきスキル,かくれみ,付与,-,自身,-,2ターン,1,2回,
アマミノクロウサギ,キセキとくせい,かくれみ,付与,-,自身,たいりょくが50%以下,-,-,-,
アミメキリン,なないろとくせい,すやすや,耐性増加,高,味方全体,リラックス属性の味方,-,-,-,
アミメキリン(フォト),とくせい(変化前・後),すやすや,耐性増加,低,自身,-,-,-,-,
アムールトラ,とくせい,ひやひや,耐性増加,高,自身,-,-,-,-,
アムールトラ,けものミラクル,ズキンズキン,付与,-,相手単体,-,3ターン,高確率,-,
アムールトラ,とくいわざ,ズキンズキン,付与,-,相手単体,-,2ターン,低確率,-,
アメリカビーバー,とくいわざ,くらくら,付与,-,相手単体,-,1ターン,中確率,-,
アメリカレア,けものミラクル,くらくら,付与,-,相手単体,-,1ターン,高確率,-,
アメリカレア,なないろとくせい,あせあせ,耐性増加,中,味方全体,ファニー属性の味方,-,-,-,
アライグマ,たいきスキル,いかく,付与,大幅に,自身,-,2ターン,1,1回,
アライグマ(黄緑),とくせい,くたくた,耐性増加,高,自身,-,-,-,-,
アラスカラッコ,とくいわざ,ひやひや,付与,3回,相手単体,-,-,高確率,-,
アラスカラッコ,キセキとくせい,ひやひや,耐性増加,高,味方全体,マイペース属性の味方,-,-,-,
アラスカラッコ,けものミラクル,ひやひや,耐性減少,高,相手単体,-,2ターン,高確率,-,必要MP100
アラスカラッコ,たいきスキル,ルンルンきぶん,解除,-,相手全体,ラブリー属性の相手,-,1,2回,
アラビアオリックス,とくせい,くらくら,耐性増加,高,味方全体,ラブリー属性の味方,-,-,-,
アラビアオリックス,とくせい,からげんき,耐性増加,高,味方全体,ラブリー属性の味方,-,-,-,
アラビアオリックス,なないろとくせい,びりびり,耐性増加,高,自身,-,-,-,-,
アリゲーター,とくいわざ,ズキンズキン,付与,-,相手単体,-,3ターン,高確率,-,
アリゲーター,とくせい,からげんき,耐性増加,高,味方全体,アクティブ属性の味方,-,-,-,
アリサ=サザンクロス,キセキとくせい,くらくら,耐性増加,完全耐性,自身,-,-,-,-,
アリサ=サザンクロス,キセキとくせい,どく,耐性増加,完全耐性,自身,-,-,-,-,
アリサ=サザンクロス,キセキとくせい,すやすや,耐性増加,完全耐性,自身,-,-,-,-,
アリサ=サザンクロス,キセキとくせい,くたくた,耐性増加,完全耐性,自身,-,-,-,-,
アリサ=サザンクロス,キセキとくせい,ひやひや,耐性増加,完全耐性,自身,-,-,-,-,
アリサ=サザンクロス,キセキとくせい,ズキンズキン,耐性増加,完全耐性,自身,-,-,-,-,
アリサ=サザンクロス,とくせい,からげんき,耐性増加,高,味方全体,ラブリー属性の味方,-,-,-,
アリサ=サザンクロス,キセキとくせい,からげんき,耐性増加,完全耐性,自身,-,-,-,-,
アリサ=サザンクロス,キセキとくせい,ぼんやりうっかり,耐性増加,完全耐性,自身,-,-,-,-,
アリサ=サザンクロス,キセキとくせい,しょんぼりきぶん,耐性増加,完全耐性,自身,-,-,-,-,
アリサ=サザンクロス,キセキとくせい,びりびり,耐性増加,完全耐性,自身,-,-,-,-,
アリサ=サザンクロス,キセキとくせい,ちぐはぐリズム,耐性増加,完全耐性,自身,-,-,-,-,
アリサ=サザンクロス,キセキとくせい,ロストフラッグ,耐性増加,完全耐性,自身,-,-,-,-,
アリサ=サザンクロス,キセキとくせい,ばてばてヒリヒリ,耐性増加,完全耐性,自身,-,-,-,-,
アリサ=サザンクロス,キセキとくせい,あせあせ,耐性増加,完全耐性,自身,-,-,-,-,
アリサ=サザンクロス,キセキとくせい,全ての状態異常に関連した能力,耐性増加,完全耐性,自身,-,-,-,-,
アリゾナジャガー,とくせい,ロストフラッグ,耐性増加,高,味方全体,アクティブ属性の味方,-,-,-,
アリツカゲラ,とくいわざ,くらくら,付与,-,相手単体,マイペース属性の相手,1ターン,低確率,-,
アリツカゲラ,キセキとくせい,くらくら,耐性増加,高,味方全体,アクティブ属性の味方,-,-,-,
アルパカ・スリ,けものミラクル,すやすや,付与,-,相手全体,リラックス属性の相手,1ターン,中確率,-,
アルパカ・スリ,なないろとくせい,すやすや,耐性減少,中~~(50%超),相手全体,リラックス属性の相手,-,-,-,
アルパカ・ワカイヤ,とくいわざ,くらくら,付与,-,相手単体,-,2ターン,中確率,-,
アルパカ・ワカイヤ,たいきスキル,くたくた,耐性増加,高,味方全体,ラブリー属性の味方,2ターン,1,2回,
アルパカ・ワカイヤ,とくせい,くたくた,耐性増加,高,自身,-,-,-,-,
アルパカ・ワカイヤ,とくせい,かくれみ,付与,-,自身,-,-,-,-,
アンイン港フェリーターミナル,とくせい(変化後),くらくら,耐性増加,低~~(20%),自身,-,-,-,-,
アンイン港フェリーターミナル,とくせい(変化前・後),すやすや,耐性増加,低~~(20%),自身,-,-,-,-,
イイズナ,とくせい,ロストフラッグ,耐性増加,高,味方全体,リラックス属性の味方,-,-,-,
イイズナ,たいきスキル,かくれみ,付与,-,自身,-,2ターン,1,1回,
イエイヌ（シバイヌ）,とくせい,くたくた,耐性増加,高,自身,-,-,-,-,
イエイヌ（シバイヌ）,とくせい,ひやひや,耐性増加,高,自身,-,-,-,-,
イエイヌ（シバイヌ）,けものミラクル,からげんき,付与,-,相手単体,マイペース属性の相手,3ターン,高確率,-,
イエイヌ（シバイヌ）,とくいわざ,からげんき,付与,-,相手単体,マイペース属性の相手,1ターン,高確率,-,
イエイヌ（シバイヌ）,とくせい,ぼんやりうっかり,耐性増加,高,自身,-,-,-,-,
イエイヌ（シバイヌ）,キセキとくせい,しょんぼりきぶん,耐性増加,高,味方全体,アクティブ属性の味方,-,-,-,
イエイヌ（シベリアンハスキー）,たいきスキル,どく,解除,-,味方全体,フレンドリー属性の味方,-,1,2回,
イエイヌ（シベリアンハスキー）,とくせい,くたくた,耐性増加,高,自身,-,-,-,-,
イエイヌ（シベリアンハスキー）,けものミラクル,ひやひや,付与,3回,相手単体,リラックス属性の相手,-,高確率,-,
イエイヌ（シベリアンハスキー）,キセキとくせい,ひやひや,耐性増加,高,味方全体,フレンドリー属性の味方,-,-,-,
イエイヌ（雑種）,キセキとくせい,くらくら,耐性増加,高,味方全体,フレンドリー属性の味方,-,-,-,
イエイヌ（雑種）,とくせい,くたくた,耐性増加,高,自身,-,-,-,-,
イエウサギ,とくせい,びりびり,耐性増加,高,味方全体,ラブリー属性の味方,-,-,-,
イエウサギ,とくせい,びりびり,耐性減少,低~~(25%以上),相手全体,アクティブ属性の相手,-,-,-,
イエネコ,なないろとくせい,ばてばてヒリヒリ,耐性増加,高,味方全体,ラブリー属性の味方,-,-,-,
イエネコ,とくせい,はねかえしむし,付与,-,自身,-,-,-,-,
イッカク,とくいわざ,ひやひや,付与,3回,相手単体,ファニー属性の相手,-,高確率,-,2025/04/10上方修正前は低確率
イッカク,キセキとくせい,ひやひや,耐性増加,高,味方全体,リラックス属性の味方,-,-,-,
いっしょにもぐもぐ,とくせい(変化前),くたくた,耐性増加,低~~(20%超),自身,-,-,-,-,
いっしょにもぐもぐ,とくせい(変化後),くたくた,耐性増加,中~~(50%),自身,-,-,-,-,
イヌガミギョウブ,たいきスキル,どく,付与,-,自身,-,5ターン,高確率~~たいき発動率50%,3回,
イヌガミギョウブ,とくいわざ,くたくた,付与,-,相手単体,ラブリー属性の相手,1ターン,中確率,-,
イヌガミギョウブ,たいきスキル,ルンルンきぶん,付与,-,自身,-,5ターン,高確率~~たいき発動率50%,3回,
イヌガミギョウブ,とくいわざ,ルンルンきぶん,解除,-,相手単体,ラブリー属性の相手,-,-,-,
イヌワシ,たいきスキル,どく,解除,-,自身,-,-,1,2回,
イヌワシ,たいきスキル,くたくた,解除,-,自身,-,-,1,2回,
イヌワシ,たいきスキル,ズキンズキン,解除,-,自身,-,-,1,2回,
イヌワシ,たいきスキル,からげんき,解除,-,自身,-,-,1,2回,
イヌワシ,たいきスキル,ぼんやりうっかり,解除,-,自身,-,-,1,2回,
イヌワシ,たいきスキル,しょんぼりきぶん,解除,-,自身,-,-,1,2回,
イヌワシ,たいきスキル,びりびり,解除,-,自身,-,-,1,2回,
イヌワシ,たいきスキル,ちぐはぐリズム,解除,-,自身,-,-,1,2回,
イヌワシ,たいきスキル,ロストフラッグ,解除,-,自身,-,-,1,2回,
イヌワシ,とくせい,ばてばてヒリヒリ,耐性増加,高,味方全体,ファニー属性の味方,-,-,-,
イヌワシ,たいきスキル,ばてばてヒリヒリ,解除,-,自身,-,-,1,2回,
イヌワシ,たいきスキル,全ての状態異常に関連した能力,解除,-,自身,-,-,1,2回,
イヌワシ,たいきスキル,いかく,付与,-,自身,-,3ターン,1,2回,
イリエワニ,キセキとくせい,くらくら,耐性増加,高,自身,-,-,-,-,
イリエワニ,キセキとくせい,くたくた,耐性増加,高,自身,-,-,-,-,
イリエワニ,とくいわざ,はねかえし,解除,-,相手単体,マイペース属性の相手,-,高確率,-,
イリオモテヤマネコ,とくせい,しょんぼりきぶん,耐性増加,高,味方全体,ラブリー属性の味方,-,-,-,
イリオモテヤマネコ,たいきスキル,かくれみ,付与,-,自身,-,2ターン,1,1回,
イワトビペンギン,キセキとくせい,すやすや,耐性増加,高,味方全体,アクティブ属性の味方,-,-,-,
イワトビペンギン,とくいわざ,くたくた,付与,-,相手単体,マイペース属性の相手,1ターン,低確率,-,
イワハイラックス,とくせい,からげんき,耐性増加,高,味方全体,ラブリー属性の味方,-,-,-,
イワハイラックス,たいきスキル,毎ターンMP減少,解除,-,味方全体,ラブリー属性の味方,-,1,2回,
イワハイラックス,とくせい,かくれみ,付与,-,自身,たいりょくが60%以上,-,-,-,
イワハイラックス,たいきスキル,かくれみ,付与,-,自身,-,2ターン,1,2回,
いんたーみっしょん,とくせい(変化前),かくれみ,付与,少しだけ~~(2),自身,-,-,-,-,-
いんたーみっしょん,とくせい(変化後),かくれみ,付与,少しだけ~~(3),自身,-,-,-,-,-
インドオオカミ,とくいわざ,ズキンズキン,付与,-,相手単体,-,2ターン,高確率,-,
インドオオカミ,とくせい,からげんき,耐性増加,高,自身,-,-,-,-,
インドオオカミ,キセキとくせい,ぼんやりうっかり,耐性増加,高,味方全体,リラックス属性の味方,-,-,-,
インドサイ,とくせい,ばてばてヒリヒリ,耐性増加,高,味方全体,アクティブ属性の味方,-,-,-,
インドサイ,たいきスキル,いかく,付与,-,自身,-,1ターン,0.7,∞,
インドサイ,とくせい,いかく,付与,少し,自身,-,-,-,-,
インドサイ,キセキとくせい,いかく,付与,少し,自身,-,-,-,-,
インドシナウォータードラゴン,とくせい,からげんき,耐性増加,高,味方全体,リラックス属性の味方,-,-,-,
インドシナウォータードラゴン,とくいわざ,かくれみ,付与,-~~(10),自身,強敵出現wave,2ターン,-,-,
インドシナウォータードラゴン,たいきスキル,かくれみ,付与,-,自身,-,2ターン,1,1回,
インドゾウ,とくせい,くたくた,耐性増加,高,味方全体,リラックス属性の味方,-,-,-,
インドゾウ,たいきスキル,いかく,付与,-,自身,-,1ターン,1,2回,
インパラ,とくせい,すやすや,耐性増加,高,味方全体,マイペース属性の味方,-,-,-,
ウィッチ,とくせい,かくれみ,付与,-,自身,-,-,-,-,
ウサギコウモリ,キセキとくせい,かくれみ,付与,少し,自身,ステージの時間が夜ではない,-,-,-,
ウミウ,とくせい,くらくら,耐性増加,高,味方全体,マイペース属性の味方,-,-,-,
ウミウ,たいきスキル,ばてばてヒリヒリ,耐性増加,中,味方全体,マイペース属性の味方,1ターン,0.7,∞,
ウミネコ,たいきスキル,くらくら,付与,-,相手単体,-,1ターン,低確率~~たいき発動率100%,∞,
ウミネコ,たいきスキル,くらくら,付与,-,相手全体,アクティブ属性の相手,1ターン,中確率~~たいき発動率100%,∞,
ウミネコ,キセキとくせい,くらくら,耐性増加,中,自身,地形がみずべ,-,-,-,
ウミネコ,キセキとくせい,どく,耐性増加,中,自身,地形がみずべ,-,-,-,
ウミネコ,キセキとくせい,すやすや,耐性増加,中,自身,地形がみずべ,-,-,-,
ウミネコ,キセキとくせい,くたくた,耐性増加,中,自身,地形がみずべ,-,-,-,
ウミネコ,キセキとくせい,ひやひや,耐性増加,中,自身,地形がみずべ,-,-,-,
ウミネコ,キセキとくせい,ズキンズキン,耐性増加,中,自身,地形がみずべ,-,-,-,
ウミネコ,キセキとくせい,からげんき,耐性増加,中,自身,地形がみずべ,-,-,-,
ウミネコ,キセキとくせい,ぼんやりうっかり,耐性増加,中,自身,地形がみずべ,-,-,-,
ウミネコ,キセキとくせい,しょんぼりきぶん,耐性増加,中,自身,地形がみずべ,-,-,-,
ウミネコ,キセキとくせい,びりびり,耐性増加,中,自身,地形がみずべ,-,-,-,
ウミネコ,キセキとくせい,ちぐはぐリズム,耐性増加,中,自身,地形がみずべ,-,-,-,
ウミネコ,キセキとくせい,ロストフラッグ,耐性増加,中,自身,地形がみずべ,-,-,-,
ウミネコ,とくせい,ばてばてヒリヒリ,耐性増加,高,味方全体,ラブリー属性の味方,-,-,-,
ウミネコ,キセキとくせい,ばてばてヒリヒリ,耐性増加,中,自身,地形がみずべ,-,-,-,
ウミネコ,キセキとくせい,あせあせ,耐性増加,中,自身,地形がみずべ,-,-,-,
ウミネコ,キセキとくせい,全ての状態異常に関連した能力,耐性増加,中,自身,地形がみずべ,-,-,-,
ウンピョウ,キセキとくせい,びりびり,耐性増加,高,味方全体,ファニー属性の味方,-,-,-,
エジプトガン,とくいわざ,くらくら,付与,-,相手単体,-,1ターン,低確率,-,
エジプトガン,キセキとくせい,どく,耐性増加,高,自身,-,-,-,-,
エジプトガン,キセキとくせい,ズキンズキン,耐性増加,高,自身,-,-,-,-,
エジプトガン,けものミラクル,ルンルンきぶん,解除,-,相手単体,-,-,高確率,-,必要MP100
エジプトガン,とくせい,いかく,付与,-,自身,-,-,-,-,
エゾヒグマ,けものミラクル,くらくら,付与,-,相手単体,リラックス属性の相手,1ターン,高確率,-,
エゾヒグマ,キセキとくせい,くらくら,耐性増加,高,自身,-,-,-,-,
エゾヒグマ,なないろとくせい,びりびり,耐性増加,高,味方全体,フレンドリー属性の味方,-,-,-,
エゾヒグマ,とくせい,かばう,付与,-,自身,自身が攻撃対象ではない,-,0.3,-,発動時、自身の被ダメージが10%減少
エゾユキウサギ,とくせい,ひやひや,耐性増加,高,味方全体,アクティブ属性の味方,-,-,-,
エゾユキウサギ,たいきスキル,いかく,付与,-,自身,-,1ターン,1,1回,
エダハヘラオヤモリ,とくせい,ぼんやりうっかり,耐性増加,高,味方全体,ラブリー属性の味方,-,-,-,
エダハヘラオヤモリ,けものミラクル,ちぐはぐリズム,付与,-,相手単体,アクティブ属性の相手,3ターン,高確率,-,必要MP90
エダハヘラオヤモリ,たいきスキル,かくれみ,付与,-,自身,-,2ターン,1,3回,
エダハヘラオヤモリ,とくせい,かくれみ,付与,-,自身,-,-,-,-,
エトピリカ,キセキとくせい,どく,耐性増加,中,味方全体,ファニー属性の味方,-,-,-,
エトピリカ,たいきスキル,どく,解除,-,自身,-,-,1,1回,
エトピリカ,たいきスキル,くたくた,解除,-,自身,-,-,1,1回,
エトピリカ,たいきスキル,ズキンズキン,解除,-,自身,-,-,1,1回,
エトピリカ,とくせい,からげんき,耐性増加,高,味方全体,ファニー属性の味方,-,-,-,
エトピリカ,たいきスキル,からげんき,解除,-,自身,-,-,1,1回,
エトピリカ,たいきスキル,ぼんやりうっかり,解除,-,自身,-,-,1,1回,
エトピリカ,たいきスキル,しょんぼりきぶん,解除,-,自身,-,-,1,1回,
エトピリカ,たいきスキル,びりびり,解除,-,自身,-,-,1,1回,
エトピリカ,たいきスキル,ちぐはぐリズム,解除,-,自身,-,-,1,1回,
エトピリカ,たいきスキル,ロストフラッグ,解除,-,自身,-,-,1,1回,
エトピリカ,たいきスキル,ばてばてヒリヒリ,解除,-,自身,-,-,1,1回,
エトピリカ,たいきスキル,全ての状態異常に関連した能力,解除,-,自身,-,-,1,1回,
エナガ,とくせい,ぼんやりうっかり,耐性増加,高,味方全体,フレンドリー属性の味方,-,-,-,
エナガ,たいきスキル,はねかえしむし,付与,-,味方全体,フレンドリー属性の味方,2ターン,1,2回,
エメラルドツリーボア,とくせい,すやすや,耐性増加,高,味方全体,アクティブ属性の味方,-,-,-,
エメラルドツリーボア,けものミラクル,びりびり,付与,-,相手単体,マイペース属性の相手,2ターン,高確率,-,
エメラルドツリーボア,とくせい,かくれみ,付与,少しだけ,自身,地形がジャングル,-,-,-,
エランド,たいきスキル,くらくら,耐性増加,中,味方全体,ファニー属性の味方,3ターン,1,2回,
エランド,キセキとくせい,くらくら,耐性増加,中,味方全体,ファニー属性の味方,-,-,-,
エランド,とくせい,くたくた,耐性増加,高,味方全体,ファニー属性の味方,-,-,-,
エランド,けものミラクル,ズキンズキン,付与,-,相手単体,-,2ターン,高確率,-,必要MP80
エリマキトカゲ,たいきスキル,毎ターンMP減少,解除,-,味方全体,ファニー属性の味方,-,1,2回,
エリマキトカゲ,キセキとくせい,かくれみ,付与,-,自身,たいりょくが50%以下,-,-,-,
えんぶ！,とくせい(変化前・後),くたくた,耐性増加,低~~(20%未満),自身,-,-,-,-,
オイナリサマ,けものミラクル,くらくら,付与,-,相手全体,アクティブ属性の相手,1ターン,高確率,-,
オイナリサマ,とくせい,どく,耐性増加,完全耐性,自身,-,-,-,-,
オイナリサマ,とくせい,くたくた,耐性増加,完全耐性,自身,-,-,-,-,
オイナリサマ,とくせい,ひやひや,耐性増加,完全耐性,自身,-,-,-,-,
オオアリクイ,とくせい,すやすや,耐性増加,高,自身,-,-,-,-,
オオアリクイ,キセキとくせい,ズキンズキン,耐性増加,高,味方全体,アクティブ属性の味方,-,-,-,
オオアルマジロ,なないろとくせい,かばう,付与,-,自身,自身が攻撃対象ではない,-,0.5,-,発動時、自身の被ダメージが15%減少
オオアルマジロ,キセキとくせい,いかく,付与,-~~(50),自身,-,-,-,-,
オオアルマジロ(フォト),とくせい(変化前・後),どく,耐性増加,低,味方全体,-,-,-,-,
オオウミガラス,とくせい,くらくら,耐性増加,高,自身,-,-,-,-,
オオウミガラス,キセキとくせい,くたくた,耐性増加,高,味方全体,マイペース属性の味方,-,-,-,
オオウミガラス,とくいわざ,からげんき,付与,-,相手単体,ラブリー属性の相手,2ターン,高確率,-,
オオウミガラス,たいきスキル,はねかえし,付与,反射率30%,味方全体,-,2ターン,1,1回,
オオカワウソ,とくいわざ,くらくら,付与,-,相手単体,-,1ターン,低確率,-,
オオカワウソ,たいきスキル,くらくら,耐性増加,完全耐性,自身,-,3ターン,1,1回,
オオカワウソ,けものミラクル,くらくら,耐性減少,低,相手単体,ファニー属性の相手,3ターン,高確率,-,必要MP100
オオカワウソ,たいきスキル,すやすや,耐性増加,完全耐性,自身,-,3ターン,1,1回,
オオカワウソ,たいきスキル,くたくた,耐性増加,完全耐性,自身,-,3ターン,1,1回,
オオカワウソ,けものミラクル,ズキンズキン,付与,-,相手単体,ファニー(赤)属性の相手,3ターン,高確率,-,
オオカワウソ,とくいわざ,ズキンズキン,付与,-,相手単体,-,1ターン,低確率,-,
オオカワウソ,けものミラクル,ぼんやりうっかり,耐性減少,低,相手単体,ファニー属性の相手,3ターン,高確率,-,必要MP100
オオカワウソ,とくせい,ばてばてヒリヒリ,耐性増加,高,味方全体,リラックス属性の味方,-,-,-,
オオサイチョウ,キセキとくせい,ちぐはぐリズム,耐性増加,高,味方全体,マイペース属性の味方,-,-,-,
オオサイチョウ,たいきスキル,いかく,付与,-,自身,-,1ターン,1,2回,
オーストラリアデビル,キセキとくせい,どく,耐性増加,高,味方全体,リラックス属性の味方,-,-,-,
オーストラリアデビル(桃),けものミラクル,ズキンズキン,付与,-,相手全体,-,3ターン,高確率,-,
オーストラリアデビル(桃),とくいわざ,ルンルンきぶん,解除,-,相手単体,アクティブ属性の相手,-,-,-,
オオセンザンコウ,けものミラクル,くたくた,付与,-,相手単体,-,2ターン,高確率,-,
オオタカ,とくせい,くたくた,耐性増加,高,自身,-,-,-,-,
オオタカ(赤),とくせい,からげんき,耐性増加,高,味方全体,ファニー属性の味方,-,-,-,
オオフウチョウ,とくせい,すやすや,耐性増加,高,自身,-,-,-,-,
オオフウチョウ,たいきスキル,いかく,付与,-,自身,-,1ターン,1,2回,
オオフウチョウ(フォト),とくせい(変化前・後),いかく,付与,-,自身,たいりょく50%以上,-,-,-,-
オオミミギツネ,とくいわざ,くたくた,付与,-,相手単体,-,1ターン,中確率,-,
オオミミギツネ,たいきスキル,くたくた,付与,-,相手単体,-,2ターン,低確率,3回,
オオミミギツネ(緑),とくいわざ,くたくた,付与,-,相手単体,リラックス、フレンドリー属性の相手,1ターン,高確率,-,
オオミミギツネ(緑),たいきスキル,くたくた,解除,-,味方全体,フレンドリー属性の味方,-,1,2回,
オオミミギツネ(緑),とくせい,あせあせ,耐性増加,高,味方全体,フレンドリー、ファニー属性の味方,-,-,-,
オオミミギツネ(緑),けものミラクル,ルンルンきぶん,付与,-,味方全体,-,3ターン,-,-,必要MP140
オーロックス,とくせい,くらくら,耐性増加,完全耐性,自身,-,-,-,-,
オーロックス,とくせい,どく,耐性増加,完全耐性,自身,-,-,-,-,
オーロックス,とくせい,すやすや,耐性増加,完全耐性,自身,-,-,-,-,
オーロックス,とくせい,くたくた,耐性増加,完全耐性,自身,-,-,-,-,
オーロックス,とくせい,ひやひや,耐性増加,完全耐性,自身,-,-,-,-,
オーロックス,けものミラクル,ズキンズキン,付与,-,相手単体,リラックス属性の相手,3ターン,高確率,-,
オーロックス,とくいわざ,ズキンズキン,付与,-,相手単体,-,2ターン,高確率,-,
オーロックス,とくせい,ズキンズキン,耐性増加,完全耐性,自身,-,-,-,-,
オーロックス,とくせい,からげんき,耐性増加,完全耐性,自身,-,-,-,-,
オーロックス,とくせい,ぼんやりうっかり,耐性増加,完全耐性,自身,-,-,-,-,
オーロックス,とくせい,しょんぼりきぶん,耐性増加,完全耐性,自身,-,-,-,-,
オーロックス,とくせい,びりびり,耐性増加,完全耐性,自身,-,-,-,-,
オーロックス,とくせい,ちぐはぐリズム,耐性増加,完全耐性,自身,-,-,-,-,
オーロックス,とくせい,ロストフラッグ,耐性増加,完全耐性,自身,-,-,-,-,
オーロックス,とくせい,ばてばてヒリヒリ,耐性増加,完全耐性,自身,-,-,-,-,
オーロックス,とくせい,あせあせ,耐性増加,完全耐性,自身,-,-,-,-,
オーロックス,とくせい,全ての状態異常に関連した能力,耐性増加,完全耐性,自身,-,-,-,-,
オカピ,とくいわざ,くたくた,付与,-,相手単体,-,2ターン,低確率,-,
オカピ,とくせい,ひやひや,耐性増加,高,自身,-,-,-,-,
オカピ,とくせい,しょんぼりきぶん,耐性増加,高,自身,-,-,-,-,
オカピ,とくせい,かくれみ,付与,-,自身,-,-,-,-,
オグロスナギツネ,キセキとくせい,ばてばてヒリヒリ,耐性増加,高,味方全体,アクティブ属性の味方,-,-,-,
オグロヌー,とくいわざ,くたくた,付与,-,相手単体,-,1ターン,中確率,-,
オグロプレーリードッグ,たいきスキル,かくれみ,付与,少しだけ,自身,-,1ターン,0.5,4回,
オコジョ,とくせい,ひやひや,耐性増加,高,味方全体,マイペース属性の味方,-,-,-,
おすすめのばしょでち！,とくせい(変化前・後),くらくら,耐性減少,低~~(30%),相手全体,アクティブ属性の相手,-,-,-,
オセロット,けものミラクル,どく,解除,-,自身,-,-,-,-,必要MP80
オセロット,とくせい,すやすや,付与,-,自身,自身のたいりょくが~~50%以下になったとき,3ターン,高確率,1回,
オセロット,けものミラクル,ズキンズキン,解除,-,自身,-,-,-,-,必要MP80
オセロット,けものミラクル,からげんき,解除,-,自身,-,-,-,-,必要MP80
オセロット,とくせい,ぼんやりうっかり,耐性増加,高,味方全体,フレンドリー属性の味方,-,-,-,
オセロット,けものミラクル,ぼんやりうっかり,解除,-,自身,-,-,-,-,必要MP80
オセロット,けものミラクル,しょんぼりきぶん,解除,-,自身,-,-,-,-,必要MP80
オセロット,けものミラクル,びりびり,解除,-,自身,-,-,-,-,必要MP80
オセロット,けものミラクル,ちぐはぐリズム,解除,-,自身,-,-,-,-,必要MP80
オセロット,けものミラクル,ロストフラッグ,解除,-,自身,-,-,-,-,必要MP80
オセロット,けものミラクル,あせあせ,解除,-,自身,-,-,-,-,必要MP80
オセロット,けものミラクル,全ての状態異常に関連した能力,解除,-,自身,-,-,-,-,必要MP80
オセロット,とくせい,かくれみ,付与,-,自身,自身のたいりょくが~~50%以下になったとき,3ターン,高確率,1回,
おはなみびより,とくせい(変化前),かくれみ,付与,少しだけ,自身,たいりょくが50%以下のとき,-,-,-,-
おはなみびより,とくせい(変化後),かくれみ,付与,少しだけ~~(2),自身,たいりょくが50%以下のとき,-,-,-,-
オランウータン,とくいわざ,くらくら,付与,-,相手単体,ファニー属性の相手,1ターン,低確率,-,
オランウータン,とくいわざ,しょんぼりきぶん,付与,-,相手単体,ファニー属性の相手,1ターン,低確率,-,
オランウータン,とくせい,ロストフラッグ,耐性増加,高,味方全体,リラックス属性の味方,-,-,-,
お待たせいたしました！,とくせい(変化前・後),いかく,付与,-,自身,-,-,-,-,-
お届けの準備です～♪,とくせい(変化前),どく,耐性増加,中~~(50%未満),自身,たいりょく50%以上,-,-,-,
お届けの準備です～♪,とくせい(変化後),どく,耐性増加,中~~(50%未満),自身,-,-,-,-,
お料理教室,とくせい(変化前),ひやひや,耐性増加,低~~(20%超),自身,-,-,-,-,
お料理教室,とくせい(変化後),ひやひや,耐性増加,中~~(50%超),自身,-,-,-,-,
カグヤコウモリ,けものミラクル,しょんぼりきぶん,付与,-,相手単体,ファニー属性の相手,2ターン,中確率,-,
カグヤコウモリ,キセキとくせい,しょんぼりきぶん,耐性増加,高,自身,ステージ時間が夜,-,-,-,
かくれんぼ,とくせい(変化前・後),ばてばてヒリヒリ,耐性増加,中~~(50%未満),自身,-,-,-,-,
カコミスル,とくせい,ロストフラッグ,耐性増加,高,味方全体,ファニー属性の味方,-,-,-,
カコミスル,たいきスキル,コチョコチョマスター,付与,発生率+70%~~成功率+50%,自身,-,1ターン,0.8,3回,
カタカケフウチョウ,けものミラクル,くらくら,付与,-,相手全体,-,1ターン,中確率,-,
ガチャピン,キセキとくせい,くらくら,耐性増加,高,自身,-,-,-,-,
ガチャピン,とくせい,くたくた,耐性増加,高,自身,ギブアップ中ではない味方が3人以上,-,-,-,
ガチャピン,とくせい,からげんき,耐性増加,高,自身,ギブアップ中ではない味方が3人以上,-,-,-,
ガチャピン,キセキとくせい,しょんぼりきぶん,耐性増加,高,自身,-,-,-,-,
ガチャピン,とくいわざ,びりびり,付与,-,相手単体,リラックス属性の相手,1ターン,中確率,-,
ガチャピン,キセキとくせい,びりびり,耐性増加,高,自身,-,-,-,-,
ガチャピン,とくせい,ばてばてヒリヒリ,耐性増加,高,味方全体,フレンドリー属性の味方,-,-,-,
かっこよく？がおー！,とくせい(変化前・後),いかく,付与,-~~(100),自身,-,-,-,-,-
カナダオオヤマネコ,とくいわざ,ひやひや,付与,3回,相手単体,-,-,高確率,-,
カナダオオヤマネコ,けものミラクル,ひやひや,解除,-,相手単体,-,-,-,-,必要MP90
カナダオオヤマネコ,キセキとくせい,びりびり,耐性増加,高,味方全体,アクティブ属性の味方,-,-,-,
カニクイアライグマ,たいきスキル,はねかえし,解除,-,相手全体,ファニー属性の相手,-,1,3回,
カニクイアライグマ(フォト),とくせい(変化後),ルンルンきぶん,付与,-,自身,たいりょく50%以下,-,-,-,
カバ,とくいわざ,くらくら,付与,-,相手単体,フレンドリー属性の相手,1ターン,中確率,-,
カバ,とくせい,くらくら,耐性増加,高,味方全体,ファニー属性の味方,-,-,-,
カピバラ,けものミラクル,ひやひや,耐性増加,高,自身,-,5ターン,-,-,
カフェのひととき,とくせい(変化前),びりびり,耐性増加,中~~(50%未満),自身,たいりょく40%以上,-,-,-,
カフェのひととき,とくせい(変化後),びりびり,耐性増加,中,自身,-,-,-,-,
カマイタチ・治,とくいわざ,どく,付与,-,相手単体,-,2ターン,中確率,-,
カマイタチ・治,けものミラクル,どく,解除,-,味方全体,-,-,-,-,必要MP120
カマイタチ・治,とくいわざ,ズキンズキン,付与,-,相手単体,-,2ターン,中確率,-,
カマイタチ・治,けものミラクル,ズキンズキン,解除,-,味方全体,-,-,-,-,必要MP120
カマイタチ・治,とくせい,からげんき,耐性増加,高,味方全体,フレンドリー属性の味方,-,-,-,
カマイタチ・治,とくいわざ,ばてばてヒリヒリ,付与,-,相手単体,-,2ターン,中確率,-,
カマイタチ・治,けものミラクル,ばてばてヒリヒリ,解除,-,味方全体,-,-,-,-,必要MP120
カマイタチ・切,とくいわざ,どく,付与,-,相手単体,セルリアン戦,2ターン,高確率,-,
カマイタチ・切,けものミラクル,ズキンズキン,付与,-,相手単体,-,2ターン,中確率,-,必要MP120
カマイタチ・切,とくいわざ,ズキンズキン,付与,-,相手単体,-,2ターン,高確率,-,
カマイタチ・切,とくせい,ぼんやりうっかり,耐性増加,高,味方全体,マイペース属性の味方,-,-,-,
カマイタチ・切,けものミラクル,びりびり,付与,-,相手単体,-,2ターン,中確率,-,必要MP120
カマイタチ・転,けものミラクル,くらくら,付与,-,相手単体,-,1ターン,高確率,-,必要MP80
カマイタチ・転,とくせい,ひやひや,耐性増加,高,味方全体,ファニー属性の味方,-,-,-,
カマイタチ・転,とくせい,ちぐはぐリズム,耐性増加,高,自身,ギブアップ中ではない味方が3人,-,-,-,
カマイタチ・転(フォト),とくせい(変化前),くらくら,耐性減少,低,相手全体,たいりょく70%以上~~フレンドリー属性の相手,-,-,-,
カマイタチ・転(フォト),とくせい(変化後),くらくら,耐性減少,低,相手全体,たいりょく50%以上~~フレンドリー属性の相手,-,-,-,
カムチャッカオオヒグマ,キセキとくせい,ひやひや,耐性増加,高,味方全体,アクティブ属性の味方,-,-,-,
カモノハシ,とくいわざ,くらくら,付与,-,相手単体,-,2ターン,中確率,-,
カモノハシ,けものミラクル,どく,付与,-,相手単体,-,2ターン,中確率,-,必要MP80
カモノハシ,たいきスキル,どく,解除,-,自身,-,-,1,3回,
カモノハシ,たいきスキル,くたくた,解除,-,自身,-,-,1,3回,
カモノハシ,たいきスキル,ズキンズキン,解除,-,自身,-,-,1,3回,
カモノハシ,たいきスキル,からげんき,解除,-,自身,-,-,1,3回,
カモノハシ,たいきスキル,ぼんやりうっかり,解除,-,自身,-,-,1,3回,
カモノハシ,たいきスキル,しょんぼりきぶん,解除,-,自身,-,-,1,3回,
カモノハシ,けものミラクル,びりびり,付与,-,相手単体,-,2ターン,中確率,-,必要MP80
カモノハシ,たいきスキル,びりびり,解除,-,自身,-,-,1,3回,
カモノハシ,たいきスキル,ちぐはぐリズム,解除,-,自身,-,-,1,3回,
カモノハシ,たいきスキル,ロストフラッグ,解除,-,自身,-,-,1,3回,
カモノハシ,とくせい,ばてばてヒリヒリ,耐性増加,高,味方全体,ファニー属性の味方,-,-,-,
カモノハシ,たいきスキル,ばてばてヒリヒリ,解除,-,自身,-,-,1,3回,
カモノハシ,たいきスキル,全ての状態異常に関連した能力,解除,-,自身,-,-,1,3回,
カラカル,キセキとくせい,ぼんやりうっかり,耐性増加,高,味方全体,ファニー属性の味方,-,-,-,
カラカル(桃),とくせい,ぼんやりうっかり,耐性増加,高,味方全体,ラブリー属性の味方,-,-,-,
カラカル(桃),とくいわざ,ちぐはぐリズム,付与,-,相手単体,アクティブ属性の相手,1ターン,高確率,-,
カラカル(桃),たいきスキル,はねかえしむし,付与,-,味方全体,ラブリー属性の味方,2ターン,1,2回,
カリフォルニアアシカ,たいきスキル,すやすや,付与,-,相手単体,-,2ターン,0.1,2回,
カルガモ,なないろとくせい,くらくら,耐性増加,中,自身,たいりょく50%以上,-,-,-,
カルガモ,とくせい,くらくら,耐性増加,高,自身,-,-,-,-,
カルガモ,なないろとくせい,どく,耐性増加,中,自身,たいりょく50%以上,-,-,-,
カルガモ,なないろとくせい,すやすや,耐性増加,中,自身,たいりょく50%以上,-,-,-,
カルガモ,なないろとくせい,くたくた,耐性増加,中,自身,たいりょく50%以上,-,-,-,
カルガモ,なないろとくせい,ひやひや,耐性増加,中,自身,たいりょく50%以上,-,-,-,
カルガモ,なないろとくせい,ズキンズキン,耐性増加,中,自身,たいりょく50%以上,-,-,-,
カルガモ,なないろとくせい,からげんき,耐性増加,中,自身,たいりょく50%以上,-,-,-,
カルガモ,なないろとくせい,ぼんやりうっかり,耐性増加,中,自身,たいりょく50%以上,-,-,-,
カルガモ,なないろとくせい,しょんぼりきぶん,耐性増加,中,自身,たいりょく50%以上,-,-,-,
カルガモ,なないろとくせい,びりびり,耐性増加,中,自身,たいりょく50%以上,-,-,-,
カルガモ,なないろとくせい,ちぐはぐリズム,耐性増加,中,自身,たいりょく50%以上,-,-,-,
カルガモ,なないろとくせい,ロストフラッグ,耐性増加,中,自身,たいりょく50%以上,-,-,-,
カルガモ,なないろとくせい,ばてばてヒリヒリ,耐性増加,中,自身,たいりょく50%以上,-,-,-,
カルガモ,なないろとくせい,あせあせ,耐性増加,中,自身,たいりょく50%以上,-,-,-,
カルガモ,なないろとくせい,全ての状態異常に関連した能力,耐性増加,中,自身,たいりょく50%以上,-,-,-,
カルガモ,とくせい,かばう,付与,-,自身,たいりょくが50%以上~~自身が攻撃対象ではない,-,0.3,-,発動時、自身の被ダメージが10%減少
カルガモ,けものミラクル,いかく,付与,大幅に,自身,-,2ターン,-,-,
カワウ,とくせい,ばてばてヒリヒリ,耐性増加,高,味方全体,ファニー属性の味方,-,-,-,
カワラバト,とくせい,くらくら,耐性増加,高,味方全体,マイペース属性の味方,-,-,-,
カワラバト,たいきスキル,どく,解除,-,自身,-,-,1,1回,
カワラバト,たいきスキル,くたくた,解除,-,自身,-,-,1,1回,
カワラバト,たいきスキル,ズキンズキン,解除,-,自身,-,-,1,1回,
カワラバト,たいきスキル,からげんき,解除,-,自身,-,-,1,1回,
カワラバト,たいきスキル,ぼんやりうっかり,解除,-,自身,-,-,1,1回,
カワラバト,たいきスキル,しょんぼりきぶん,解除,-,自身,-,-,1,1回,
カワラバト,たいきスキル,びりびり,解除,-,自身,-,-,1,1回,
カワラバト,たいきスキル,ちぐはぐリズム,解除,-,自身,-,-,1,1回,
カワラバト,たいきスキル,ロストフラッグ,解除,-,自身,-,-,1,1回,
カワラバト,たいきスキル,ばてばてヒリヒリ,解除,-,自身,-,-,1,1回,
カワラバト,たいきスキル,全ての状態異常に関連した能力,解除,-,自身,-,-,1,1回,
カンザシフウチョウ,けものミラクル,どく,解除,-,味方全体,リラックス属性の味方,-,-,-,必要MP90
カンジキウサギ,キセキとくせい,ひやひや,耐性減少,低,相手全体,アクティブ属性の相手,-,-,-,
カンジキウサギ,けものミラクル,毎ターンMP減少,解除,-,味方全体,ラブリー属性の味方,-,-,-,必要MP110
カンジキウサギ,とくせい,いかく,付与,-~~(70),自身,-,-,-,-,
カンジキウサギ,とくせい,かくれみ,付与,-~~(5),自身を除く~~味方全体,ラブリー属性の味方,-,-,-,
キジ,たいきスキル,くらくら,耐性増加,高,自身,-,2ターン,1,∞,
キジ,たいきスキル,すやすや,耐性増加,高,自身,-,2ターン,1,∞,
キジ,けものミラクル,くたくた,付与,-,相手単体,アクティブ属性,1ターン,高確率,-,
キジ,たいきスキル,くたくた,耐性増加,高,自身,-,2ターン,1,∞,
キジ,たいきスキル,ひやひや,耐性増加,高,自身,-,2ターン,1,∞,
キジ,たいきスキル,びりびり,耐性増加,高,自身,-,2ターン,1,∞,
キタキツネ,とくいわざ,くらくら,付与,-,相手単体,-,1ターン,低確率,-,
キタキツネ,とくせい,くらくら,耐性増加,高,味方全体,ラブリー属性の味方,-,-,-,
キタキツネ(青),とくいわざ,くらくら,付与,-,相手単体,-,1ターン,低確率,-,
キタキツネ(青),とくせい,ズキンズキン,耐性増加,高,自身,-,-,-,-,
キタキツネ(青),とくせい,はねかえしむし,付与,-,自身,-,-,-,-,
キタコアリクイ,とくせい,どく,耐性増加,高,味方全体,アクティブ属性の味方,-,-,-,
キタコアリクイ,とくいわざ,ズキンズキン,付与,-,相手単体,マイペース属性の相手,2ターン,高確率,-,
キタコアリクイ,キセキとくせい,ズキンズキン,耐性増加,高,自身,-,-,-,-,
キタコアリクイ,けものミラクル,からげんき,付与,-,相手単体,-,2ターン,高確率,-,必要MP110
キタコアリクイ,とくせい,はねかえしむし,付与,-,自身,-,-,-,-,
キットギツネ,とくせい,くらくら,耐性増加,中,味方全体,マイペース属性の味方~~ギブアップ中ではない~~味方が3人以上,-,-,-,
キットギツネ,キセキとくせい,しょんぼりきぶん,耐性増加,高,味方全体,マイペース属性の味方,-,-,-,
キティサーバル,キセキとくせい,ルンルンきぶん,付与,-,自身,-,-,-,-,
キティサーバル,たいきスキル,はねかえしむし,付与,-,自身,-,3ターン,1,3回,
キュウビキツネ,とくいわざ,どく,付与,-,相手単体,-,2ターン,中確率,-,
キュウビキツネ,とくせい,しょんぼりきぶん,耐性増加,高,味方全体,フレンドリー属性の味方,-,-,-,
キュウビキツネ,とくいわざ,ばてばてヒリヒリ,付与,-,相手単体,-,2ターン,低確率,-,
ギョクリュウ,けものミラクル,ズキンズキン,付与,-,相手全体,-,3ターン,高確率,-,必要MP130
ギョクリュウ,とくいわざ,ズキンズキン,付与,-,相手単体,-,3ターン,高確率,-,
ギョクリュウ,とくせい,どく,耐性増加,高,味方全体,リラックス、マイペース属性の味方,-,-,-,
ギョクリュウ,とくせい,からげんき,耐性増加,高,自身,たいりょくが50%以下,-,-,-,
ギロロ,けものミラクル,くらくら,付与,-,相手単体,-,2ターン,高確率,-,必要MP120
ギロロ,キセキとくせい,くらくら,耐性増加,高,自身,ギブアップ中ではない~~味方が1人,-,-,-,
ギロロ,キセキとくせい,どく,耐性増加,高,自身,ギブアップ中ではない~~味方が1人,-,-,-,
ギロロ,キセキとくせい,すやすや,耐性増加,高,自身,ギブアップ中ではない~~味方が1人,-,-,-,
ギロロ,とくせい,くたくた,耐性増加,高,味方全体,ラブリー属性の味方,-,-,-,
ギロロ,キセキとくせい,くたくた,耐性増加,高,自身,ギブアップ中ではない~~味方が1人,-,-,-,
ギロロ,キセキとくせい,ひやひや,耐性増加,高,自身,ギブアップ中ではない~~味方が1人,-,-,-,
ギロロ,キセキとくせい,ズキンズキン,耐性増加,高,自身,ギブアップ中ではない~~味方が1人,-,-,-,
ギロロ,キセキとくせい,からげんき,耐性増加,高,自身,ギブアップ中ではない~~味方が1人,-,-,-,
ギロロ,キセキとくせい,ぼんやりうっかり,耐性増加,高,自身,ギブアップ中ではない~~味方が1人,-,-,-,
ギロロ,キセキとくせい,しょんぼりきぶん,耐性増加,高,自身,ギブアップ中ではない~~味方が1人,-,-,-,
ギロロ,キセキとくせい,びりびり,耐性増加,高,自身,ギブアップ中ではない~~味方が1人,-,-,-,
ギロロ,キセキとくせい,ちぐはぐリズム,耐性増加,高,自身,ギブアップ中ではない~~味方が1人,-,-,-,
ギロロ,キセキとくせい,ロストフラッグ,耐性増加,高,自身,ギブアップ中ではない~~味方が1人,-,-,-,
ギロロ,とくいわざ,ばてばてヒリヒリ,付与,-,相手全体,-,2ターン,中確率,-,
ギロロ,キセキとくせい,ばてばてヒリヒリ,耐性増加,高,自身,ギブアップ中ではない~~味方が1人,-,-,-,
ギロロ,キセキとくせい,あせあせ,耐性増加,高,自身,ギブアップ中ではない~~味方が1人,-,-,-,
ギロロ,キセキとくせい,全ての状態異常に関連した能力,耐性増加,高,自身,ギブアップ中ではない~~味方が1人,-,-,-,
ギロロ,とくせい,かくれみ,付与,-,自身,ギブアップ中ではない~~味方が2人以上,-,-,-,
キンイロジャッカル,とくせい,すやすや,耐性増加,高,味方全体,フレンドリー属性の味方,-,-,-,
キンイロジャッカル,キセキとくせい,かばう,付与,-,自身,たいりょく50%以上~~自身が攻撃対象ではない,-,0.5,-,
キンイロジャッカル,けものミラクル,いかく,付与,大幅に,自身,-,3ターン,-,-,必要MP110
ギンギツネ(水),とくせい,どく,耐性増加,高,自身,-,-,-,-,
ギンギツネ(水),キセキとくせい,すやすや,耐性増加,高,味方全体,マイペース属性の味方,-,-,-,
ギンギツネ(水),とくせい,ひやひや,耐性増加,高,自身,-,-,-,-,
キングコブラ,とくいわざ,どく,付与,-,相手単体,-,2ターン,高確率,-,
キングコブラ,けものミラクル,どく,付与,-,相手全体,-,3ターン,高確率,-,
キングコブラ,なないろとくせい,どく,耐性減少,中~~(50%),相手全体,リラックス属性の相手,-,-,-,
キングチーター,とくせい,すやすや,耐性増加,高,味方全体,リラックス属性の味方,-,-,-,
キングペンギン,とくせい,ぼんやりうっかり,耐性増加,高,味方全体,フレンドリー属性の味方,-,-,-,
キンシャチ,とくせい,ひやひや,耐性増加,高,味方全体,マイペース属性の味方,-,-,-,
キンシャチ,けものミラクル,しょんぼりきぶん,解除,-,自身,-,-,高確率,-,必要MP130
キンシャチ,キセキとくせい,あせあせ,耐性増加,高,味方全体,マイペース属性の味方,-,-,-,
キンシャチ,けものミラクル,ルンルンきぶん,付与,-,自身,-,3ターン,-,-,必要MP130
キンシャチ,たいきスキル,はねかえし,付与,反射率50%,自身,-,2ターン,1,2回,
クジャク,とくせい,どく,耐性増加,完全耐性,自身,-,-,-,-,
クズリ,とくせい,ロストフラッグ,耐性増加,高,味方全体,アクティブ属性の味方,-,-,-,
クズリ,キセキとくせい,はねかえしむし,付与,-,自身,-,-,-,-,
クビワペッカリー,とくいわざ,くらくら,付与,-,相手単体,-,2ターン,低確率,-,
クビワペッカリー,とくせい,ひやひや,耐性増加,高,味方全体,ラブリー属性の味方,-,-,-,
クラハシコウ,とくせい,くらくら,耐性増加,高,味方全体,マイペース属性の味方,-,-,-,
グリズリー,とくせい,ロストフラッグ,耐性増加,高,味方全体,ファニー属性の味方,-,-,-,
クロサイ,たいきスキル,いかく,付与,少し~~(50),自身,-,3ターン,1,1回,
クロサイ(緑),けものミラクル,くらくら,付与,-,相手単体,-,1ターン,高確率,-,必要MP90
クロサイ(緑),とくせい,すやすや,耐性増加,高,味方全体,フレンドリー属性の味方,-,-,-,
クロサイ(緑),たいきスキル,はねかえし,付与,反射率75%,自身,-,3ターン,1,1回,
クロサイ(緑),キセキとくせい,いかく,付与,-,自身,-,-,-,-,
クロテン,たいきスキル,ルンルンきぶん,解除,-,相手全体,ファニー属性の相手,-,1,2回,
クロトキ,とくせい,ひやひや,耐性増加,高,自身,-,-,-,-,
クロトキ,キセキとくせい,かくれみ,付与,-,自身,たいりょく50%以下,-,-,-,
クロヒョウ,けものミラクル,くらくら,付与,-,相手単体,ファニー属性の相手,1ターン,高確率,-,
クロヒョウ,とくせい,ズキンズキン,耐性増加,高,味方全体,リラックス属性の味方,-,-,-,
クロヒョウ,とくせい,はねかえしむし,付与,-,自身,-,-,-,-,
ケープペンギン,けものミラクル,くたくた,付与,-,相手単体,フレンドリー属性の相手,1ターン,高確率,-,
ケープペンギン,とくせい,ズキンズキン,耐性増加,高,味方全体,ファニー属性の味方,-,-,-,
ケープペンギン,とくせい,いかく,付与,-,自身,-,-,-,-,
ケープライオン,とくせい,ぼんやりうっかり,耐性増加,高,味方全体,リラックス属性の味方,-,-,-,
ケツァール,とくせい,ズキンズキン,耐性増加,高,自身,-,-,-,-,
ケツァール,とくいわざ,ぼんやりうっかり,付与,-,相手単体,-,2ターン,中確率,-,
ケルベロス,とくいわざ,ぼんやりうっかり,付与,-,相手単体,-,1ターン,中確率,-,
ケルベロス,とくせい,ちぐはぐリズム,耐性増加,高,味方全体,リラックス属性の味方,-,-,-,
ケロロ,とくせい,はねかえしむし,付与,-,自身,-,-,-,-,
ケロロ,キセキとくせい,ためこみ上手,付与,-,自身,-,-,-,-,
ゲンブ,とくいわざ,ぼんやりうっかり,付与,-,相手単体,相手3体以上の場合,1ターン,高確率,-,
ゲンブ,けものミラクル,かばう,付与,-,自身,自身が攻撃対象ではない,1ターン,1,-,発動時、自身の被ダメージが90%減少
コアラ,とくせい,くらくら,耐性増加,高,自身,-,-,-,-,
コアラ,とくせい,どく,耐性増加,高,自身,-,-,-,-,
コアラ,とくいわざ,からげんき,付与,-,相手単体,ラブリー属性の相手,2ターン,高確率,-,
コアラ,キセキとくせい,はねかえしむし,付与,-,自身,-,-,-,-,
コアラ,たいきスキル,はねかえし,解除,-,相手全体,ラブリー属性の相手,-,1,2回,
コウテイペンギン,キセキとくせい,くたくた,耐性増加,高,味方全体,リラックス属性の味方,-,-,-,
コウテイペンギン,とくいわざ,ズキンズキン,付与,-,相手単体,ファニー属性の相手,2ターン,低確率,-,
コウテイペンギン,なないろとくせい,ズキンズキン,耐性減少,低,相手全体,ファニー属性の相手,-,-,-,
コウノトリ,とくいわざ,ズキンズキン,付与,-,相手単体,アクティブ属性の相手,2ターン,高確率,-,
コウノトリ,とくせい,ズキンズキン,耐性増加,高,味方全体,ラブリー属性の味方,-,-,-,
コウノトリ,とくせい,いかく,付与,-,自身,-,-,-,-,
ゴールデンタビータイガー,けものミラクル,ズキンズキン,付与,-,相手単体,フレンドリー属性の相手,3ターン,高確率,-,
ゴールデンタビータイガー,とくせい,しょんぼりきぶん,耐性増加,高,自身,-,-,-,-,
ゴールデンタビータイガー,キセキとくせい,はねかえし,付与,反射率80%,自身,自身が状態異常のとき,-,-,-,
ゴールデンタビータイガー,たいきスキル,毎ターンMP減少,解除,-,味方全体,ファニー属性の味方,-,1,2回,
ゴシンギュウサマ,たいきスキル,どく,解除,-,自身,-,-,1,3回,
ゴシンギュウサマ,たいきスキル,すやすや,付与,-,自身,-,2ターン,高確率~~たいき発動率100%,3回,
ゴシンギュウサマ,とくせい,すやすや,付与,-,自身,たいりょくが~~50%以下になったとき,2ターン,高確率,1回,
ゴシンギュウサマ,たいきスキル,くたくた,解除,-,自身,-,-,1,3回,
ゴシンギュウサマ,たいきスキル,ズキンズキン,解除,-,自身,-,-,1,3回,
ゴシンギュウサマ,たいきスキル,からげんき,解除,-,自身,-,-,1,3回,
ゴシンギュウサマ,けものミラクル,ぼんやりうっかり,付与,-,相手全体,-,1ターン,高確率,-,
ゴシンギュウサマ,たいきスキル,ぼんやりうっかり,解除,-,自身,-,-,1,3回,
ゴシンギュウサマ,たいきスキル,しょんぼりきぶん,解除,-,自身,-,-,1,3回,
ゴシンギュウサマ,たいきスキル,びりびり,解除,-,自身,-,-,1,3回,
ゴシンギュウサマ,たいきスキル,ちぐはぐリズム,解除,-,自身,-,-,1,3回,
ゴシンギュウサマ,たいきスキル,ロストフラッグ,解除,-,自身,-,-,1,3回,
ゴシンギュウサマ,たいきスキル,ばてばてヒリヒリ,解除,-,自身,-,-,1,3回,
ゴシンギュウサマ,たいきスキル,全ての状態異常に関連した能力,解除,-,自身,-,-,1,3回,
ゴシンギュウサマ,とくいわざ,ルンルンきぶん,解除,-,相手単体,フレンドリー属性の相手,-,-,-,
こたつでみかん,とくせい(変化前),ひやひや,耐性増加,中~~(50%未満),自身,-,-,-,-,
こたつでみかん,とくせい(変化後),ひやひや,耐性増加,中,自身,-,-,-,-,
コツメカワウソ,とくいわざ,くらくら,付与,-,相手単体,-,1ターン,低確率,-,
コツメカワウソ,けものミラクル,くらくら,付与,-,相手単体,フレンドリー属性の相手,1ターン,高確率,-,
コツメカワウソ,キセキとくせい,くらくら,耐性増加,高,自身,-,-,-,-,
コツメカワウソ(黄緑),とくせい,ひやひや,耐性増加,高,自身,-,-,-,-,
コツメカワウソ(黄緑),とくいわざ,からげんき,付与,-,相手単体,マイペース属性の相手,1ターン,高確率,-,
コディアックヒグマ,キセキとくせい,からげんき,耐性増加,高,味方全体,リラックス属性の味方,-,-,-,
コディアックヒグマ,とくせい,はねかえしむし,付与,-,自身,-,-,-,-,
コディアックヒグマ,けものミラクル,いかく,付与,大幅に,自身,-,1ターン,-,-,
コモドドラゴン,とくいわざ,どく,付与,-,相手単体,-,2ターン,高確率,-,
コモドドラゴン,けものミラクル,どく,付与,-,相手全体・味方全体,-,3ターン,高確率,-,
コモドドラゴン,キセキとくせい,どく,耐性増加,中,味方全体,自身がギブアップ状態でないとき,-,-,-,
コモドドラゴン,とくせい,どく,耐性増加,完全耐性,自身,-,-,-,-,
コモドドラゴン,なないろとくせい,どく,耐性減少,中~~(50%),相手全体,自身がギブアップ状態でない,-,-,-,
コモドドラゴン(桃),とくいわざ,どく,付与,-,相手単体,-,4ターン,高確率,-,
コモドドラゴン(桃),キセキとくせい,どく,付与,-,自身,たいりょくが80%以下~~になったとき,-,-,1回,推定付与率100%
コモドドラゴン(桃),けものミラクル,どく,耐性増加,完全耐性,自身を除く~~味方全体,-,3ターン,-,-,必要MP120
コモドドラゴン(桃),けものミラクル,どく,解除,-,自身を除く~~味方全体,-,-,-,-,必要MP120
コモドドラゴン(桃),たいきスキル,ルンルンきぶん,解除,-,相手全体,アクティブ、マイペース~~属性の相手,-,1,3回,
コモドドラゴン(桃),たいきスキル,いかく,付与,-,自身,-,2ターン,1,3回,
コモドドラゴン(桃),とくせい,いかく,付与,-,自身,自身がどく状態,-,-,-,
コヨーテ,とくせい,ちぐはぐリズム,耐性増加,高,味方全体,アクティブ属性の味方,-,-,-,
ゴリラ,なないろとくせい,ズキンズキン,耐性増加,高,自身,-,-,-,-,
ゴリラ,とくいわざ,いかく,付与,-,自身,-,2ターン,-,-,
ゴルゴプスカバ,けものミラクル,くらくら,付与,-,相手単体,フレンドリー属性の相手,1ターン,高確率,-,
ゴルゴプスカバ,とくいわざ,くらくら,付与,-,相手単体,フレンドリー属性の相手,1ターン,中確率,-,
ゴルゴプスカバ,たいきスキル,はねかえし,解除,-,相手全体,フレンドリー属性の相手,-,1,∞,
コンゴウインコ,とくせい,どく,耐性増加,高,自身,-,-,-,-,
サーバル,けものミラクル,くたくた,付与,-,相手単体,-,1ターン,高確率,-,
サーバル,キセキとくせい,ためこみ上手,付与,-,自身,-,-,-,-,
サーベルタイガー,とくせい,くらくら,耐性増加,高,味方全体,リラックス属性の味方,-,-,-,
サーベルタイガー,キセキとくせい,はねかえし,付与,反射率80%,自身,-,-,-,,
サバンナシマウマ,とくせい,かくれみ,付与,-,自身,地形がサバンナ,-,-,-,2023年4月上方修正前は「少しだけ」
サバンナシマウマ(黄緑),とくせい,くらくら,耐性増加,中,自身,-,-,-,-,
サバンナシマウマ(黄緑),とくせい,どく,耐性増加,中,自身,-,-,-,-,
サバンナシマウマ(黄緑),とくせい,すやすや,耐性増加,中,自身,-,-,-,-,
サバンナシマウマ(黄緑),とくせい,くたくた,耐性増加,中,自身,-,-,-,-,
サバンナシマウマ(黄緑),とくせい,ひやひや,耐性増加,中,自身,-,-,-,-,
サバンナシマウマ(黄緑),とくせい,ズキンズキン,耐性増加,中,自身,-,-,-,-,
サバンナシマウマ(黄緑),とくせい,からげんき,耐性増加,中,自身,-,-,-,-,
サバンナシマウマ(黄緑),とくせい,ぼんやりうっかり,耐性増加,中,自身,-,-,-,-,
サバンナシマウマ(黄緑),とくせい,しょんぼりきぶん,耐性増加,中,自身,-,-,-,-,
サバンナシマウマ(黄緑),とくせい,びりびり,耐性増加,中,自身,-,-,-,-,
サバンナシマウマ(黄緑),とくせい,ちぐはぐリズム,耐性増加,中,自身,-,-,-,-,
サバンナシマウマ(黄緑),とくせい,ロストフラッグ,耐性増加,中,自身,-,-,-,-,
サバンナシマウマ(黄緑),とくせい,ばてばてヒリヒリ,耐性増加,中,自身,-,-,-,-,
サバンナシマウマ(黄緑),とくせい,あせあせ,耐性増加,中,自身,-,-,-,-,
サバンナシマウマ(黄緑),とくせい,全ての状態異常に関連した能力,耐性増加,中,自身,-,-,-,-,
サバンナシマウマ(黄緑),とくせい,ルンルンきぶん,付与,-,自身,-,-,-,-,
サバンナセンザンコウ,とくせい,どく,耐性増加,中,自身,たいりょく50%以上,-,-,-,
サバンナセンザンコウ,とくせい,ひやひや,耐性増加,高,味方全体,ファニー属性の味方,-,-,-,
サバンナセンザンコウ,とくせい,ズキンズキン,耐性増加,中,自身,たいりょく50%以上,-,-,-,
サバンナセンザンコウ,とくせい,ばてばてヒリヒリ,耐性増加,中,自身,たいりょく50%以上,-,-,-,
サバンナセンザンコウ,けものミラクル,はねかえし,付与,反射率120%,自身,-,1ターン,-,-,必要MP90
サバンナセンザンコウ,たいきスキル,いかく,付与,大幅に,自身,-,2ターン,1,1回,
サバンナセンザンコウ,けものミラクル,いかく,付与,大幅に,自身,-,1ターン,-,-,必要MP90
サバンナセンザンコウ,とくせい,かくれみ,付与,-~~(10),自身を除く~~味方全体,たいりょく50%以上,-,-,-,
サマーリフレッシュ,とくせい(変化前),くらくら,耐性増加,低,自身,-,-,-,-,
サマーリフレッシュ,とくせい(変化後),くらくら,耐性増加,中~~(50%),自身,-,-,-,-,
サラブレッドしろげ,キセキとくせい,どく,耐性増加,高,味方全体,ラブリー属性の味方,-,-,-,
サラブレッドしろげ(フォト),とくせい(変化前),からげんき,耐性増加,低,味方全体,-,-,-,-,
サラブレッドしろげ(フォト),とくせい(変化後),からげんき,耐性増加,中,味方全体,-,-,-,-,
サンプル採取,とくせい(変化前・後),くらくら,耐性増加,低~~(20%),自身,-,-,-,-,
サンプル採取,とくせい(変化後),どく,耐性増加,低~~(20%),自身,-,-,-,-,
シーサー・ライト,とくせい,ひやひや,耐性増加,高,自身,-,-,-,-,
シーサー・ライト,とくせい,はねかえしむし,付与,-,自身,-,-,-,-,
シーサー・ライト,たいきスキル,いかく,付与,大幅に,自身,-,1ターン,1,1回,
シーサー・レフティ,けものミラクル,くらくら,付与,-,相手全体,ラブリー属性の相手,1ターン,高確率,-,
シーサー・レフティ,とくせい,ひやひや,耐性増加,高,自身,-,-,-,-,
シーサー・レフティ,キセキとくせい,はねかえし,付与,反射率150%,自身,セルリアン戦,-,-,-,
シーサー・レフティ,キセキとくせい,はねかえし,付与,反射率30%,自身,フレンズ戦,-,-,-,
シーサーバル・ライト,けものミラクル,ズキンズキン,付与,-,相手単体,強敵出現wave,3ターン,高確率,-,
シーサーバル・ライト,とくせい,ズキンズキン,耐性増加,高,自身,-,-,-,-,
シーサーバル・レフティ,とくせい,すやすや,耐性増加,高,自身,-,-,-,-,
シーサーバル・レフティ,けものミラクル,からげんき,付与,-,相手単体,強敵出現wave,3ターン,高確率,-,
シーラカンス,とくいわざ,ぼんやりうっかり,付与,-,相手全体,-,1ターン,低確率,-,
シーラカンス,たいきスキル,毎ターンMP減少,解除,-,味方全体,リラックス属性の味方,-,1,3回,
シヴァテリウム,とくいわざ,ぼんやりうっかり,付与,-,相手単体,-,2ターン,中確率,-,
シヴァテリウム,けものミラクル,びりびり,付与,-,相手全体,-,3ターン,高確率,-,
シヴァテリウム(フォト),とくせい(変化前),ぼんやりうっかり,耐性増加,中,自身,-,-,-,-,
シヴァテリウム(フォト),とくせい(変化後),ぼんやりうっかり,耐性増加,高,自身,-,-,-,-,
ジェネット,たいきスキル,ルンルンきぶん,付与,-,自身,-,3ターン,1,1回,
ジェネット,とくせい,はねかえしむし,付与,-,自身,-,-,-,-,
ジェネット,キセキとくせい,ためこみ上手,付与,-,自身,-,-,-,-,
ジェンツーペンギン,とくいわざ,すやすや,付与,-,相手単体,アクティブ属性の相手,1ターン,中確率,-,
ジェンツーペンギン,とくせい,くたくた,耐性増加,高,自身,-,-,-,-,
しっぴつかつどう,とくせい(変化前・後),どく,耐性増加,中~~(50%未満),自身,-,-,-,-,
しっぴつかつどう,とくせい(変化前・後),すやすや,耐性増加,中~~(50%未満),自身,-,-,-,-,
しっぴつかつどう,とくせい(変化後),からげんき,耐性増加,中~~(50%未満),自身,-,-,-,-,
シナウスイロイルカ,とくいわざ,くらくら,付与,-,相手単体,リラックス属性の相手,1ターン,中確率,-,
シナウスイロイルカ,とくせい,すやすや,耐性増加,高,自身,-,-,-,-,
シベリアオオヤマネコ,けものミラクル,くらくら,付与,-,相手単体,ラブリー属性の相手,1ターン,高確率,-,Lv.5時点~~必要MP80
シベリアオオヤマネコ,とくせい,からげんき,耐性増加,高,味方全体,マイペース属性の味方,-,-,-,
シベリアオオヤマネコ(フォト),とくせい(変化前・後),ぼんやりうっかり,耐性増加,中,自身,-,-,-,-,
シマハイイロギツネ,とくせい,ロストフラッグ,耐性増加,高,味方全体,ラブリー属性の味方,-,-,-,
シマリス,とくせい,くらくら,耐性増加,高,味方全体,フレンドリー属性の味方,-,-,-,
シマリス,とくいわざ,ズキンズキン,付与,-,相手単体,リラックス属性の相手,2ターン,高確率,-,
シマリス,なないろとくせい,あせあせ,耐性増加,高,味方全体,フレンドリー属性の味方,-,-,-,
ジャイアントパンダ,とくいわざ,くらくら,付与,-,相手単体,-,2ターン,低確率,-,
ジャイアントパンダ,たいきスキル,すやすや,耐性増加,高,自身を除く~~味方全体,-,2ターン,1,2回,
ジャイアントパンダ,キセキとくせい,ズキンズキン,耐性増加,高,自身,-,-,-,-,
ジャイアントパンダ,けものミラクル,からげんき,付与,-,相手単体,アクティブ属性の相手,3ターン,高確率,-,
ジャイアントペンギン,たいきスキル,いかく,付与,大幅に,自身,-,1ターン,1,1回,
ジャガー(赤),たいきスキル,くらくら,耐性増加,高,自身,-,3ターン,1,3回,
ジャガー(赤),たいきスキル,すやすや,耐性増加,高,自身,-,3ターン,1,3回,
ジャガー(赤),たいきスキル,くたくた,耐性増加,高,自身,-,3ターン,1,3回,
ジャガー(赤),たいきスキル,ひやひや,耐性増加,高,自身,-,3ターン,1,3回,
ジャガー(赤),キセキとくせい,しょんぼりきぶん,耐性増加,高,味方全体,ファニー属性の味方,-,-,-,
ジャクソンカメレオン,とくいわざ,ズキンズキン,付与,-,相手単体,-,2ターン,高確率,-,
ジャクソンカメレオン,とくせい,ズキンズキン,耐性増加,高,味方全体,リラックス属性の味方,-,-,-,
ジャクソンカメレオン,とくせい,かくれみ,付与,-,自身,地形がジャングル,-,-,-,
ジャクソンカメレオン,たいきスキル,かくれみ,付与,-,自身,-,2ターン,1,∞,
シャチ,とくせい,ひやひや,耐性増加,高,味方全体,マイペース属性の味方,-,-,-,
ジャック・オー・ランタン,キセキとくせい,くらくら,付与,-,相手全体,自身ギブアップ時~~相手フレンズ時,2ターン,高確率,1回,
ジャック・オー・ランタン,キセキとくせい,どく,付与,-,相手全体,自身ギブアップ時~~相手セルリアンの時,4ターン,高確率,1回,
ジャック・オー・ランタン,とくせい,どく,耐性増加,高,味方全体,フレンドリー属性の味方,-,-,-,
ジャック・オー・ランタン,けものミラクル,ズキンズキン,付与,-,相手全体,リラックス属性の相手,2ターン,高確率,-,
ジャック・オー・ランタン,たいきスキル,いかく,付与,少しだけ,自身,-,2ターン,1,1回,
ジャパまんスチーマー,とくせい(変化後),どく,耐性増加,低~~(20%超),自身,-,-,-,-,
ジャパまんスチーマー,とくせい(変化前),くたくた,耐性増加,低~~(20%超),自身,-,-,-,-,
ジャパまんスチーマー,とくせい(変化後),くたくた,耐性増加,低~~(20%超),自身,-,-,-,-,
ジャパリミュージアム,とくせい(変化前),かくれみ,付与,少しだけ,自身,-,-,-,-,-
ジャパリミュージアム,とくせい(変化後),かくれみ,付与,少しだけ~~(3),自身,-,-,-,-,-
ジャパリラインの夜,とくせい(変化前・後),いかく,付与,少し~~(60),自身,-,-,-,-,-
ジャパリ団参上！,とくせい(変化前),いかく,付与,少し,自身,-,-,-,-,-
ジャパリ団参上！,とくせい(変化後),いかく,付与,少し~~(60),自身,-,-,-,-,-
ジャングルキャット,けものミラクル,くらくら,付与,-,相手単体,-,1ターン,中確率,-,必要MP90
ジャングルキャット,けものミラクル,ズキンズキン,付与,-,相手単体,ファニー属性の相手,4ターン,中確率,-,必要MP90
ジャングルキャット,とくせい,びりびり,耐性増加,高,味方全体,リラックス属性の味方,-,-,-,
ジュゴン,とくせい,からげんき,耐性増加,高,味方全体,マイペース属性の味方,-,-,-,
しょうがないわね！,とくせい(変化前),いかく,付与,-~~(50),自身,たいりょく50%以上,-,-,-,-
しょうがないわね！,とくせい(変化後),いかく,付与,-,自身,たいりょく50%以上,-,-,-,-
しょうがないわね！,とくせい(変化前),かくれみ,付与,-~~(50),自身,たいりょく50%以下,-,-,-,-
しょうがないわね！,とくせい(変化後),かくれみ,付与,-,自身,たいりょく50%以下,-,-,-,-
ショウジョウトキ,けものミラクル,くらくら,付与,-,相手単体,-,2ターン,低確率,-,
ショウジョウトキ,とくせい,くらくら,耐性増加,高,自身,-,-,-,-,
しょうぶのゆくえ,とくせい(変化前),からげんき,耐性増加,中,自身,-,-,-,-,
しょうぶのゆくえ,とくせい(変化後),からげんき,耐性増加,高,自身,-,-,-,-,
ジョフロイネコ,とくせい,すやすや,耐性増加,高,自身,毎WAVE開始時~~耐性(低)ダウン~~(発動回数3回),-,-,-,
ジョフロイネコ,とくせい,すやすや,耐性減少,低,自身,毎wave開始時,-,-,3回,
ジョフロイネコ,とくせい,くたくた,耐性増加,高,自身,毎WAVE開始時~~耐性(低)ダウン~~(発動回数3回),-,-,-,
ジョフロイネコ,とくせい,くたくた,耐性減少,低,自身,毎wave開始時,-,-,3回,
ジョフロイネコ,たいきスキル,コチョコチョマスター,付与,発生率+100%~~成功率+40%,自身,-,1ターン,1,2回,
シロクジャク,とくせい,くらくら,耐性増加,高,味方全体,ラブリー属性の味方,-,-,-,
シロサイ,とくせい,くらくら,耐性増加,高,自身,たいりょく50%以下,-,-,-,
シロサイ,とくせい,どく,耐性増加,高,自身,たいりょく50%以下,-,-,-,
シロサイ,とくせい,すやすや,耐性増加,高,自身,たいりょく50%以下,-,-,-,
シロサイ,なないろとくせい,あせあせ,耐性増加,高,味方全体,アクティブ属性の味方,-,-,-,
シロサイ,キセキとくせい,はねかえし,付与,反射率15%,自身を除く~~味方全体,自身がギブアップ状態でない,-,-,-,
シロナガスクジラ,たいきスキル,どく,解除,-,自身,-,-,1,2回,
シロナガスクジラ,たいきスキル,くたくた,解除,-,自身,-,-,1,2回,
シロナガスクジラ(フォト),とくせい(変化前),いかく,付与,少し,自身,たいりょく50%以下,-,-,-,
シロナガスクジラ(フォト),とくせい(変化後),いかく,付与,少し,自身,たいりょく50%以下,-,-,-,
シロヘラコウモリ,とくいわざ,くたくた,付与,-,相手単体,-,2ターン,中確率,-,
シロヘラコウモリ,たいきスキル,毎ターンMP減少,解除,-,味方全体,リラックス属性の味方,-,1,2回,
シロヘラコウモリ,とくせい,かくれみ,付与,-,自身,-,-,-,-,
スイート・チャレンジ,とくせい(変化前),からげんき,耐性増加,低,自身,-,-,-,-,
スイート・チャレンジ,とくせい(変化後),からげんき,耐性増加,中~~(50%),自身,-,-,-,-,
スカイフィッシュ,なないろとくせい,どく,耐性増加,高,自身,-,-,-,-,
スカイフィッシュ,けものミラクル,くたくた,付与,-,相手全体,ファニー属性の相手,2ターン,高確率,-,
スカイフィッシュ,とくいわざ,ぼんやりうっかり,付与,-,相手単体,-,1ターン,中確率,-,
スカイフィッシュ(水),けものミラクル,くたくた,付与,-,相手単体,-,2ターン,高確率,-,必要MP120
スカイフィッシュ(水),キセキとくせい,ロストフラッグ,耐性増加,高,味方全体,マイペース属性の味方,-,-,-,
スカイフィッシュ(水),たいきスキル,かくれみ,付与,-,自身,-,1ターン,1,1回,
スカイフィッシュ(水),とくせい,かくれみ,付与,少し,自身,-,-,-,-,
スザク,とくせい,どく,耐性増加,完全耐性,自身,-,-,-,-,
スザク,とくせい,ひやひや,耐性増加,完全耐性,自身,-,-,-,-,
スザク,キセキとくせい,ちぐはぐリズム,耐性増加,高,味方全体,-,-,-,-,
スザク,けものミラクル,ばてばてヒリヒリ,付与,-,相手全体,-,2ターン,高確率,-,
スザク,とくいわざ,ばてばてヒリヒリ,付与,-,相手単体,-,1ターン,中確率,-,
スザク,とくせい,ばてばてヒリヒリ,耐性増加,完全耐性,自身,-,-,-,-,
スザク,なないろとくせい,ばてばてヒリヒリ,耐性減少,中,相手全体,自身がギブアップ状態でない,-,-,-,
ステラーカイギュウ,とくせい,ばてばてヒリヒリ,耐性増加,高,味方全体,ラブリー属性の味方,-,-,-,
ステラーカイギュウ,けものミラクル,いかく,付与,大幅に,自身,-,3ターン,-,-,必要MP80
ステラーカイギュウ,たいきスキル,いかく,付与,少し,自身,-,2ターン,1,2回,
スナネコ(赤),キセキとくせい,くたくた,耐性増加,高,味方全体,ファニー属性の味方,-,-,-,
スナネコ(赤),とくいわざ,からげんき,付与,-,相手単体,-,3ターン,低確率,-,
スナネコ(赤),たいきスキル,はねかえしむし,付与,-,自身,-,1ターン,1,2回,
スプリングボック,とくせい,びりびり,耐性増加,高,味方全体,リラックス属性の味方,-,-,-,
スペインオオヤマネコ,とくいわざ,くたくた,付与,-,相手単体,フレンドリー属性の相手,2ターン,中確率,-,
スペインオオヤマネコ,とくせい,ひやひや,耐性増加,高,味方全体,フレンドリー属性の味方,-,-,-,
スペインオオヤマネコ,けものミラクル,ルンルンきぶん,付与,-,味方全体,フレンドリー属性の味方,2ターン,-,-,必要MP100
スペインオオヤマネコ,たいきスキル,ルンルンきぶん,解除,-,相手全体,リラックス属性の相手,-,1,1回,
スマトラトラ,とくいわざ,ズキンズキン,付与,-,相手単体,-,3ターン,高確率,-,
スマトラトラ,とくせい,ズキンズキン,耐性増加,高,味方全体,フレンドリー属性の味方,-,-,-,
スマトラトラ,キセキとくせい,ズキンズキン,耐性減少,低,相手全体,リラックス属性の相手,-,-,-,
セイウチ,とくせい,くらくら,耐性増加,高,自身,-,-,-,-,
セイウチ,けものミラクル,ひやひや,付与,3回,相手全体,-,-,高確率,-,
セイウチ,とくせい,ひやひや,耐性増加,高,自身,-,-,-,-,
セイウチ,とくいわざ,ズキンズキン,付与,-,相手単体,ラブリー属性の相手,2ターン,高確率,-,
セイウチ,キセキとくせい,ばてばてヒリヒリ,耐性増加,高,味方全体,マイペース属性の味方,-,-,-,
セイリュウ,キセキとくせい,くらくら,耐性増加,完全耐性,自身,-,-,-,-,
セイリュウ,キセキとくせい,どく,耐性増加,完全耐性,自身,-,-,-,-,
セイリュウ,キセキとくせい,すやすや,耐性増加,完全耐性,自身,-,-,-,-,
セイリュウ,キセキとくせい,くたくた,耐性増加,完全耐性,自身,-,-,-,-,
セイリュウ,けものミラクル,ひやひや,付与,3回,相手全体,-,-,高確率,-,
セイリュウ,キセキとくせい,ひやひや,耐性増加,完全耐性,自身,-,-,-,-,
セイリュウ,キセキとくせい,ズキンズキン,耐性増加,完全耐性,自身,-,-,-,-,
セイリュウ,キセキとくせい,からげんき,耐性増加,完全耐性,自身,-,-,-,-,
セイリュウ,キセキとくせい,ぼんやりうっかり,耐性増加,完全耐性,自身,-,-,-,-,
セイリュウ,キセキとくせい,しょんぼりきぶん,耐性増加,高,自身を除く~~味方全体,マイペース属性の味方,-,-,-,
セイリュウ,キセキとくせい,しょんぼりきぶん,耐性増加,完全耐性,自身,-,-,-,-,
セイリュウ,キセキとくせい,びりびり,耐性増加,完全耐性,自身,-,-,-,-,
セイリュウ,キセキとくせい,ちぐはぐリズム,耐性増加,完全耐性,自身,-,-,-,-,
セイリュウ,キセキとくせい,ロストフラッグ,耐性増加,完全耐性,自身,-,-,-,-,
セイリュウ,キセキとくせい,ばてばてヒリヒリ,耐性増加,完全耐性,自身,-,-,-,-,
セイリュウ,キセキとくせい,あせあせ,耐性増加,完全耐性,自身,-,-,-,-,
セイリュウ,キセキとくせい,全ての状態異常に関連した能力,耐性増加,完全耐性,自身,-,-,-,-,
セイリュウ,キセキとくせい,ためこみ上手,付与,-,自身,-,-,-,-,
せーので うー、がおー！,とくせい(変化前),かくれみ,付与,少しだけ~~(2),自身,たいりょく60%以上,-,-,-,-
せーので うー、がおー！,とくせい(変化後),かくれみ,付与,少しだけ,自身,たいりょく60%以上,-,-,-,-
セーバル,とくせい,くらくら,耐性増加,高,自身,-,-,-,-,
セーバル,とくせい,ズキンズキン,耐性増加,高,自身,-,-,-,-,
セーバル,キセキとくせい,コチョコチョマスター,付与,発生率+20%,自身,-,-,-,-,
セーバル,とくせい,いかく,付与,少しだけ~~(2.5),自身,セルリアン戦,-,-,-,
セキショクヤケイ,けものミラクル,くらくら,付与,-,相手単体,-,2ターン,高確率,-,必要MP110
セキショクヤケイ,キセキとくせい,くらくら,耐性増加,中,味方全体,ファニー属性の味方,-,-,-,
セキショクヤケイ,キセキとくせい,くらくら,耐性減少,低,相手全体,フレンドリー属性の相手,-,-,-,
セキショクヤケイ,キセキとくせい,すやすや,耐性増加,中,味方全体,ファニー属性の味方,-,-,-,
セキショクヤケイ,キセキとくせい,びりびり,耐性増加,高,味方全体,ファニー属性の味方,-,-,-,
セキショクヤケイ,とくせい,ちぐはぐリズム,耐性増加,高,自身,-,-,-,-,
セキショクヤケイ,たいきスキル,いかく,付与,-,自身,-,3ターン,1,2回,必要MP110
セグロジャッカル,とくせい,どく,耐性増加,高,味方全体,-,-,-,-,
セグロジャッカル,たいきスキル,かくれみ,付与,-,自身,-,2ターン,1,2回,
ソンゴクウ,とくせい,くらくら,耐性増加,高,自身,-,-,-,-,
ソンゴクウ,とくせい,くたくた,耐性増加,高,自身,-,-,-,-,
ソンゴクウ,けものミラクル,からげんき,付与,-,相手単体,-,3ターン,高確率,-,
ソンゴクウ,とくいわざ,からげんき,付与,-,相手単体,-,1ターン,高確率,-,
ソンゴクウ,とくせい,はねかえし,付与,反射率80%,自身,自身が状態異常でないとき,-,-,-,
ソンゴクウ,キセキとくせい,ためこみ上手,付与,-,自身,-,-,-,-,
ソンサーバル,けものミラクル,はねかえしむし,付与,-,自身,ギブアップ中ではない味方が1人以下,3ターン,-,-,必要MP140
ソンサーバル,とくせい,くらくら,耐性増加,高,自身,-,-,-,-,
ソンサーバル,とくせい,あせあせ,耐性増加,高,自身,-,-,-,-,
ソンサーバル,たいきスキル,毎ターンMP減少,解除,-,味方全体,アクティブ、フレンドリー属性の味方,-,1,2回,
ソンサーバル,キセキとくせい,はねかえし,付与,反射率80%,自身,状態異常にかかっていないとき,-,-,-,
ダイアウルフ,とくせい,くたくた,耐性増加,高,自身,-,-,-,-,
ダイアウルフ,けものミラクル,ぼんやりうっかり,付与,-,相手単体,マイペース属性の相手,1ターン,高確率,-,
ダイアウルフ,とくいわざ,ぼんやりうっかり,付与,-,相手単体,-,1ターン,中確率,-,
ダイアウルフ,キセキとくせい,ぼんやりうっかり,付与,-,相手全体,マイペース属性の相手~~ギブアップでない相手が3人以下,1ターン,高確率,1回,
ダイアウルフ,たいきスキル,ぼんやりうっかり,耐性減少,中,相手単体,-,2ターン,0.7,1回,
ダイアウルフ,とくせい,ちぐはぐリズム,耐性増加,高,自身,-,-,-,-,
ダイトウオオコウモリ,とくせい,ちぐはぐリズム,耐性増加,高,味方全体,ファニー属性の味方,-,-,-,
ダイトウオオコウモリ,とくいわざ,ルンルンきぶん,解除,-,相手単体,-,-,低確率,-,
タイパン,とくいわざ,どく,付与,-,相手単体,-,3ターン,中確率,-,
タイパン,けものミラクル,どく,付与,-,相手単体,-,3ターン,高確率,-,必要MP100
タイパン,たいきスキル,どく,耐性減少,低,相手全体,-,2ターン,1,2回,
タイパン,キセキとくせい,ズキンズキン,耐性増加,高,味方全体,アクティブ属性の味方,-,-,-,
タイリクオオカミ,たいきスキル,すやすや,耐性増加,高,味方全体,フレンドリー属性の味方,4ターン,1,2回,
タスマニアタイガー,とくいわざ,くたくた,付与,-,相手単体,-,2ターン,中確率,-,
タスマニアタイガー,たいきスキル,くたくた,耐性減少,低,相手全体,-,2ターン,高確率~~たいき発動率100%,∞,
タスマニアタイガー,とくいわざ,ズキンズキン,付与,-,相手単体,-,2ターン,中確率,-,
タスマニアタイガー,たいきスキル,ズキンズキン,耐性減少,低,相手全体,-,2ターン,高確率~~たいき発動率100%,∞,
タスマニアタイガー,とくせい,ちぐはぐリズム,耐性増加,高,味方全体,フレンドリー属性の味方,-,-,-,
タスマニアデビル,とくいわざ,くらくら,付与,-,相手単体,アクティブ属性の相手,1ターン,低確率,-,
タスマニアデビル,けものミラクル,くらくら,付与,-,相手全体,-,1ターン,中確率,-,
タスマニアデビル,とくせい,くたくた,耐性増加,高,自身,-,-,-,-,
タスマニアデビル,とくせい,ひやひや,耐性増加,高,自身,-,-,-,-,
タスマニアデビル(フォト),とくせい(変化前・後),くらくら,耐性増加,中,自身,-,-,-,-,
タスマニアデビル(青),けものミラクル,くらくら,解除,-,味方全体,リラックス属性の味方,-,-,-,必要MP100
タスマニアデビル(青),けものミラクル,どく,解除,-,味方全体,リラックス属性の味方,-,-,-,必要MP100
タスマニアデビル(青),けものミラクル,すやすや,解除,-,味方全体,リラックス属性の味方,-,-,-,必要MP100
タスマニアデビル(青),けものミラクル,くたくた,解除,-,味方全体,リラックス属性の味方,-,-,-,必要MP100
タスマニアデビル(青),けものミラクル,ひやひや,解除,-,味方全体,リラックス属性の味方,-,-,-,必要MP100
タスマニアデビル(青),けものミラクル,ズキンズキン,解除,-,味方全体,リラックス属性の味方,-,-,-,必要MP100
タスマニアデビル(青),けものミラクル,からげんき,解除,-,味方全体,リラックス属性の味方,-,-,-,必要MP100
タスマニアデビル(青),けものミラクル,ぼんやりうっかり,解除,-,味方全体,リラックス属性の味方,-,-,-,必要MP100
タスマニアデビル(青),けものミラクル,しょんぼりきぶん,解除,-,味方全体,リラックス属性の味方,-,-,-,必要MP100
タスマニアデビル(青),キセキとくせい,びりびり,耐性増加,高,味方全体,リラックス属性の味方,-,-,-,
タスマニアデビル(青),けものミラクル,びりびり,解除,-,味方全体,リラックス属性の味方,-,-,-,必要MP100
タスマニアデビル(青),けものミラクル,ちぐはぐリズム,解除,-,味方全体,リラックス属性の味方,-,-,-,必要MP100
タスマニアデビル(青),けものミラクル,ロストフラッグ,解除,-,味方全体,リラックス属性の味方,-,-,-,必要MP100
タスマニアデビル(青),けものミラクル,ばてばてヒリヒリ,解除,-,味方全体,リラックス属性の味方,-,-,-,必要MP100
タスマニアデビル(青),けものミラクル,あせあせ,解除,-,味方全体,リラックス属性の味方,-,-,-,必要MP100
タスマニアデビル(青),けものミラクル,全ての状態異常に関連した能力,解除,-,味方全体,リラックス属性の味方,-,-,-,必要MP100
ただたいたたすたき,とくせい(変化後),くらくら,耐性増加,低~~(20%),自身,-,-,-,-,
ただたいたたすたき,とくせい(変化前・後),どく,耐性増加,低~~(20%),自身,-,-,-,-,
タチコマ type-H,とくいわざ,くらくら,付与,-,相手単体,-,2ターン,低確率,-,
タチコマ type-H,とくせい,ひやひや,耐性増加,高,味方全体,-,-,-,-,
タチコマ type-H,けものミラクル,ズキンズキン,付与,-,相手単体,-,2ターン,高確率,-,
タチコマ type-H,キセキとくせい,しょんぼりきぶん,耐性増加,完全耐性,自身,-,-,-,-,
タチコマ type-H,けものミラクル,ロストフラッグ,付与,-,相手単体,-,2ターン,高確率,-,
タチコマ type-H,たいきスキル,はねかえしむし,付与,-,自身,-,1ターン,1,2回,
タチコマ type-S,とくせい,すやすや,耐性増加,高,味方全体,リラックス属性の味方,-,-,-,
タチコマ type-S,とくせい,くたくた,耐性増加,高,自身,-,-,-,-,
タチコマ type-S,とくせい,びりびり,耐性増加,高,味方全体,-,-,-,-,
ダチョウ(フォト),とくせい(変化前・後),すやすや,耐性増加,低,自身,-,-,-,-,
ダチョウ(フォト),とくせい(変化前・後),くたくた,耐性増加,低,自身,-,-,-,-,
ダチョウ(赤),とくせい,どく,耐性増加,高,味方全体,ファニー属性の味方,-,-,-,
タテガミオオカミ,とくいわざ,くたくた,付与,-,相手単体,マイペース属性の相手,2ターン,高確率,-,
タテガミオオカミ,たいきスキル,くたくた,付与,-,相手全体,マイペース属性の相手,2ターン,低確率~~たいき発動率70%,∞,
タテガミオオカミ,キセキとくせい,くたくた,耐性減少,低,相手全体,マイペース属性の相手,-,-,-,
タテガミオオカミ,たいきスキル,ルンルンきぶん,解除,-,相手全体,マイペース属性の相手,-,0.7,∞,
タテゴトアザラシ,たいきスキル,くらくら,解除,-,味方全体,-,-,1,2回,
タテゴトアザラシ,たいきスキル,どく,解除,-,味方全体,-,-,1,2回,
タテゴトアザラシ,けものミラクル,すやすや,付与,-,相手全体,ラブリー属性の相手,2ターン,高確率,-,
タテゴトアザラシ,とくいわざ,すやすや,付与,-,相手単体,ラブリー属性の相手,2ターン,低確率,-,
タテゴトアザラシ,たいきスキル,すやすや,解除,-,味方全体,-,-,1,2回,
タテゴトアザラシ,たいきスキル,ひやひや,解除,-,味方全体,-,-,1,2回,
タテゴトアザラシ,たいきスキル,ズキンズキン,解除,-,味方全体,-,-,1,2回,
タテゴトアザラシ,たいきスキル,からげんき,解除,-,味方全体,-,-,1,2回,
タヌキ,とくいわざ,くらくら,付与,-,相手単体,リラックス属性の相手,1ターン,低確率,-,
タヌキ,なないろとくせい,すやすや,耐性増加,中,味方全体,フレンドリー属性の味方~~自身がギブアップ状態でない,-,-,-,
タヌキ,とくせい,すやすや,耐性増加,高,自身,-,-,-,-,
タヌキ,たいきスキル,かくれみ,付与,-,自身,-,2ターン,0.4,4回,
ダンザブロウダヌキ,けものミラクル,くらくら,付与,-,相手単体,-,1ターン,中確率,-,
ダンザブロウダヌキ,とくいわざ,くらくら,付与,-,相手単体,ファニー属性の相手,1ターン,中確率,-,
ダンザブロウダヌキ,けものミラクル,ぼんやりうっかり,付与,-,相手単体,-,1ターン,中確率,-,
ダンザブロウダヌキ,とくせい,しょんぼりきぶん,耐性増加,高,味方全体,リラックス属性の味方,-,-,-,
ダンザブロウダヌキ,けものミラクル,びりびり,付与,-,相手単体,-,1ターン,中確率,-,
ダンザブロウダヌキ,キセキとくせい,ためこみ上手,付与,-,自身,-,-,-,-,
チーター,たいきスキル,かくれみ,付与,-,自身,-,2ターン,1,2回,
ちびくまモン,とくいわざ,どく,付与,-,相手単体,-,3ターン,中確率,-,
ちびくまモン,キセキとくせい,からげんき,耐性増加,高,味方全体,リラックス属性の味方,-,-,-,
ちびくまモン,とくいわざ,びりびり,付与,-,相手単体,-,1ターン,中確率,-,
ちびくまモン,たいきスキル,いかく,付与,-,自身,-,1ターン,0.55,∞,
チベットスナギツネ,キセキとくせい,ズキンズキン,耐性増加,高,味方全体,ラブリー属性の味方,-,-,-,
チベットスナギツネ(青),とくせい,しょんぼりきぶん,耐性増加,高,味方全体,リラックス属性の味方,-,-,-,
チャップマンシマウマ(桃),とくせい,くらくら,耐性増加,高,自身,-,-,-,-,
ちゃんとみてね！,とくせい(変化前),くらくら,耐性増加,中~~(50%未満),自身,たいりょく50%以下,-,-,-,
ちゃんとみてね！,とくせい(変化後),くらくら,耐性増加,中~~(50%未満),自身,-,-,-,-,
ツクヨミノシンシ,けものミラクル,くらくら,付与,-,相手全体,-,1ターン,低確率,-,
ツクヨミノシンシ,キセキとくせい,くらくら,耐性増加,高,自身,-,-,-,-,
ツクヨミノシンシ,けものミラクル,くたくた,付与,-,相手全体,-,1ターン,低確率,-,
ツクヨミノシンシ,キセキとくせい,くたくた,耐性増加,高,自身,-,-,-,-,
ツクヨミノシンシ,けものミラクル,ぼんやりうっかり,付与,-,相手全体,-,1ターン,低確率,-,
ツクヨミノシンシ,とくいわざ,ぼんやりうっかり,付与,-,相手単体,-,1ターン,中確率,-,
ツクヨミノシンシ,キセキとくせい,ぼんやりうっかり,耐性増加,高,自身,-,-,-,-,
ツクヨミノシンシ,とくせい,しょんぼりきぶん,耐性増加,高,味方全体,アクティブ属性の味方,-,-,-,
ツシマヤマネコ,とくせい,くらくら,耐性増加,高,味方全体,リラックス属性の味方,-,-,-,
ツシマヤマネコ,とくいわざ,からげんき,付与,-,相手単体,-,2ターン,中確率,-,
ツチノコ,とくせい,かくれみ,付与,少しだけ,自身,-,-,-,-,
ツチノコ(赤),けものミラクル,どく,付与,-,相手単体,-,4ターン,高確率,-,
ツチノコ(赤),とくいわざ,どく,付与,-,相手単体,-,2ターン,中確率,-,
ツチノコ(赤),とくせい,ぼんやりうっかり,耐性増加,高,自身,-,-,-,-,
ツチノコ(赤),たいきスキル,はねかえし,解除,-,相手全体,-,-,1,1回,
ツチブタ,とくせい,からげんき,耐性増加,高,味方全体,アクティブ属性の味方,-,-,-,
ツチブタ,キセキとくせい,ためこみ上手,付与,-,自身,-,-,-,-,
ツチブタ,けものミラクル,いかく,付与,大幅に,自身,-,2ターン,-,-,必要MP90
ツノサイチョウ,とくいわざ,くらくら,付与,-,相手単体,フレンドリー属性の相手,1ターン,中確率,-,
ツノサイチョウ,キセキとくせい,ばてばてヒリヒリ,耐性増加,高,味方全体,ファニー属性の味方,-,-,-,
つるつるすいすい,とくせい(変化前・後),いかく,付与,-~~(100),自身,-,-,-,-,-
ツンドラオオカミ,とくいわざ,ひやひや,付与,3回,相手単体,-,-,高確率,-,
ツンドラオオカミ,けものミラクル,ひやひや,解除,-,相手単体,-,-,高確率,-,必要MP100
ツンドラオオカミ,とくいわざ,ひやひや,耐性減少,低~~(20%),相手単体,-,2ターン,高確率,-,
ツンドラオオカミ,たいきスキル,毎ターンMP減少,解除,-,味方全体,マイペース属性の味方,-,1,2回,
ディアトリマ,けものミラクル,くらくら,付与,-,相手単体,-,1ターン,中確率,-,必要MP120
ディアトリマ,とくいわざ,びりびり,付与,-,相手単体,-,2ターン,中確率,-,
ディアトリマ,とくいわざ,ちぐはぐリズム,付与,-,相手単体,-,2ターン,中確率,-,
ディアトリマ,けものミラクル,ロストフラッグ,付与,-,相手単体,-,2ターン,中確率,-,必要MP120
ディアトリマ,たいきスキル,毎ターンMP減少,解除,-,味方全体,アクティブ属性の味方,-,1,1回,
ディアトリマ,キセキとくせい,いかく,付与,-,自身,-,-,-,-,
できたてをどうぞ！,とくせい(変化前・後),ひやひや,耐性増加,中,自身,-,-,-,-,
てさぐりニュースタイル,とくせい(変化前・後),くらくら,耐性増加,小,自身,-,-,-,-,
でびるさま,とくせい,くらくら,耐性増加,高,自身,-,-,-,-,
でびるさま,けものミラクル,どく,付与,-,相手単体,-,1ターン,高確率,-,
でびるさま,とくせい,くたくた,耐性増加,高,自身,-,-,-,-,
でびるさま,けものミラクル,ズキンズキン,付与,-,相手単体,-,1ターン,高確率,-,
でびるさま,けものミラクル,ぼんやりうっかり,付与,-,相手単体,-,1ターン,高確率,-,
でびるさま,とくいわざ,しょんぼりきぶん,付与,-,相手単体,-,1ターン,低確率,-,
でびるさま,とくせい,しょんぼりきぶん,耐性増加,高,自身,-,-,-,-,
でびるさま,キセキとくせい,びりびり,耐性増加,高,味方全体,-,-,-,-,
でびるさま,キセキとくせい,ためこみ上手,付与,-,自身,-,-,-,-,
てるてるのおまじない,とくせい(変化後),くたくた,耐性増加,完全耐性,自身,-,-,-,-,
てるてるのおまじない,とくせい(変化後),ひやひや,耐性増加,完全耐性,自身,-,-,-,-,
てるてるのおまじない,とくせい(変化後),ズキンズキン,耐性増加,完全耐性,自身,-,-,-,-,
てるてるのおまじない,とくせい(変化後),からげんき,耐性増加,完全耐性,自身,-,-,-,-,
テングコウモリ,とくせい,びりびり,耐性増加,高,味方全体,ラブリー属性の味方,-,-,-,
てんてんハンティング,とくせい(変化前),くらくら,耐性増加,中~~(50%未満),自身,-,-,-,-,
てんてんハンティング,とくせい(変化後),くらくら,耐性増加,高~~(100%未満),自身,-,-,-,-,
ドール(黄緑),とくせい,くらくら,耐性増加,完全耐性,自身,たいりょく50%以下,-,-,-,
ドール(黄緑),とくせい,どく,耐性増加,完全耐性,自身,たいりょく50%以下,-,-,-,
ドール(黄緑),とくせい,すやすや,耐性増加,完全耐性,自身,たいりょく50%以下,-,-,-,
ドール(黄緑),けものミラクル,くたくた,付与,-,相手単体,-,2ターン,高確率,-,
ドール(黄緑),とくせい,くたくた,耐性増加,完全耐性,自身,たいりょく50%以下,-,-,-,
ドール(黄緑),とくせい,ひやひや,耐性増加,完全耐性,自身,たいりょく50%以下,-,-,-,
ドール(黄緑),けものミラクル,ズキンズキン,付与,-,相手単体,-,2ターン,高確率,-,
ドール(黄緑),とくせい,ズキンズキン,耐性増加,完全耐性,自身,たいりょく50%以下,-,-,-,
ドール(黄緑),とくせい,からげんき,耐性増加,完全耐性,自身,たいりょく50%以下,-,-,-,
ドール(黄緑),キセキとくせい,ぼんやりうっかり,耐性増加,高,自身,-,-,-,-,
ドール(黄緑),とくせい,ぼんやりうっかり,耐性増加,完全耐性,自身,たいりょく50%以下,-,-,-,
ドール(黄緑),とくせい,しょんぼりきぶん,耐性増加,完全耐性,自身,たいりょく50%以下,-,-,-,
ドール(黄緑),とくせい,びりびり,耐性増加,完全耐性,自身,たいりょく50%以下,-,-,-,
ドール(黄緑),とくせい,ちぐはぐリズム,耐性増加,完全耐性,自身,たいりょく50%以下,-,-,-,
ドール(黄緑),とくせい,ロストフラッグ,耐性増加,完全耐性,自身,たいりょく50%以下,-,-,-,
ドール(黄緑),とくせい,ばてばてヒリヒリ,耐性増加,完全耐性,自身,たいりょく50%以下,-,-,-,
ドール(黄緑),とくせい,あせあせ,耐性増加,完全耐性,自身,たいりょく50%以下,-,-,-,
ドール(黄緑),とくせい,全ての状態異常に関連した能力,耐性増加,完全耐性,自身,たいりょく50%以下,-,-,-,
ドールシープ,とくいわざ,くらくら,付与,-,相手単体,-,2ターン,中確率,-,
ドールシープ,キセキとくせい,くらくら,耐性増加,高,味方全体,アクティブ属性の味方,-,-,-,
トキ,けものミラクル,くらくら,付与,-,相手全体,-,1ターン,中確率,-,
トキ,なないろとくせい,くらくら,耐性増加,低,味方全体,自身がギブアップ状態でない,-,-,-,
トキ,とくせい,くらくら,耐性増加,中,自身,-,-,-,-,
トキ,なないろとくせい,くらくら,耐性減少,低,相手全体,自身がギブアップ状態でない,-,-,-,
トキ(青),とくいわざ,くらくら,付与,-,相手単体,-,1ターン,低確率,-,
トキ(青),たいきスキル,すやすや,耐性増加,高,味方全体,リラックス属性の味方,3ターン,1,2回,
トキ(青),とくせい,すやすや,耐性増加,高,自身,-,-,-,-,
トキ(青),たいきスキル,すやすや,解除,-,味方全体,リラックス属性の味方,-,1,2回,
トキ(青),とくせい,くたくた,耐性増加,高,自身,-,-,-,-,
どきどき、きらきら,とくせい(変化後),かくれみ,付与,少しだけ~~(3),自身,-,-,-,-,
ときめきオシャレモード,とくせい(変化前),びりびり,耐性増加,中~~(50%未満),自身,たいりょく40%以上,-,-,-,
ときめきオシャレモード,とくせい(変化後),びりびり,耐性増加,中,自身,-,-,-,-,
どこにいますかね？,とくせい(変化前),かくれみ,付与,-~~(50),自身,たいりょくが40%以下,-,-,-,-
どこにいますかね？,とくせい(変化後),かくれみ,付与,-,自身,たいりょくが40%以下,-,-,-,-
とっておきの一杯,とくせい(変化前),くたくた,耐性増加,低~~(20%超),自身,-,-,-,-,
とっておきの一杯,とくせい(変化後),くたくた,耐性増加,中~~(50%),自身,-,-,-,-,
トド,とくいわざ,くらくら,付与,-,相手単体,ラブリー属性の相手,1ターン,中確率,-,
トド,とくせい,ぼんやりうっかり,耐性増加,中,自身,-,-,-,-,
トド,とくせい,ロストフラッグ,耐性増加,高,味方全体,マイペース属性の味方,-,-,-,
トド,とくせい,ばてばてヒリヒリ,耐性増加,中,自身,-,-,-,-,
トド(フォト),とくせい(変化前・後),ぼんやりうっかり,耐性増加,中,自身,-,-,-,-,
トナカイ,けものミラクル,ひやひや,解除,-,味方全体,-,-,-,-,必要MP80
トムソンガゼル,とくいわざ,ズキンズキン,付与,-,相手単体,ラブリー属性の相手,3ターン,中確率,-,
トムソンガゼル,キセキとくせい,ズキンズキン,耐性増加,高,味方全体,マイペース属性の味方,-,-,-,
トラ,とくせい,くらくら,耐性増加,高,自身,-,-,-,-,
トラ,とくいわざ,ズキンズキン,付与,-,相手単体,-,2ターン,高確率,-,
トラ,とくせい,ズキンズキン,耐性増加,高,自身,-,-,-,-,
ドラコケンタウロス,とくせい,ひやひや,耐性増加,高,味方全体,-,-,-,-,
ドラコケンタウロス,とくせい,ルンルンきぶん,付与,-,自身,-,-,-,-,
ドラコケンタウロス,キセキとくせい,ためこみ上手,付与,-,自身,-,-,-,-,
とりーとめんと？,とくせい(変化前),ズキンズキン,耐性増加,中,自身,たいりょく50%以上,-,-,-,
とりーとめんと？,とくせい(変化後),ズキンズキン,耐性増加,中~~(50%未満),自身,-,-,-,-,
ドルドン,とくせい,すやすや,耐性増加,高,味方全体,リラックス属性の味方,-,-,-,
ドルドン,とくいわざ,ぼんやりうっかり,付与,-,相手単体,ファニー属性の相手,1ターン,高確率,-,
どんぐり大きくなーれ！,とくせい(変化前),くらくら,耐性増加,中~~(50%未満),自身,たいりょくが40%以上,-,-,-,
どんぐり大きくなーれ！,とくせい(変化後),くらくら,耐性増加,中,自身,-,-,-,-,
なつかしのお味,とくせい(変化前),からげんき,耐性増加,中,自身,たいりょく50%以上,-,-,-,
なつかしのお味,とくせい(変化後),からげんき,耐性増加,中~~(50%),自身,-,-,-,-,
なでなでご利益♪,とくせい(変化前・後),すやすや,付与,-,自身,たいりょくが50%以下になったとき,-,高確率,-,
ナミチスイコウモリ,キセキとくせい,くらくら,耐性増加,高,味方全体,ラブリー属性の味方,-,-,-,
ナミチスイコウモリ,とくせい,からげんき,耐性増加,高,自身,-,-,-,-,
なんでやねん！,とくせい(変化前),かくれみ,付与,少し~~(2.5),自身,-,-,-,-,-
なんでやねん！,とくせい(変化後),かくれみ,付与,少し~~(3),自身,-,-,-,-,-
ニホンアナグマ,とくいわざ,ズキンズキン,付与,-,相手単体,-,2ターン,高確率,-,
ニホンアナグマ,とくせい,いかく,付与,-,自身,たいりょく50%以上,-,-,-,
ニホンアナグマ,とくせい,かくれみ,付与,-,自身,たいりょく50%以下,-,-,-,
ニホンオオカミ,けものミラクル,ズキンズキン,付与,-,相手単体,マイペース属性の相手,3ターン,高確率,-,
ニホンオオカミ,とくいわざ,ズキンズキン,付与,-,相手単体,-,2ターン,高確率,-,
ニホンオオカミ,とくせい,からげんき,耐性増加,高,味方全体,アクティブ属性の味方,-,-,-,
ニホンカワウソ,とくせい,かくれみ,付与,-,自身,-,-,-,-,
ニホンザル,とくせい,ひやひや,耐性増加,高,自身,-,-,-,-,
ニホンザル,たいきスキル,ルンルンきぶん,解除,-,相手全体,リラックス属性の相手,-,1,2回,
ニホンジカ,けものミラクル,いかく,付与,大幅に,自身,-,2ターン,-,-,必要MP120
ニホンジカ,キセキとくせい,いかく,付与,-,自身,フレンズ戦,-,-,-,
ニホンノウサギ,とくいわざ,くらくら,付与,-,相手単体,-,1ターン,低確率,-,
ニホンノウサギ,とくせい,すやすや,耐性増加,高,味方全体,ラブリー属性の味方,-,-,-,
ニホンノウサギ,とくせい,かくれみ,付与,-~~(5),自身を除く~~味方全体,ラブリー属性の味方,-,-,-,
にゅーいやー！,とくせい(変化前・後),くらくら,耐性増加,中~~(50%),自身,-,-,-,-,
にゅーいやー！,とくせい(変化後),すやすや,耐性増加,小~~(20%超),自身,-,-,-,-,
にらめっこ,とくせい(変化前・後),いかく,付与,-~~(70),自身,たいりょく50%以上,-,-,-,-
ニルガイ,とくせい,ひやひや,耐性増加,高,味方全体,リラックス属性の味方,-,-,-,
ニルガイ,キセキとくせい,ズキンズキン,耐性増加,高,味方全体,リラックス属性の味方,-,-,-,
ニルガイ,けものミラクル,ルンルンきぶん,付与,-,味方全体,リラックス属性の味方,2ターン,-,-,必要MP120
ニワトリ,とくいわざ,くらくら,付与,-,相手単体,アクティブ属性の相手,1ターン,中確率,-,
ニワトリ,なないろとくせい,すやすや,耐性増加,完全耐性,自身,-,-,-,-,
ニワトリ,とくせい,ぼんやりうっかり,耐性増加,高,味方全体,ラブリー属性の味方,-,-,-,
ヌエ,キセキとくせい,くらくら,耐性減少,低~~(30%),相手全体,アクティブ属性の相手,-,-,-,
ヌエ,けものミラクル,どく,付与,-,相手単体,-,2ターン,中確率,-,必要MP80
ヌエ,キセキとくせい,どく,耐性減少,低~~(30%),相手全体,アクティブ属性の相手,-,-,-,
ヌエ,キセキとくせい,すやすや,耐性減少,低~~(30%),相手全体,アクティブ属性の相手,-,-,-,
ヌエ,けものミラクル,くたくた,付与,-,相手単体,-,2ターン,中確率,-,必要MP80
ヌエ,キセキとくせい,くたくた,耐性減少,低~~(30%),相手全体,アクティブ属性の相手,-,-,-,
ヌエ,とくせい,ひやひや,耐性増加,高,味方全体,ラブリー属性の味方,-,-,-,
ヌエ,キセキとくせい,ひやひや,耐性減少,低~~(30%),相手全体,アクティブ属性の相手,-,-,-,
ヌエ,とくいわざ,ズキンズキン,付与,-,相手単体,-,2ターン,高確率,-,
ヌエ,キセキとくせい,ズキンズキン,耐性減少,低~~(30%),相手全体,アクティブ属性の相手,-,-,-,
ヌエ,けものミラクル,からげんき,付与,-,相手単体,-,2ターン,中確率,-,必要MP80
ヌエ,キセキとくせい,からげんき,耐性減少,低,相手全体,アクティブ属性の相手,-,-,-,
ヌエ,キセキとくせい,ぼんやりうっかり,耐性減少,低~~(30%),相手全体,アクティブ属性の相手,-,-,-,
ヌエ,キセキとくせい,しょんぼりきぶん,耐性減少,低,相手全体,アクティブ属性の相手,-,-,-,
ヌエ,キセキとくせい,びりびり,耐性減少,低~~(30%),相手全体,アクティブ属性の相手,-,-,-,
ヌエ,キセキとくせい,ちぐはぐリズム,耐性減少,低,相手全体,アクティブ属性の相手,-,-,-,
ヌエ,キセキとくせい,ロストフラッグ,耐性減少,低,相手全体,アクティブ属性の相手,-,-,-,
ヌエ,キセキとくせい,ばてばてヒリヒリ,耐性減少,低~~(30%),相手全体,アクティブ属性の相手,-,-,-,
ヌエ,キセキとくせい,あせあせ,耐性減少,低,相手全体,アクティブ属性の相手,-,-,-,
ヌエ,キセキとくせい,全ての状態異常に関連した能力,耐性減少,低~~(30%),相手全体,アクティブ属性の相手,-,-,-,
ノドグロミツオシエ,とくせい,どく,付与,-,相手全体,アクティブ属性の相手~~自身がギブアップしたとき,3ターン,高確率,1回,
ノドグロミツオシエ,けものミラクル,ズキンズキン,解除,-,味方全体,ラブリー属性の味方,-,-,-,必要MP90
ノドグロミツオシエ,キセキとくせい,ちぐはぐリズム,耐性増加,高,味方全体,ラブリー属性の味方,-,-,-,
バーバリライオン,とくいわざ,からげんき,付与,-,相手単体,ファニー属性の相手,2ターン,高確率,-,
バイソン,けものミラクル,くたくた,付与,-,相手単体,-,2ターン,中確率,-,必要MP70
バイソン,たいきスキル,はねかえしむし,付与,-,味方全体,リラックス属性の味方,2ターン,1,3回,
バイソン,とくせい,いかく,付与,-,自身,-,-,-,-,
バイソン,たいきスキル,いかく,付与,大幅に,自身,-,2ターン,1,3回,
ハクトウワシ(緑),とくせい,すやすや,耐性増加,高,味方全体,フレンドリー属性の味方,-,-,-,
ハクトウワシ(緑),たいきスキル,ルンルンきぶん,付与,-,味方全体,-,2ターン,1,2回,行動後に発動
ハゲワシ,キセキとくせい,ズキンズキン,耐性増加,高,自身,たいりょくが50%以上,-,-,-,
ハゲワシ,とくいわざ,からげんき,付与,-,相手単体,リラックス属性の相手,3ターン,中確率,-,
ハゲワシ,とくせい,ばてばてヒリヒリ,耐性増加,高,味方全体,フレンドリー属性の味方,-,-,-,
ハシビロコウ,とくせい,くらくら,耐性増加,高,自身,-,-,-,-,
ハシビロコウ,けものミラクル,くたくた,付与,-,相手全体,-,1ターン,高確率,-,
ハシブトガラス,なないろとくせい,くらくら,耐性減少,低,相手全体,ファニー属性の相手,-,-,-,
ハシブトガラス,とくせい,ひやひや,耐性増加,高,自身,-,-,-,-,
ハシブトガラス,なないろとくせい,ひやひや,耐性減少,低,相手全体,ファニー属性の相手,-,-,-,
ハシブトガラス,たいきスキル,ルンルンきぶん,解除,-,相手全体,ファニー属性の相手,-,1,2回,
バシロサウルス・イシス,たいきスキル,しょんぼりきぶん,耐性増加,高,味方全体,マイペース属性の味方,2ターン,1,2回,
バシロサウルス・イシス,けものミラクル,しょんぼりきぶん,解除,-,味方全体,-,-,-,-,必要MP120
バシロサウルス・イシス,たいきスキル,はねかえし,付与,反射率50%,自身,フレンズ戦,2ターン,1,2回,
バシロサウルス・イシス,たいきスキル,いかく,付与,大幅に,自身,-,2ターン,1,2回,
はなまるだね！,とくせい(変化後),くらくら,耐性増加,完全耐性,自身,-,-,-,-,
はなまるだね！,とくせい(変化後),どく,耐性増加,完全耐性,自身,-,-,-,-,
はなまるだね！,とくせい(変化後),すやすや,耐性増加,完全耐性,自身,-,-,-,-,
はなまるだね！,とくせい(変化後),くたくた,耐性増加,完全耐性,自身,-,-,-,-,
はなまるだね！,とくせい(変化後),ひやひや,耐性増加,完全耐性,自身,-,-,-,-,
はなまるだね！,とくせい(変化後),ズキンズキン,耐性増加,完全耐性,自身,-,-,-,-,
はなまるだね！,とくせい(変化後),からげんき,耐性増加,完全耐性,自身,-,-,-,-,
ハブ,キセキとくせい,くらくら,耐性増加,高,味方全体,アクティブ属性の味方,-,-,-,
ハブ,けものミラクル,どく,付与,-,相手単体,-,4ターン,高確率,-,
ハブ,とくいわざ,どく,付与,-,相手単体,-,3ターン,高確率,-,
ハブ,なないろとくせい,どく,耐性増加,高,味方全体,アクティブ属性の味方,-,-,-,
ハブ,とくせい,どく,耐性減少,中~~(50%),相手全体,-,-,-,-,
ハブ,たいきスキル,はねかえし,解除,-,相手全体,マイペース属性の相手,-,1,2回,
パフィン,キセキとくせい,どく,耐性増加,高,自身,-,-,-,-,
パフィン,キセキとくせい,すやすや,耐性増加,高,自身,-,-,-,-,
パフィン,けものミラクル,くたくた,付与,-,相手単体,フレンドリー属性の相手,1ターン,高確率,-,
ハヤブサ,とくせい,どく,耐性増加,高,味方全体,マイペース属性の味方,-,-,-,
ハヤブサ,キセキとくせい,かくれみ,付与,-,自身,-,-,-,-,
パラケラテリウム,とくせい,どく,耐性増加,高,味方全体,-,-,-,-,
パンサーカメレオン,キセキとくせい,すやすや,耐性増加,高,味方全体,ファニー属性の味方,-,-,-,
バンテン,キセキとくせい,くらくら,耐性増加,低,味方全体,フレンドリー属性の味方~~たいりょく50%以上,-,-,-,
バンテン,とくせい,びりびり,耐性増加,高,味方全体,フレンドリー属性の味方,-,-,-,
バンテン,キセキとくせい,びりびり,耐性増加,低,味方全体,フレンドリー属性の味方~~たいりょく50%以上,-,-,-,
バンドウイルカ,とくせい,すやすや,耐性増加,高,自身,-,-,-,-,
バンドウイルカ(水),キセキとくせい,くらくら,耐性増加,高,自身,地形がみずべ,-,-,-,
バンドウイルカ(水),キセキとくせい,どく,耐性増加,高,自身,地形がみずべ,-,-,-,
バンドウイルカ(水),たいきスキル,どく,解除,-,自身,-,-,1,1回,
バンドウイルカ(水),とくいわざ,すやすや,付与,-,相手単体,-,2ターン,中確率,-,
バンドウイルカ(水),とくせい,すやすや,耐性増加,高,味方全体,マイペース、ファニー属性の味方~~ギブアップ状態ではない味方が3人以上,-,-,-,
バンドウイルカ(水),キセキとくせい,すやすや,耐性増加,高,自身,地形がみずべ,-,-,-,
バンドウイルカ(水),キセキとくせい,くたくた,耐性増加,高,自身,地形がみずべ,-,-,-,
バンドウイルカ(水),たいきスキル,くたくた,解除,-,自身,-,-,1,1回,
バンドウイルカ(水),キセキとくせい,ひやひや,耐性増加,高,自身,地形がみずべ,-,-,-,
バンドウイルカ(水),キセキとくせい,ズキンズキン,耐性増加,高,自身,地形がみずべ,-,-,-,
バンドウイルカ(水),たいきスキル,ズキンズキン,解除,-,自身,-,-,1,1回,
バンドウイルカ(水),とくせい,からげんき,耐性増加,高,味方全体,マイペース、ファニー属性の味方~~ギブアップ状態ではない味方が3人以上,-,-,-,
バンドウイルカ(水),キセキとくせい,からげんき,耐性増加,高,自身,地形がみずべ,-,-,-,
バンドウイルカ(水),たいきスキル,からげんき,解除,-,自身,-,-,1,1回,
バンドウイルカ(水),キセキとくせい,ぼんやりうっかり,耐性増加,高,自身,地形がみずべ,-,-,-,
バンドウイルカ(水),たいきスキル,ぼんやりうっかり,解除,-,自身,-,-,1,1回,
バンドウイルカ(水),キセキとくせい,しょんぼりきぶん,耐性増加,高,自身,地形がみずべ,-,-,-,
バンドウイルカ(水),たいきスキル,しょんぼりきぶん,解除,-,自身,-,-,1,1回,
バンドウイルカ(水),キセキとくせい,びりびり,耐性増加,高,自身,地形がみずべ,-,-,-,
バンドウイルカ(水),たいきスキル,びりびり,解除,-,自身,-,-,1,1回,
バンドウイルカ(水),キセキとくせい,ちぐはぐリズム,耐性増加,高,自身,地形がみずべ,-,-,-,
バンドウイルカ(水),たいきスキル,ちぐはぐリズム,解除,-,自身,-,-,1,1回,
バンドウイルカ(水),キセキとくせい,ロストフラッグ,耐性増加,高,自身,地形がみずべ,-,-,-,
バンドウイルカ(水),たいきスキル,ロストフラッグ,解除,-,自身,-,-,1,1回,
バンドウイルカ(水),キセキとくせい,ばてばてヒリヒリ,耐性増加,高,自身,地形がみずべ,-,-,-,
バンドウイルカ(水),たいきスキル,ばてばてヒリヒリ,解除,-,自身,-,-,1,1回,
バンドウイルカ(水),キセキとくせい,あせあせ,耐性増加,高,自身,地形がみずべ,-,-,-,
バンドウイルカ(水),キセキとくせい,全ての状態異常に関連した能力,耐性増加,高,自身,地形がみずべ,-,-,-,
バンドウイルカ(水),たいきスキル,全ての状態異常に関連した能力,解除,-,自身,-,-,1,1回,
ピーチパンサー,とくせい,くらくら,耐性増加,完全耐性,自身,-,-,-,-,
ピーチパンサー,とくせい,どく,耐性増加,完全耐性,自身,-,-,-,-,
ピーチパンサー,とくせい,すやすや,耐性増加,完全耐性,自身,-,-,-,-,
ピーチパンサー,とくせい,くたくた,耐性増加,完全耐性,自身,-,-,-,-,
ピーチパンサー,とくせい,ひやひや,耐性増加,完全耐性,自身,-,-,-,-,
ピーチパンサー,とくせい,ズキンズキン,耐性増加,完全耐性,自身,-,-,-,-,
ピーチパンサー,とくせい,からげんき,耐性増加,完全耐性,自身,-,-,-,-,
ピーチパンサー,とくせい,ぼんやりうっかり,耐性増加,完全耐性,自身,-,-,-,-,
ピーチパンサー,とくせい,しょんぼりきぶん,耐性増加,完全耐性,自身,-,-,-,-,
ピーチパンサー,とくせい,びりびり,耐性増加,完全耐性,自身,-,-,-,-,
ピーチパンサー,とくせい,ちぐはぐリズム,耐性増加,完全耐性,自身,-,-,-,-,
ピーチパンサー,とくせい,ロストフラッグ,耐性増加,完全耐性,自身,-,-,-,-,
ピーチパンサー,とくせい,ばてばてヒリヒリ,耐性増加,完全耐性,自身,-,-,-,-,
ピーチパンサー,とくせい,あせあせ,耐性増加,完全耐性,自身,-,-,-,-,
ピーチパンサー,とくせい,全ての状態異常に関連した能力,耐性増加,完全耐性,自身,-,-,-,-,
ピーチパンサー(黄緑),とくいわざ,くらくら,付与,-,相手単体,-,2ターン,中確率,-,
ピーチパンサー(黄緑),キセキとくせい,くらくら,耐性増加,完全耐性,自身,-,-,-,-,
ピーチパンサー(黄緑),キセキとくせい,どく,耐性増加,完全耐性,自身,-,-,-,-,
ピーチパンサー(黄緑),キセキとくせい,すやすや,耐性増加,完全耐性,自身,-,-,-,-,
ピーチパンサー(黄緑),キセキとくせい,くたくた,耐性増加,完全耐性,自身,-,-,-,-,
ピーチパンサー(黄緑),キセキとくせい,ひやひや,耐性増加,完全耐性,自身,-,-,-,-,
ピーチパンサー(黄緑),とくいわざ,ズキンズキン,付与,-,相手単体,-,2ターン,中確率,-,
ピーチパンサー(黄緑),キセキとくせい,ズキンズキン,耐性増加,完全耐性,自身,-,-,-,-,
ピーチパンサー(黄緑),キセキとくせい,からげんき,耐性増加,完全耐性,自身,-,-,-,-,
ピーチパンサー(黄緑),キセキとくせい,ぼんやりうっかり,耐性増加,高,味方全体,-,-,-,-,
ピーチパンサー(黄緑),キセキとくせい,ぼんやりうっかり,耐性増加,完全耐性,自身,-,-,-,-,
ピーチパンサー(黄緑),キセキとくせい,しょんぼりきぶん,耐性増加,完全耐性,自身,-,-,-,-,
ピーチパンサー(黄緑),たいきスキル,しょんぼりきぶん,解除,-,味方全体,アクティブ、ファニー~~属性の味方,-,1,1回,
ピーチパンサー(黄緑),キセキとくせい,びりびり,耐性増加,完全耐性,自身,-,-,-,-,
ピーチパンサー(黄緑),キセキとくせい,ちぐはぐリズム,耐性増加,高,味方全体,アクティブ属性の味方,-,-,-,
ピーチパンサー(黄緑),キセキとくせい,ちぐはぐリズム,耐性増加,完全耐性,自身,-,-,-,-,
ピーチパンサー(黄緑),キセキとくせい,ロストフラッグ,耐性増加,完全耐性,自身,-,-,-,-,
ピーチパンサー(黄緑),キセキとくせい,ばてばてヒリヒリ,耐性増加,完全耐性,自身,-,-,-,-,
ピーチパンサー(黄緑),キセキとくせい,あせあせ,耐性増加,完全耐性,自身,-,-,-,-,
ピーチパンサー(黄緑),キセキとくせい,全ての状態異常に関連した能力,耐性増加,完全耐性,自身,-,-,-,-,
ひかりあつめ,とくせい(変化前),ロストフラッグ,耐性増加,中,自身,-,-,-,-,
ひかりあつめ,とくせい(変化後),ロストフラッグ,耐性増加,高,自身,-,-,-,-,
ヒクイドリ,キセキとくせい,どく,耐性増加,高,自身,-,-,-,-,
ヒクイドリ,キセキとくせい,ズキンズキン,耐性増加,高,自身,-,-,-,-,
ヒクイドリ,とくいわざ,しょんぼりきぶん,付与,-,相手単体,-,2ターン,低確率,-,
ヒクイドリ,とくせい,ばてばてヒリヒリ,耐性増加,高,味方全体,フレンドリー属性の味方,-,-,-,
ひぐまモン,とくせい,くらくら,耐性増加,高,味方全体,マイペース属性の味方,-,-,-,
ひぐまモン,たいきスキル,ばてばてヒリヒリ,耐性増加,高,味方全体,マイペース属性の味方,2ターン,1,1回,
ヒゲペンギン,キセキとくせい,ひやひや,耐性増加,高,味方全体,フレンドリー属性の味方,-,-,-,
ヒゲペンギン,たいきスキル,ロストフラッグ,耐性増加,高,味方全体,-,2ターン,0.8,∞,
ヒツジ,とくいわざ,くらくら,付与,-,相手単体,-,2ターン,低確率,-,
ヒツジ,けものミラクル,すやすや,付与,-,相手全体,-,2ターン,高確率,-,
ヒツジ,とくせい,すやすや,耐性増加,中,自身,たいりょく60%以下,-,-,-,
ヒツジ,なないろとくせい,すやすや,耐性減少,中,相手全体,たいりょく60%以下~~フレンドリー属性の相手,-,-,-,
ひっそりまったり,とくせい(変化前),かくれみ,付与,少しだけ,自身,-,-,-,-,-
ひっそりまったり,とくせい(変化後),かくれみ,付与,少しだけ~~(3),自身,-,-,-,-,-
ヒメアリクイ,なないろとくせい,くらくら,耐性減少,中,相手全体,-,-,-,-,
ヒメアリクイ,たいきスキル,どく,解除,-,自身,-,-,1,2回,
ヒメアリクイ,たいきスキル,くたくた,解除,-,自身,-,-,1,2回,
ヒメアリクイ,キセキとくせい,ひやひや,耐性増加,高,自身,-,-,-,-,
ヒメアリクイ,たいきスキル,ズキンズキン,解除,-,自身,-,-,1,2回,
ヒメアリクイ,たいきスキル,からげんき,解除,-,自身,-,-,1,2回,
ヒメアリクイ,なないろとくせい,あせあせ,耐性増加,中,味方全体,ラブリー属性の味方,-,-,-,
ヒメアリクイ(フォト),とくせい(変化前),かくれみ,付与,少しだけ,自身,-,-,-,-,
ヒメアリクイ(フォト),とくせい(変化後),かくれみ,付与,-,自身,-,-,-,-,
ヒメアルマジロ,とくいわざ,くらくら,付与,-,相手単体,リラックス属性の相手,1ターン,中確率,-,
ヒメアルマジロ,けものミラクル,ルンルンきぶん,付与,-,味方全体,フレンドリー属性の味方,2ターン,-,-,
ヒメアルマジロ,たいきスキル,はねかえし,付与,反射率60%,自身,-,2ターン,1,1回,
ヒメアルマジロ,たいきスキル,毎ターンMP減少,解除,-,味方全体,フレンドリー属性の味方,-,1,2回,
ヒメアルマジロ,たいきスキル,いかく,付与,-,自身,-,2ターン,1,2回,
ヒメウォンバット,キセキとくせい,ぼんやりうっかり,耐性増加,高,味方全体,アクティブ属性の味方,-,-,-,
ヒメウォンバット,けものミラクル,いかく,付与,大幅に,自身,-,2ターン,-,-,必要MP90
ぴゃーっとちゅうもく！,とくせい(変化前・後),いかく,付与,-,自身,-,-,-,-,
ビャクダ,とくいわざ,くたくた,付与,-,相手単体,-,2ターン,中確率,-,
ビャクダ,たいきスキル,ルンルンきぶん,解除,-,相手単体,-,-,1,1回,
ビャッコ,とくいわざ,くらくら,付与,-,相手単体,相手が3体以上のとき,1ターン,高確率,-,
ビャッコ,たいきスキル,どく,解除,-,自身,-,-,1,1回,
ビャッコ,たいきスキル,くたくた,解除,-,自身,-,-,1,1回,
ビャッコ,たいきスキル,ズキンズキン,解除,-,自身,-,-,1,1回,
ビャッコ,キセキとくせい,からげんき,耐性増加,高,味方全体,-,-,-,-,
ビャッコ,たいきスキル,からげんき,解除,-,自身,-,-,1,1回,
ビャッコ,たいきスキル,ぼんやりうっかり,解除,-,自身,-,-,1,1回,
ビャッコ,けものミラクル,しょんぼりきぶん,付与,-,相手単体,リラックス属性の相手,3ターン,高確率,-,
ビャッコ,たいきスキル,しょんぼりきぶん,解除,-,自身,-,-,1,1回,
ビャッコ,たいきスキル,びりびり,解除,-,自身,-,-,1,1回,
ビャッコ,たいきスキル,ちぐはぐリズム,解除,-,自身,-,-,1,1回,
ビャッコ,たいきスキル,ロストフラッグ,解除,-,自身,-,-,1,1回,
ビャッコ,たいきスキル,ばてばてヒリヒリ,解除,-,自身,-,-,1,1回,
ビャッコ,たいきスキル,全ての状態異常に関連した能力,解除,-,自身,-,-,1,1回,
ピューマ,とくせい,かくれみ,付与,-,自身,ステージの時間が夜,-,-,-,
ヒョウ,けものミラクル,くらくら,付与,-,相手単体,マイペース属性の相手,1ターン,高確率,-,
ヒョウ,とくせい,はねかえしむし,付与,-,自身,-,-,-,-,
ビントロング,とくせい,ひやひや,耐性増加,高,味方全体,フレンドリー属性の味方,-,-,-,
ビントロング,たいきスキル,毎ターンMP減少,解除,-,味方全体,フレンドリー属性の味方,-,1,2回,
ひんやり雪隠れ♪,とくせい(変化前・後),かくれみ,付与,-~~(50),自身,寒冷地,-,-,-,-
フェネック,とくせい,どく,耐性増加,高,自身,-,-,-,-,
フェネック(桃),とくせい,くらくら,耐性増加,高,自身,-,-,-,-,
フェネック(桃),キセキとくせい,ぼんやりうっかり,耐性増加,完全耐性,自身,地形がさばく,-,-,-,
フェネック(桃),キセキとくせい,しょんぼりきぶん,耐性増加,完全耐性,自身,地形がさばく,-,-,-,
フェネック(桃),キセキとくせい,びりびり,耐性増加,完全耐性,自身,地形がさばく,-,-,-,
フェネック(桃),キセキとくせい,ちぐはぐリズム,耐性増加,完全耐性,自身,地形がさばく,-,-,-,
フェネック(桃),キセキとくせい,ロストフラッグ,耐性増加,完全耐性,自身,地形がさばく,-,-,-,
フェネック(桃),キセキとくせい,ばてばてヒリヒリ,耐性増加,完全耐性,自身,地形がさばく,-,-,-,
フェネック(桃),キセキとくせい,あせあせ,耐性増加,完全耐性,自身,地形がさばく,-,-,-,
フェネック(桃),キセキとくせい,全ての状態異常に関連した能力,耐性増加,完全耐性,自身,地形がさばく,-,-,-,
フォークランドカラカラ,なないろとくせい,どく,耐性増加,高,自身,-,-,-,-,
フォークランドカラカラ,たいきスキル,ルンルンきぶん,解除,-,相手全体,リラックス属性の相手,-,1,2回,
フォッサ,たいきスキル,くらくら,耐性増加,高,味方全体,マイペース属性の味方,5ターン,1,1回,
フォッサ,けものミラクル,ズキンズキン,付与,-,相手単体,ラブリー属性の相手,3ターン,高確率,-,
フォッサ,とくいわざ,ズキンズキン,付与,-,相手単体,-,2ターン,低確率,-,
フォッサ,なないろとくせい,いかく,付与,-,自身,強敵出現wave,-,-,-,
フクロオオカミ,けものミラクル,くらくら,耐性増加,中,味方全体,リラックス属性の味方,2ターン,-,-,必要MP110
フクロオオカミ,けものミラクル,くらくら,解除,-,味方全体,リラックス属性の味方,-,-,-,必要MP110
フクロオオカミ,けものミラクル,どく,耐性増加,中,味方全体,リラックス属性の味方,2ターン,-,-,必要MP110
フクロオオカミ,けものミラクル,どく,解除,-,味方全体,リラックス属性の味方,-,-,-,必要MP110
フクロオオカミ,けものミラクル,すやすや,耐性増加,中,味方全体,リラックス属性の味方,2ターン,-,-,必要MP110
フクロオオカミ,けものミラクル,すやすや,解除,-,味方全体,リラックス属性の味方,-,-,-,必要MP110
フクロオオカミ,けものミラクル,くたくた,耐性増加,中,味方全体,リラックス属性の味方,2ターン,-,-,必要MP110
フクロオオカミ,けものミラクル,くたくた,解除,-,味方全体,リラックス属性の味方,-,-,-,必要MP110
フクロオオカミ,とくいわざ,くたくた,耐性減少,中,相手単体,-,3ターン,低確率,-,
フクロオオカミ,けものミラクル,ひやひや,耐性増加,中,味方全体,リラックス属性の味方,2ターン,-,-,必要MP110
フクロオオカミ,けものミラクル,ひやひや,解除,-,味方全体,リラックス属性の味方,-,-,-,必要MP110
フクロオオカミ,けものミラクル,ズキンズキン,耐性増加,中,味方全体,リラックス属性の味方,2ターン,-,-,必要MP110
フクロオオカミ,けものミラクル,ズキンズキン,解除,-,味方全体,リラックス属性の味方,-,-,-,必要MP110
フクロオオカミ,けものミラクル,からげんき,耐性増加,中,味方全体,リラックス属性の味方,2ターン,-,-,必要MP110
フクロオオカミ,けものミラクル,からげんき,解除,-,味方全体,リラックス属性の味方,-,-,-,必要MP110
フクロオオカミ,けものミラクル,ぼんやりうっかり,耐性増加,中,味方全体,リラックス属性の味方,2ターン,-,-,必要MP110
フクロオオカミ,けものミラクル,ぼんやりうっかり,解除,-,味方全体,リラックス属性の味方,-,-,-,必要MP110
フクロオオカミ,けものミラクル,しょんぼりきぶん,耐性増加,中,味方全体,リラックス属性の味方,2ターン,-,-,必要MP110
フクロオオカミ,けものミラクル,しょんぼりきぶん,解除,-,味方全体,リラックス属性の味方,-,-,-,必要MP110
フクロオオカミ,けものミラクル,びりびり,耐性増加,中,味方全体,リラックス属性の味方,2ターン,-,-,必要MP110
フクロオオカミ,けものミラクル,びりびり,解除,-,味方全体,リラックス属性の味方,-,-,-,必要MP110
フクロオオカミ,とくせい,ちぐはぐリズム,耐性増加,高,味方全体,リラックス属性の味方,-,-,-,
フクロオオカミ,けものミラクル,ちぐはぐリズム,耐性増加,中,味方全体,リラックス属性の味方,2ターン,-,-,必要MP110
フクロオオカミ,けものミラクル,ちぐはぐリズム,解除,-,味方全体,リラックス属性の味方,-,-,-,必要MP110
フクロオオカミ,けものミラクル,ロストフラッグ,耐性増加,中,味方全体,リラックス属性の味方,2ターン,-,-,必要MP110
フクロオオカミ,けものミラクル,ロストフラッグ,解除,-,味方全体,リラックス属性の味方,-,-,-,必要MP110
フクロオオカミ,けものミラクル,ばてばてヒリヒリ,耐性増加,中,味方全体,リラックス属性の味方,2ターン,-,-,必要MP110
フクロオオカミ,けものミラクル,ばてばてヒリヒリ,解除,-,味方全体,リラックス属性の味方,-,-,-,必要MP110
フクロオオカミ,けものミラクル,あせあせ,耐性増加,中,味方全体,リラックス属性の味方,2ターン,-,-,必要MP110
フクロオオカミ,けものミラクル,あせあせ,解除,-,味方全体,リラックス属性の味方,-,-,-,必要MP110
フクロオオカミ,けものミラクル,全ての状態異常に関連した能力,耐性増加,中,味方全体,リラックス属性の味方,2ターン,-,-,必要MP110
フクロオオカミ,けものミラクル,全ての状態異常に関連した能力,解除,-,味方全体,リラックス属性の味方,-,-,-,必要MP110
フクロオオカミ,たいきスキル,かくれみ,付与,-,自身,-,2ターン,0.7,∞,
フクロネコ,けものミラクル,くらくら,付与,-,相手単体,リラックス属性の相手,1ターン,高確率,-,
フクロネコ,とくせい,しょんぼりきぶん,耐性増加,高,自身,-,-,-,-,
フクロネコ,とくいわざ,ちぐはぐリズム,付与,-,相手単体,リラックス属性の相手,1ターン,高確率,-,
フクロネコ,とくせい,ちぐはぐリズム,耐性増加,高,自身,-,-,-,-,
フクロミツスイ,とくせい,くらくら,耐性増加,低,自身,ステージの時間が夜,-,-,-,
フクロミツスイ,とくせい,どく,耐性増加,低,自身,ステージの時間が夜,-,-,-,
フクロミツスイ,とくせい,すやすや,耐性増加,高,味方全体,ラブリー属性の味方,-,-,-,
フクロミツスイ,とくせい,すやすや,耐性増加,低,自身,ステージの時間が夜,-,-,-,
フクロミツスイ,とくせい,くたくた,耐性増加,低,自身,ステージの時間が夜,-,-,-,
フクロミツスイ,とくせい,ひやひや,耐性増加,低,自身,ステージの時間が夜,-,-,-,
フクロミツスイ,とくせい,ズキンズキン,耐性増加,低,自身,ステージの時間が夜,-,-,-,
フクロミツスイ,とくせい,からげんき,耐性増加,低,自身,ステージの時間が夜,-,-,-,
フクロミツスイ,とくせい,ぼんやりうっかり,耐性増加,低,自身,ステージの時間が夜,-,-,-,
フクロミツスイ,とくせい,しょんぼりきぶん,耐性増加,低,自身,ステージの時間が夜,-,-,-,
フクロミツスイ,とくせい,びりびり,耐性増加,低,自身,ステージの時間が夜,-,-,-,
フクロミツスイ,とくせい,ちぐはぐリズム,耐性増加,低,自身,ステージの時間が夜,-,-,-,
フクロミツスイ,とくせい,ロストフラッグ,耐性増加,低,自身,ステージの時間が夜,-,-,-,
フクロミツスイ,とくせい,ばてばてヒリヒリ,耐性増加,低,自身,ステージの時間が夜,-,-,-,
フクロミツスイ,とくせい,あせあせ,耐性増加,低,自身,ステージの時間が夜,-,-,-,
フクロミツスイ,とくせい,全ての状態異常に関連した能力,耐性増加,低,自身,ステージの時間が夜,-,-,-,
ふしぎなうた,とくせい(変化前・後),いかく,付与,-~~(70),自身,-,-,-,-,-
ブタ,とくせい,くらくら,耐性増加,高,自身,-,-,-,-,
ブチハイエナ,けものミラクル,くたくた,付与,-,相手単体,-,2ターン,高確率,-,
ブチハイエナ,とくせい,くたくた,耐性増加,高,味方全体,フレンドリー属性の味方,-,-,-,
ブラックサーバル,とくせい,くらくら,耐性増加,高,自身,セルリアン戦,-,-,-,
ブラックサーバル,とくせい,すやすや,耐性増加,高,自身,セルリアン戦,-,-,-,
ブラックサーバル,けものミラクル,しょんぼりきぶん,付与,-,相手単体,セルリアン戦,1ターン,確定付与,-,必要MP140
ブラックサーバル,とくせい,びりびり,耐性増加,高,自身,セルリアン戦,-,-,-,
ブラックサーバル,たいきスキル,ルンルンきぶん,解除,-,相手全体,-,-,1,1回,
ブラックサーバル,キセキとくせい,ためこみ上手,付与,-,自身,-,-,-,-,
ブラックジャガー(桃),とくせい,どく,耐性増加,高,自身,-,-,-,-,
ブラックジャガー(桃),キセキとくせい,はねかえし,付与,反射率150%,自身,強敵出現wave,-,-,-,
ブラックジャガー(桃),けものミラクル,はねかえし,解除,-,相手単体,-,-,-,-,
ブラックジャガー(桃),たいきスキル,はねかえし,解除,-,相手全体,強敵,-,1,2回,
ブラックバック(赤),とくいわざ,どく,解除,-,自身,-,-,低確率,-,
ブラックバック(赤),とくいわざ,くたくた,解除,-,自身,-,-,低確率,-,
ブラックバック(赤),とくいわざ,ひやひや,解除,-,自身,-,-,低確率,-,
ブラックバック(赤),とくいわざ,ズキンズキン,解除,-,自身,-,-,低確率,-,
ブラックバック(赤),とくいわざ,からげんき,解除,-,自身,-,-,低確率,-,
ブラックバック(赤),とくせい,ぼんやりうっかり,耐性増加,高,味方全体,ファニー属性の味方,-,-,-,
ブラックバック(赤),とくいわざ,ぼんやりうっかり,解除,-,自身,-,-,低確率,-,
ブラックバック(赤),とくいわざ,しょんぼりきぶん,解除,-,自身,-,-,低確率,-,
ブラックバック(赤),とくいわざ,びりびり,解除,-,自身,-,-,低確率,-,
ブラックバック(赤),とくいわざ,ちぐはぐリズム,解除,-,自身,-,-,低確率,-,
ブラックバック(赤),とくいわざ,ロストフラッグ,解除,-,自身,-,-,低確率,-,
ブラックバック(赤),とくいわざ,ばてばてヒリヒリ,解除,-,自身,-,-,低確率,-,
ブラックバック(赤),とくいわざ,あせあせ,解除,-,自身,-,-,低確率,-,
ブラックバック(赤),とくいわざ,全ての状態異常に関連した能力,解除,-,自身,-,-,低確率,-,
ブラックマンバ,けものミラクル,どく,付与,-,相手単体,-,3ターン,高確率,-,必要MP80
ブラックマンバ,とくいわざ,どく,付与,-,相手単体,-,2ターン,中確率,-,
ブラックマンバ,とくせい,どく,耐性増加,中,味方全体,フレンドリー属性の味方,-,-,-,
ブラックマンバ,たいきスキル,どく,解除,-,味方全体,フレンドリー属性の味方,-,1,2回,
ブラックマンバ,キセキとくせい,どく,耐性減少,中~~(50%),相手全体,-,-,-,-,
ブラッザグエノン,とくいわざ,からげんき,付与,-,相手単体,マイペース属性の相手,2ターン,高確率,-,
ブラッザグエノン,キセキとくせい,びりびり,耐性増加,高,味方全体,アクティブ属性の味方,-,-,-,
ブラッザグエノン,たいきスキル,ルンルンきぶん,付与,-,自身,-,3ターン,1,2回,
フルーツみーつけた！,とくせい(変化前),どく,耐性増加,低~~(30%),自身,-,-,-,-,
フルーツみーつけた！,とくせい(変化後),どく,耐性増加,中~~(50%),自身,-,-,-,-,
フルーツみーつけた！,とくせい(変化前),ズキンズキン,耐性増加,低~~(30%),自身,-,-,-,-,
フルーツみーつけた！,とくせい(変化後),ズキンズキン,耐性増加,中~~(50%),自身,-,-,-,-,
フルーツみーつけた！,とくせい(変化前),びりびり,耐性増加,低~~(30%),自身,-,-,-,-,
フルーツみーつけた！,とくせい(変化後),びりびり,耐性増加,中~~(50%),自身,-,-,-,-,
ぷろのどうぐ,とくせい(変化前・後),かくれみ,付与,少しだけ~~(2.5),自身,-,-,-,-,-
プロングホーン,とくせい,くらくら,耐性増加,高,自身,-,-,-,-,
プロングホーン,けものミラクル,ズキンズキン,付与,-,相手単体,マイペース属性の相手,2ターン,高確率,-,
プロングホーン,とくいわざ,ズキンズキン,付与,-,相手単体,マイペース属性の相手,2ターン,中確率,-,
プロングホーン,とくせい,ズキンズキン,耐性増加,高,自身,-,-,-,-,
ふわふわわたあめ,とくせい(変化前),かくれみ,付与,少しだけ~~(2),自身,-,-,-,-,-
ふわふわわたあめ,とくせい(変化後),かくれみ,付与,少しだけ,自身,-,-,-,-,-
フンボルトペンギン,とくいわざ,くらくら,付与,-,相手単体,ラブリー属性の相手,1ターン,低確率,-,
フンボルトペンギン,とくせい,からげんき,耐性増加,高,味方全体,マイペース属性の味方,-,-,-,
フンボルトペンギン,とくせい,かくれみ,付与,少しだけ,自身,-,-,-,-,
ヘビクイワシ,けものミラクル,くらくら,付与,-,相手単体,アクティブ属性の相手,1ターン,高確率,-,
ヘビクイワシ,とくせい,どく,耐性増加,完全耐性,自身,-,-,-,-,
ヘラジカ,とくせい,ひやひや,耐性増加,高,自身,-,-,-,-,
ホッキョクウサギ,けものミラクル,どく,解除,-,味方全体,ラブリー属性の味方,-,-,-,必要MP90
ホッキョクウサギ,とくせい,ひやひや,耐性増加,高,自身,-,-,-,-,
ホッキョクオオカミ,キセキとくせい,すやすや,耐性増加,高,自身,地形が寒冷地,-,-,-,
ホッキョクオオカミ,キセキとくせい,くたくた,耐性増加,高,自身,地形が寒冷地,-,-,-,
ホッキョクオオカミ,けものミラクル,ひやひや,付与,3回,相手単体,-,-,高確率,-,
ホッキョクオオカミ,とくいわざ,ひやひや,付与,3回,相手単体,ラブリー属性の相手,-,中確率,-,
ホッキョクオオカミ,キセキとくせい,ひやひや,耐性増加,高,自身,-,-,-,-,
ホッキョクオオカミ,けものミラクル,ズキンズキン,付与,-,相手単体,-,1ターン,高確率,-,
ホッキョクオオカミ,キセキとくせい,ぼんやりうっかり,耐性増加,高,自身,地形が寒冷地,-,-,-,
ホッキョクギツネ,なないろとくせい,すやすや,耐性増加,高,味方全体,ラブリー属性の味方,-,-,-,
ホッキョクギツネ,けものミラクル,ひやひや,付与,3回,相手全体,-,-,高確率,-,
ホッキョクギツネ,たいきスキル,ひやひや,付与,3回,自身,-,-,(表記なし)超高確率~~たいき発動率100%,2回,
ホッキョクギツネ,たいきスキル,毎ターンMP減少,解除,-,味方全体,ラブリー属性の味方,-,1,2回,
ホッキョクグマ,キセキとくせい,くたくた,耐性増加,高,味方全体,マイペース属性の味方,-,-,-,
ホッキョクグマ,けものミラクル,ひやひや,付与,3回,相手全体,-,-,高確率,-,
ホッキョクグマ,とくいわざ,ひやひや,付与,3回,相手単体,-,-,中確率,-,
ホッキョクグマ,とくせい,ひやひや,耐性増加,高,自身,-,-,-,-,
ホッキョクグマ,とくいわざ,からげんき,付与,-,相手単体,-,1ターン,中確率,-,
ホッキョクグマ,とくせい,ぼんやりうっかり,耐性増加,高,自身,-,-,-,-,
ボブキャット,とくせい,びりびり,耐性増加,高,味方全体,ラブリー属性の味方,-,-,-,
ボブキャット,とくいわざ,ちぐはぐリズム,付与,-,相手単体,-,2ターン,中確率,-,
ボブキャット,たいきスキル,いかく,付与,-,自身,-,1ターン,1,1回,
ホラアナライオン,キセキとくせい,ひやひや,耐性増加,高,味方全体,リラックス属性の味方,-,-,-,
ホラアナライオン,とくせい,ズキンズキン,耐性増加,高,自身,-,-,-,-,
ホラアナライオン,とくせい,ぼんやりうっかり,耐性増加,高,自身,-,-,-,-,
ホルスタイン,とくせい,くらくら,耐性増加,高,自身,-,-,-,-,
ホルスタイン,とくせい,ひやひや,耐性増加,高,自身,-,-,-,-,
ボルネオゾウ,とくせい,ロストフラッグ,耐性増加,高,味方全体,アクティブ属性の味方,-,-,-,
ボルネオゾウ,けものミラクル,いかく,付与,大幅に,自身,-,3ターン,-,-,必要MP140
ボルネオゾウ,たいきスキル,いかく,付与,-,自身,-,4ターン,1,2回,
ホワイトカリブー,けものミラクル,くたくた,付与,-,相手全体,アクティブ属性の相手,2ターン,中確率,-,必要MP100
ホワイトカリブー,とくいわざ,ひやひや,付与,3回,相手単体,-,-,中確率,-,
ホワイトカリブー,キセキとくせい,ひやひや,耐性増加,完全耐性,自身,-,-,-,-,
ホワイトカリブー,とくせい,ロストフラッグ,耐性増加,高,味方全体,ラブリー属性の味方,-,-,-,
ホワイトカリブー,たいきスキル,いかく,付与,-,自身,-,3ターン,1,2回,
ホワイトカリブー,とくせい,かくれみ,付与,少しだけ~~(60),自身,-,-,-,-,
ホワイトサーバル,とくせい,すやすや,耐性増加,高,自身,-,-,-,-,
ホワイトサーバル,とくせい,くたくた,耐性増加,高,自身,-,-,-,-,
ホワイトサーバル,けものミラクル,ズキンズキン,付与,-,相手単体,フレンドリー属性の相手,3ターン,高確率,-,
ホワイトサーバル,けものミラクル,からげんき,付与,-,相手単体,フレンドリー属性の相手,3ターン,高確率,-,
ホワイトサーバル(桃),とくいわざ,ズキンズキン,付与,-,相手単体,アクティブ、フレンドリー属性の相手,2ターン,高確率,-,
ホワイトサーバル(桃),とくいわざ,からげんき,付与,-,相手単体,アクティブ、フレンドリー属性の相手,-,高確率,-,
ホワイトサーバル(桃),とくせい,からげんき,耐性増加,高,味方全体,ラブリー、ファニー属性の味方,-,-,-,
ホワイトサーバル(桃),とくせい,あせあせ,耐性増加,高,味方全体,ラブリー、ファニー属性の味方,-,-,-,
ホワイトサーバル(桃),けものミラクル,ルンルンきぶん,付与,-,味方全体,-,2ターン,-,-,必要MP140
ホワイトタイガー,とくせい,からげんき,耐性増加,高,自身,-,-,-,-,
ホワイトタイガー,キセキとくせい,はねかえしむし,付与,-,自身,-,-,-,-,
ホワイトライオン,けものミラクル,ひやひや,付与,3回,相手単体,-,-,高確率,-,
ホワイトライオン,なないろとくせい,ひやひや,耐性減少,中,相手全体,地形が寒冷地,-,-,-,
ホワイトライオン,たいきスキル,いかく,付与,-,自身,-,1ターン,1,3回,
ホワイトライオン(青),たいきスキル,どく,解除,-,自身,-,-,1,2回,
ホワイトライオン(青),とくせい,くたくた,耐性増加,高,味方全体,リラックス、ラブリー属性の味方,-,-,-,
ホワイトライオン(青),たいきスキル,くたくた,解除,-,自身,-,-,1,2回,
ホワイトライオン(青),けものミラクル,ひやひや,付与,3回,相手単体,-,-,高確率,-,必要MP110
ホワイトライオン(青),けものミラクル,ひやひや,付与,3回,自身,-,-,高確率,-,必要MP110
ホワイトライオン(青),とくいわざ,ひやひや,付与,3回,相手単体,-,-,中確率,-,
ホワイトライオン(青),とくいわざ,ひやひや,耐性減少,中,相手単体,ファニー、アクティブ属性の相手,2ターン,高確率,-,
ホワイトライオン(青),たいきスキル,ズキンズキン,解除,-,自身,-,-,1,2回,
ホワイトライオン(青),たいきスキル,からげんき,解除,-,自身,-,-,1,2回,
ホワイトライオン(青),たいきスキル,ぼんやりうっかり,解除,-,自身,-,-,1,2回,
ホワイトライオン(青),たいきスキル,しょんぼりきぶん,解除,-,自身,-,-,1,2回,
ホワイトライオン(青),たいきスキル,びりびり,解除,-,自身,-,-,1,2回,
ホワイトライオン(青),たいきスキル,ちぐはぐリズム,解除,-,自身,-,-,1,2回,
ホワイトライオン(青),たいきスキル,ロストフラッグ,解除,-,自身,-,-,1,2回,
ホワイトライオン(青),とくせい,ばてばてヒリヒリ,耐性増加,高,味方全体,リラックス、ラブリー属性の味方,-,-,-,
ホワイトライオン(青),たいきスキル,ばてばてヒリヒリ,解除,-,自身,-,-,1,2回,
ホワイトライオン(青),たいきスキル,全ての状態異常に関連した能力,解除,-,自身,-,-,1,2回,
マーゲイ,なないろとくせい,コチョコチョマスター,付与,発生率+50%,自身,フレンズ戦,-,-,-,
マーゲイ,けものミラクル,いかく,付与,大幅に,自身,-,2ターン,-,-,
マーゲイ,とくいわざ,いかく,付与,少しだけ,自身,-,1ターン,-,-,
マーモット,とくせい,ズキンズキン,耐性増加,高,味方全体,フレンドリー属性の味方,-,-,-,
マイルカ,とくせい,どく,耐性増加,低,自身,-,-,-,-,
マイルカ,とくせい,どく,耐性増加,中,自身,地形がみずべ,-,-,-,
マイルカ,とくせい,すやすや,耐性増加,低,自身,-,-,-,-,
マイルカ,とくせい,すやすや,耐性増加,中,自身,地形がみずべ,-,-,-,
マイルカ(黄緑),とくせい,ひやひや,耐性増加,高,自身,-,-,-,-,
マイルカ(黄緑),たいきスキル,ルンルンきぶん,付与,-,味方全体,-,2ターン,1,2回,行動後に発動
マカミ,とくせい,ぼんやりうっかり,耐性増加,高,自身,-,-,-,-,
マカミ,けものミラクル,しょんぼりきぶん,付与,-,相手単体,リラックス属性の相手,2ターン,高確率,-,
マカミ,キセキとくせい,ちぐはぐリズム,耐性増加,高,味方全体,フレンドリー属性の味方,-,-,-,
マカミ,とくせい,ばてばてヒリヒリ,耐性増加,高,自身,-,-,-,-,
マサイキリン,とくいわざ,ズキンズキン,付与,-,相手単体,ファニー属性の相手,2ターン,高確率,-,
マサイキリン,キセキとくせい,ズキンズキン,耐性増加,高,自身,-,-,-,-,
マサイキリン,キセキとくせい,ばてばてヒリヒリ,耐性増加,高,自身,-,-,-,-,
マサイキリン,たいきスキル,ルンルンきぶん,解除,-,相手全体,ファニー属性の相手,-,0.8,∞,
マナティー,たいきスキル,毎ターンMP減少,解除,-,味方全体,リラックス属性の味方,-,0.7,3回,
マヌルネコ,けものミラクル,ひやひや,付与,3回,相手単体,ファニー属性の相手,-,高確率,-,
マヌルネコ,とくせい,ひやひや,耐性増加,高,自身,-,-,-,-,
マヌルネコ,とくせい,からげんき,耐性増加,高,自身,-,-,-,-,
マヌルネコ,たいきスキル,はねかえし,解除,-,相手全体,ファニー属性の相手,-,1,1回,
マヌルネコ(桃),けものミラクル,くらくら,付与,-,相手単体,-,1ターン,高確率,-,
マヌルネコ(桃),たいきスキル,くらくら,耐性減少,中~~(50%),相手全体,アクティブ属性の相手,2ターン,1,1回,
マヌルネコ(桃),とくいわざ,ひやひや,付与,3回,相手単体,-,-,中確率,-,
マヌルネコ(桃),とくせい,ひやひや,耐性増加,高,自身,-,-,-,-,
マヌルネコ(桃),キセキとくせい,ぼんやりうっかり,耐性増加,高,自身,-,-,-,-,
マネキネコ,とくせい,ズキンズキン,耐性増加,高,味方全体,ラブリー属性の味方,-,-,-,
マネキネコ,けものミラクル,ルンルンきぶん,付与,-,味方全体,ラブリー属性の味方,3ターン,-,-,必要MP140
まばたき禁止やで！,とくせい(変化前),ちぐはぐリズム,耐性増加,中~~(50%未満),自身,-,-,-,-,
まばたき禁止やで！,とくせい(変化後),ちぐはぐリズム,耐性増加,中,自身,-,-,-,-,
マメジカ,けものミラクル,くらくら,解除,-,味方全体,自身を除くマイペース、~~リラックス属性の味方,-,-,-,必要MP120
マメジカ,けものミラクル,どく,解除,-,味方全体,自身を除くマイペース、~~リラックス属性の味方,-,-,-,必要MP120
マメジカ,けものミラクル,すやすや,解除,-,味方全体,自身を除くマイペース、~~リラックス属性の味方,-,-,-,必要MP120
マメジカ,けものミラクル,くたくた,解除,-,味方全体,自身を除くマイペース、~~リラックス属性の味方,-,-,-,必要MP120
マメジカ,けものミラクル,ひやひや,解除,-,味方全体,自身を除くマイペース、~~リラックス属性の味方,-,-,-,必要MP120
マメジカ,けものミラクル,ズキンズキン,解除,-,味方全体,自身を除くマイペース、~~リラックス属性の味方,-,-,-,必要MP120
マメジカ,けものミラクル,からげんき,解除,-,味方全体,自身を除くマイペース、~~リラックス属性の味方,-,-,-,必要MP120
マメジカ,けものミラクル,ぼんやりうっかり,解除,-,味方全体,自身を除くマイペース、~~リラックス属性の味方,-,-,-,必要MP120
マメジカ,けものミラクル,しょんぼりきぶん,解除,-,味方全体,自身を除くマイペース、~~リラックス属性の味方,-,-,-,必要MP120
マメジカ,とくせい,びりびり,耐性増加,高,味方全体,マイペース属性の味方,-,-,-,
マメジカ,けものミラクル,びりびり,解除,-,味方全体,自身を除くマイペース、~~リラックス属性の味方,-,-,-,必要MP120
マメジカ,けものミラクル,ちぐはぐリズム,解除,-,味方全体,自身を除くマイペース、~~リラックス属性の味方,-,-,-,必要MP120
マメジカ,けものミラクル,ロストフラッグ,解除,-,味方全体,自身を除くマイペース、~~リラックス属性の味方,-,-,-,必要MP120
マメジカ,けものミラクル,ばてばてヒリヒリ,解除,-,味方全体,自身を除くマイペース、~~リラックス属性の味方,-,-,-,必要MP120
マメジカ,けものミラクル,あせあせ,解除,-,味方全体,自身を除くマイペース、~~リラックス属性の味方,-,-,-,必要MP120
マメジカ,けものミラクル,全ての状態異常に関連した能力,解除,-,味方全体,自身を除くマイペース、~~リラックス属性の味方,-,-,-,必要MP120
まよなかぴかぴか,とくせい(変化前),くらくら,耐性増加,小,自身,-,-,-,-,
まよなかぴかぴか,とくせい(変化後),くらくら,耐性増加,中~~(50%),自身,-,-,-,-,
まよなかぴかぴか,とくせい(変化前),どく,耐性増加,小,自身,-,-,-,-,
まよなかぴかぴか,とくせい(変化後),どく,耐性増加,中~~(50%),自身,-,-,-,-,
まよなかぴかぴか,とくせい(変化前),すやすや,耐性増加,小,自身,-,-,-,-,
まよなかぴかぴか,とくせい(変化後),すやすや,耐性増加,中~~(50%),自身,-,-,-,-,
まよなかぴかぴか,とくせい(変化前),くたくた,耐性増加,小,自身,-,-,-,-,
まよなかぴかぴか,とくせい(変化後),くたくた,耐性増加,中~~(50%),自身,-,-,-,-,
まよなかぴかぴか,とくせい(変化前),ひやひや,耐性増加,小,自身,-,-,-,-,
まよなかぴかぴか,とくせい(変化後),ひやひや,耐性増加,中~~(50%),自身,-,-,-,-,
まよなかぴかぴか,とくせい(変化前),ズキンズキン,耐性増加,小,自身,-,-,-,-,
まよなかぴかぴか,とくせい(変化後),ズキンズキン,耐性増加,中~~(50%),自身,-,-,-,-,
まよなかぴかぴか,とくせい(変化前),からげんき,耐性増加,小,自身,-,-,-,-,
まよなかぴかぴか,とくせい(変化後),からげんき,耐性増加,中~~(50%),自身,-,-,-,-,
まよなかぴかぴか,とくせい(変化前),ぼんやりうっかり,耐性増加,小,自身,-,-,-,-,
まよなかぴかぴか,とくせい(変化後),ぼんやりうっかり,耐性増加,中~~(50%),自身,-,-,-,-,
まよなかぴかぴか,とくせい(変化前),しょんぼりきぶん,耐性増加,小,自身,-,-,-,-,
まよなかぴかぴか,とくせい(変化後),しょんぼりきぶん,耐性増加,中~~(50%),自身,-,-,-,-,
まよなかぴかぴか,とくせい(変化前),びりびり,耐性増加,小,自身,-,-,-,-,
まよなかぴかぴか,とくせい(変化後),びりびり,耐性増加,中~~(50%),自身,-,-,-,-,
まよなかぴかぴか,とくせい(変化前),ちぐはぐリズム,耐性増加,小,自身,-,-,-,-,
まよなかぴかぴか,とくせい(変化後),ちぐはぐリズム,耐性増加,中~~(50%),自身,-,-,-,-,
まよなかぴかぴか,とくせい(変化前),ロストフラッグ,耐性増加,小,自身,-,-,-,-,
まよなかぴかぴか,とくせい(変化後),ロストフラッグ,耐性増加,中~~(50%),自身,-,-,-,-,
まよなかぴかぴか,とくせい(変化前),ばてばてヒリヒリ,耐性増加,小,自身,-,-,-,-,
まよなかぴかぴか,とくせい(変化後),ばてばてヒリヒリ,耐性増加,中~~(50%),自身,-,-,-,-,
まよなかぴかぴか,とくせい(変化前),あせあせ,耐性増加,小,自身,-,-,-,-,
まよなかぴかぴか,とくせい(変化後),あせあせ,耐性増加,中~~(50%),自身,-,-,-,-,
まよなかぴかぴか,とくせい(変化前),全ての状態異常に関連した能力,耐性増加,小,自身,-,-,-,-,
まよなかぴかぴか,とくせい(変化後),全ての状態異常に関連した能力,耐性増加,中~~(50%),自身,-,-,-,-,
マルタタイガー,とくせい,ひやひや,耐性増加,高,自身,-,-,-,-,
マルタタイガー,けものミラクル,びりびり,付与,-,相手単体,ファニー属性の相手,3ターン,高確率,-,
マレーバク,なないろとくせい,ルンルンきぶん,付与,-,自身,-,-,-,-,
マレーバク,たいきスキル,かくれみ,付与,少しだけ,自身,-,1ターン,1,5回,
マレーバク(緑),キセキとくせい,くたくた,耐性増加,高,味方全体,フレンドリー属性の味方,-,-,-,
マレーバク(緑),とくいわざ,からげんき,付与,-,相手単体,リラックス属性の相手,2ターン,低確率,-,
マレーバク(緑),たいきスキル,かくれみ,付与,-,自身,-,2ターン,0.5,3回,
マントヒヒ,とくいわざ,ズキンズキン,付与,-,相手単体,ラブリー属性の相手,2ターン,高確率,-,
マントヒヒ,とくせい,ちぐはぐリズム,耐性増加,小,味方全体,マイペース属性の味方,-,-,-,
マントヒヒ,たいきスキル,ちぐはぐリズム,解除,-,味方全体,マイペース属性の味方,-,1,2回,
マントヒヒ,とくせい,かばう,付与,-,自身,ギブアップ状態ではない味方が5人~~自身が攻撃対象ではない,-,0.7,-,発動時、自身の被ダメージが15%減少
マンドリル,とくせい,くたくた,耐性増加,高,味方全体,リラックス属性の味方,-,-,-,
マンモス,けものミラクル,ひやひや,付与,3回,相手全体,-,-,高確率,-,
マンモス,とくせい,ひやひや,耐性増加,高,自身,-,-,-,-,
ミーアキャット,たいきスキル,くらくら,付与,-,相手単体,-,1ターン,0.1,∞,
ミーアキャット(フォト),とくせい(変化前・後),どく,耐性増加,低,自身,-,-,-,-,
ミーアキャット(桃),たいきスキル,はねかえしむし,付与,-,味方全体,-,1ターン,1,2回,
ミナミコアリクイ,たいきスキル,いかく,付与,-,自身,-,1ターン,1,2回,
ミナミコアリクイ(水),けものミラクル,くたくた,付与,-,相手単体,ラブリー属性の相手,1ターン,高確率,-,
ミナミコアリクイ(水),とくいわざ,くたくた,付与,-,相手単体,-,1ターン,低確率,-,
ミナミコアリクイ(水),キセキとくせい,からげんき,耐性増加,高,自身,-,-,-,-,
ミナミコアリクイ(水),たいきスキル,はねかえしむし,付与,-,自身,-,1ターン,1,2回,
ミミィサーバル,とくせい,ひやひや,耐性増加,高,味方全体,-,-,-,-,
ミミィサーバル,けものミラクル,ぼんやりうっかり,付与,-,相手全体,-,1ターン,高確率,-,
ミミィサーバル,キセキとくせい,ルンルンきぶん,付与,-,自身,-,-,-,-,
ムック,とくせい,くらくら,耐性増加,高,味方全体,-,-,-,-,
メガテリウム,とくせい,どく,耐性増加,高,味方全体,マイペース属性の味方,-,-,-,
メガテリウム,たいきスキル,いかく,付与,-,自身,-,1ターン,1,2回,
メガテリウム,けものミラクル,いかく,付与,大幅に,自身,-,2ターン,-,-,必要MP110
メキシコサラマンダー,けものミラクル,ぼんやりうっかり,付与,-,味方全体,-,1ターン,高確率,-,
メンダコ,たいきスキル,毎ターンMP減少,解除,-,味方全体,ファニー属性の味方,-,1,3回,
メンダコ,キセキとくせい,ためこみ上手,付与,-,自身,-,-,-,-,
メンダコ,とくせい,かくれみ,付与,-,自身,-,-,-,-,
モウコノウマ,けものミラクル,くらくら,付与,-,相手単体,リラックス属性の相手,1ターン,高確率,-,
モウコノウマ,とくいわざ,くらくら,付与,-,相手単体,リラックス属性の相手,1ターン,中確率,-,
モウコノウマ,とくせい,くらくら,耐性増加,中,味方全体,フレンドリー属性の味方,-,-,-,
モウコノウマ,とくせい,しょんぼりきぶん,耐性増加,中,味方全体,フレンドリー属性の味方,-,-,-,
モウコノウマ,たいきスキル,しょんぼりきぶん,解除,-,味方全体,-,-,1,1回,
ヤク,けものミラクル,くらくら,付与,-,相手単体,ラブリー属性の相手,1ターン,高確率,-,
ヤク,とくいわざ,くらくら,付与,-,相手単体,-,1ターン,低確率,-,
ヤク,とくせい,どく,耐性増加,高,味方全体,マイペース属性の味方,-,-,-,
ヤク,とくせい,ひやひや,耐性増加,高,自身,-,-,-,-,
ヤタガラス,とくせい,ひやひや,耐性増加,完全耐性,自身,-,-,-,-,
ヤタガラス,キセキとくせい,しょんぼりきぶん,耐性増加,完全耐性,味方全体,ファニー属性の味方,-,-,-,
ヤタガラス,キセキとくせい,はねかえし,付与,反射率15%,自身,-,-,-,-,
ヤブツカツクリ,とくせい,すやすや,耐性増加,高,味方全体,ファニー属性の味方,-,-,-,
ヤブツカツクリ,けものミラクル,ルンルンきぶん,付与,-,味方全体,ファニー属性の味方,2ターン,-,-,必要MP100
ヤブノウサギ,とくいわざ,ズキンズキン,付与,-,相手単体,-,4ターン,低確率,-,
ヤブノウサギ,キセキとくせい,しょんぼりきぶん,耐性増加,高,味方全体,ファニー属性の味方,-,-,-,
ヤブノウサギ,たいきスキル,いかく,付与,大幅に,自身,-,1ターン,1,1回,
ヤマタノオロチ,たいきスキル,毎ターンMP減少,解除,-,味方全体,アクティブ属性の味方,-,1,1回,
ヤマバク,なないろとくせい,あせあせ,耐性増加,中,味方全体,マイペース属性の味方,-,-,-,
ヤンバルクイナ,たいきスキル,くたくた,解除,-,自身,-,-,0.8,2回,
ヤンバルクイナ,たいきスキル,ぼんやりうっかり,解除,-,自身,-,-,0.8,2回,
ヤンバルクイナ,キセキとくせい,しょんぼりきぶん,耐性増加,高,味方全体,ラブリー属性の味方,-,-,-,
ユキウサギ,とくせい,どく,耐性増加,高,味方全体,リラックス属性の味方,-,-,-,
ユキウサギ,とくいわざ,ひやひや,耐性減少,低,相手単体,ファニー属性の相手,3ターン,高確率,-,
ユキウサギ,とくいわざ,ズキンズキン,耐性減少,低,相手単体,ファニー属性の相手,3ターン,高確率,-,
ゆったり、の～んびり,とくせい(変化前),かくれみ,付与,少しだけ~~(2.5),自身,-,-,-,-,-
ゆったり、の～んびり,とくせい(変化後),かくれみ,付与,少しだけ~~(3),自身,-,-,-,-,-
ユニコ,けものミラクル,くらくら,解除,-,味方全体,アクティブ属性の味方,-,-,-,必要MP100
ユニコ,けものミラクル,どく,解除,-,味方全体,アクティブ属性の味方,-,-,-,必要MP100
ユニコ,けものミラクル,すやすや,解除,-,味方全体,アクティブ属性の味方,-,-,-,必要MP100
ユニコ,けものミラクル,くたくた,解除,-,味方全体,アクティブ属性の味方,-,-,-,必要MP100
ユニコ,けものミラクル,ひやひや,解除,-,味方全体,アクティブ属性の味方,-,-,-,必要MP100
ユニコ,けものミラクル,ズキンズキン,解除,-,味方全体,アクティブ属性の味方,-,-,-,必要MP100
ユニコ,けものミラクル,からげんき,解除,-,味方全体,アクティブ属性の味方,-,-,-,必要MP100
ユニコ,キセキとくせい,ぼんやりうっかり,耐性増加,高,味方全体,アクティブ属性の味方,-,-,-,
ユニコ,けものミラクル,ぼんやりうっかり,解除,-,味方全体,アクティブ属性の味方,-,-,-,必要MP100
ユニコ,けものミラクル,しょんぼりきぶん,解除,-,味方全体,アクティブ属性の味方,-,-,-,必要MP100
ユニコ,けものミラクル,びりびり,解除,-,味方全体,アクティブ属性の味方,-,-,-,必要MP100
ユニコ,けものミラクル,ちぐはぐリズム,解除,-,味方全体,アクティブ属性の味方,-,-,-,必要MP100
ユニコ,けものミラクル,ロストフラッグ,解除,-,味方全体,アクティブ属性の味方,-,-,-,必要MP100
ユニコ,けものミラクル,ばてばてヒリヒリ,解除,-,味方全体,アクティブ属性の味方,-,-,-,必要MP100
ユニコ,けものミラクル,あせあせ,解除,-,味方全体,アクティブ属性の味方,-,-,-,必要MP100
ユニコ,けものミラクル,全ての状態異常に関連した能力,解除,-,味方全体,アクティブ属性の味方,-,-,-,必要MP100
ユニコ,キセキとくせい,はねかえしむし,付与,-,自身,-,-,-,-,
ゆらゆらゆれて,とくせい(変化前),ぼんやりうっかり,耐性増加,中~~(50%未満),自身,-,-,-,-,
ゆらゆらゆれて,とくせい(変化後),ぼんやりうっかり,耐性増加,中,自身,-,-,-,-,
よくばりたいおいしさ,とくせい(変化前・後),からげんき,耐性減少,低,相手全体,自身のたいりょくが50%以下~~マイペース属性の相手,-,-,-,
ラーテル,とくせい,どく,耐性増加,高,味方全体,アクティブ属性の味方,-,-,-,
ラーテル,とくせい,くたくた,耐性増加,高,自身,-,-,-,-,
ラーテル,とくいわざ,ズキンズキン,付与,-,相手単体,マイペース属性の相手,3ターン,高確率,-,
ラーテル,とくせい,びりびり,耐性増加,高,自身,-,-,-,-,
ラーテル,とくせい,ちぐはぐリズム,耐性増加,高,自身,-,-,-,-,
ラーテル,たいきスキル,いかく,付与,-,自身,-,1ターン,1,2回,
ライオン,とくいわざ,くらくら,付与,-,相手単体,-,2ターン,低確率,-,
ライオン,たいきスキル,どく,解除,-,自身,-,-,0.8,1回,
ライオン,たいきスキル,くたくた,解除,-,自身,-,-,0.8,1回,
ライオン(水),とくせい,ルンルンきぶん,付与,-,自身,-,-,-,-,
ライオン(水),たいきスキル,ルンルンきぶん,解除,-,相手全体,ラブリー、ファニー属性の相手,-,1,1回,
ライオン(水),とくせい,はねかえしむし,付与,-,自身,強敵出現wave,-,-,-,
ライジュウ,とくせい,くたくた,耐性増加,完全耐性,自身,-,-,-,-,
ライジュウ,けものミラクル,びりびり,付与,-,相手単体,-,3ターン,高確率,-,
ライジュウ,とくいわざ,びりびり,付与,-,相手単体,-,1ターン,中確率,-,
ライジュウ,キセキとくせい,びりびり,耐性増加,高,自身を除く~~味方全体,フレンドリー属性の味方,-,-,-,
ライジュウ,とくせい,びりびり,耐性増加,完全耐性,自身,-,-,-,-,
ライリュウ,たいきスキル,どく,解除,-,自身,-,-,1,1回,
ライリュウ,たいきスキル,くたくた,解除,-,自身,-,-,1,1回,
ライリュウ,たいきスキル,ズキンズキン,解除,-,自身,-,-,1,1回,
ライリュウ,たいきスキル,からげんき,解除,-,自身,-,-,1,1回,
ライリュウ,たいきスキル,ぼんやりうっかり,解除,-,自身,-,-,1,1回,
ライリュウ,たいきスキル,しょんぼりきぶん,解除,-,自身,-,-,1,1回,
ライリュウ,けものミラクル,びりびり,付与,-,相手単体,-,3ターン,高確率,-,必要MP120
ライリュウ,とくいわざ,びりびり,付与,-,相手単体,-,2ターン,中確率,-,
ライリュウ,キセキとくせい,びりびり,耐性増加,高,自身を除く~~味方全体,ファニー属性の味方,-,-,-,
ライリュウ,キセキとくせい,びりびり,耐性増加,完全耐性,自身,-,-,-,-,
ライリュウ,たいきスキル,びりびり,解除,-,自身,-,-,1,1回,
ライリュウ,たいきスキル,ちぐはぐリズム,解除,-,自身,-,-,1,1回,
ライリュウ,たいきスキル,ロストフラッグ,解除,-,自身,-,-,1,1回,
ライリュウ,たいきスキル,ばてばてヒリヒリ,解除,-,自身,-,-,1,1回,
ライリュウ,たいきスキル,全ての状態異常に関連した能力,解除,-,自身,-,-,1,1回,
リカオン,とくせい,ズキンズキン,耐性増加,高,自身,-,-,-,-,
リボンえらび,とくせい(変化前・後),いかく,付与,-~~(10),自身,-,-,-,-,-
リュウキュウイノシシ,たいきスキル,どく,耐性増加,低,味方全体,ファニー属性の味方,2ターン,1,∞,
リュウキュウイノシシ,とくせい,くたくた,耐性増加,高,味方全体,ファニー属性の味方,-,-,∞,
リュウキュウイノシシ,とくいわざ,びりびり,付与,-,相手単体,フレンドリー属性の相手,2ターン,中確率,-,
リョコウバト,とくせい,ぼんやりうっかり,耐性増加,高,自身,-,-,-,-,
りらくぜーしょん,とくせい(変化前),くたくた,耐性増加,中,自身,-,-,-,-,
りらくぜーしょん,とくせい(変化後),くたくた,耐性増加,高,自身,-,-,-,-,
ルリコンゴウインコ,とくせい,ちぐはぐリズム,耐性増加,高,自身,-,-,-,-,
ルリコンゴウインコ,キセキとくせい,ルンルンきぶん,付与,-,自身,-,-,-,-,
レディー・アフター,とくせい(変化前),くらくら,耐性増加,中~~(50%未満),自身,-,-,-,-,
レディー・アフター,とくせい(変化後),くらくら,耐性増加,中,自身,-,-,-,-,
ロイヤルペンギン,たいきスキル,くらくら,解除,-,味方1体,最もたいりょく割合の低い味方,-,1,3回,
ロイヤルペンギン(黄緑),けものミラクル,くらくら,付与,-,相手単体,-,1ターン,低確率,-,
ロイヤルペンギン(黄緑),とくせい,くたくた,耐性増加,高,味方全体,アクティブ属性の味方,-,-,-,
ロックロック,とくせい(変化前),くたくた,耐性増加,中~~(50%未満),自身,-,-,-,-,
ロックロック,とくせい(変化後),くたくた,耐性増加,高,自身,-,-,-,-,
ロバ,とくせい,はねかえしむし,付与,-,自身,-,-,-,-,
ロバ,たいきスキル,はねかえし,解除,-,相手全体,リラックス属性の相手,-,1,2回,
ロバ,とくせい,かばう,付与,-,自身,たいりょくが50%以上~~自身が攻撃対象ではない,-,0.3,-,発動時、自身の被ダメージが10%減少
ロバ,けものミラクル,いかく,付与,大幅に,自身,-,2ターン,-,-,
ワオキツネザル,とくいわざ,いかく,付与,-,自身,-,1ターン,-,-,
ワオキツネザル,たいきスキル,かくれみ,付与,-~~(10),自身,-,5ターン,1,3回,
ワシミミズク,とくせい,くたくた,耐性増加,高,自身,-,-,-,-,
ワシミミズク(水),キセキとくせい,どく,耐性減少,低~~(30%),相手全体,-,-,-,-,
ワシミミズク(水),とくいわざ,くたくた,付与,-,相手単体,ラブリー、ファニー属性の相手,1ターン,低確率,-,
ワシミミズク(水),キセキとくせい,くたくた,耐性減少,低~~(30%),相手全体,-,-,-,-,
ワシミミズク(水),キセキとくせい,ズキンズキン,耐性増加,高,味方全体,マイペース、リラックス属性の味方,-,-,-,
ワシミミズク(水),キセキとくせい,ズキンズキン,耐性減少,低~~(30%),相手全体,-,-,-,-,
ワシミミズク(水),とくいわざ,からげんき,付与,-,相手単体,ラブリー、ファニー属性の相手,1ターン,低確率,-,
ワシミミズク(水),キセキとくせい,からげんき,耐性減少,低~~(30%),相手全体,-,-,-,-,
ワシミミズク(水),とくいわざ,ぼんやりうっかり,付与,-,相手単体,ラブリー、ファニー属性の相手,1ターン,低確率,-,
ワシミミズク(水),キセキとくせい,ぼんやりうっかり,耐性減少,低~~(30%),相手全体,-,-,-,-,
ワシミミズク(水),たいきスキル,はねかえし,付与,反射率50%,味方全体,-,2ターン,1,1回,
わたしの太鼓、どうですか？,とくせい(変化前),いかく,付与,-~~(100),自身,-,-,-,-,-
わたしの太鼓、どうですか？,とくせい(変化後),いかく,付与,-,自身,-,-,-,-,-
ワンツーステップ,とくせい(変化前),しょんぼりきぶん,耐性増加,小,自身,-,-,-,-,
ワンツーステップ,とくせい(変化後),しょんぼりきぶん,耐性増加,中,自身,-,-,-,-,
悪と反逆の使徒！,とくせい(変化前),くらくら,耐性増加,低~~(20%未満),自身,-,-,-,-,
悪と反逆の使徒！,とくせい(変化後),くらくら,耐性増加,中~~(50%未満),自身,-,-,-,-,
火の鳥,とくいわざ,くたくた,付与,-,相手単体,-,2ターン,中確率,-,
火の鳥,とくせい,ひやひや,耐性増加,高,味方全体,-,-,-,-,
火の鳥,とくいわざ,ズキンズキン,付与,-,相手単体,-,2ターン,中確率,-,
火の鳥,とくせい,しょんぼりきぶん,耐性増加,高,自身,-,-,-,-,
花咲く思い出,とくせい(変化後),ルンルンきぶん,付与,-,自身,-,-,-,-,
楽しくダンスダンス♪,とくせい(変化前),ルンルンきぶん,付与,-,自身,たいりょく90%以上,-,-,-,
楽しくダンスダンス♪,とくせい(変化後),ルンルンきぶん,付与,-,自身,たいりょく80%以上,-,-,-,
完成ですわ！,とくせい(変化前),どく,耐性増加,中~~(50%未満),自身,-,-,-,-,
完成ですわ！,とくせい(変化後),どく,耐性増加,高~~(100%未満),自身,-,-,-,-,
黒龍,とくせい,くらくら,耐性増加,完全耐性,自身,-,-,-,-,
黒龍,けものミラクル,くらくら,解除,-,味方全体,-,-,-,-,必要MP200
黒龍,とくせい,どく,耐性増加,完全耐性,自身,-,-,-,-,
黒龍,けものミラクル,どく,解除,-,味方全体,-,-,-,-,必要MP200
黒龍,とくせい,すやすや,耐性増加,高,味方全体,ファニー属性の味方,-,-,-,
黒龍,とくせい,すやすや,耐性増加,完全耐性,自身,-,-,-,-,
黒龍,けものミラクル,すやすや,解除,-,味方全体,-,-,-,-,必要MP200
黒龍,とくせい,くたくた,耐性増加,完全耐性,自身,-,-,-,-,
黒龍,けものミラクル,くたくた,解除,-,味方全体,-,-,-,-,必要MP200
黒龍,とくせい,ひやひや,耐性増加,完全耐性,自身,-,-,-,-,
黒龍,けものミラクル,ひやひや,解除,-,味方全体,-,-,-,-,必要MP200
黒龍,とくせい,ズキンズキン,耐性増加,完全耐性,自身,-,-,-,-,
黒龍,けものミラクル,ズキンズキン,解除,-,味方全体,-,-,-,-,必要MP200
黒龍,とくせい,からげんき,耐性増加,完全耐性,自身,-,-,-,-,
黒龍,けものミラクル,からげんき,解除,-,味方全体,-,-,-,-,必要MP200
黒龍,とくせい,ぼんやりうっかり,耐性増加,完全耐性,自身,-,-,-,-,
黒龍,けものミラクル,ぼんやりうっかり,解除,-,味方全体,-,-,-,-,必要MP200
黒龍,とくせい,しょんぼりきぶん,耐性増加,高,味方全体,ファニー属性の味方,-,-,-,
黒龍,とくせい,しょんぼりきぶん,耐性増加,完全耐性,自身,-,-,-,-,
黒龍,けものミラクル,しょんぼりきぶん,解除,-,味方全体,-,-,-,-,必要MP200
黒龍,とくせい,びりびり,耐性増加,完全耐性,自身,-,-,-,-,
黒龍,けものミラクル,びりびり,解除,-,味方全体,-,-,-,-,必要MP200
黒龍,とくせい,ちぐはぐリズム,耐性増加,完全耐性,自身,-,-,-,-,
黒龍,けものミラクル,ちぐはぐリズム,解除,-,味方全体,-,-,-,-,必要MP200
黒龍,とくせい,ロストフラッグ,耐性増加,完全耐性,自身,-,-,-,-,
黒龍,けものミラクル,ロストフラッグ,解除,-,味方全体,-,-,-,-,必要MP200
黒龍,とくせい,ばてばてヒリヒリ,耐性増加,完全耐性,自身,-,-,-,-,
黒龍,けものミラクル,ばてばてヒリヒリ,解除,-,味方全体,-,-,-,-,必要MP200
黒龍,とくせい,あせあせ,耐性増加,完全耐性,自身,-,-,-,-,
黒龍,けものミラクル,あせあせ,解除,-,味方全体,-,-,-,-,必要MP200
黒龍,とくせい,全ての状態異常に関連した能力,耐性増加,完全耐性,自身,-,-,-,-,
黒龍,けものミラクル,全ての状態異常に関連した能力,解除,-,味方全体,-,-,-,-,必要MP200
今夜はサイコー♪,とくせい(変化前),いかく,付与,-,自身,-,-,-,-,-
今夜はサイコー♪,とくせい(変化後),いかく,付与,-~~(100),自身,-,-,-,-,-
山本五郎左衛門,キセキとくせい,くらくら,耐性増加,高,自身,-,-,-,-,
山本五郎左衛門,キセキとくせい,どく,耐性増加,高,自身,-,-,-,-,
山本五郎左衛門,とくせい,すやすや,耐性増加,高,自身を除く~~味方全体,マイペース属性の味方,-,-,-,
山本五郎左衛門,キセキとくせい,すやすや,耐性増加,高,自身,-,-,-,-,
山本五郎左衛門,キセキとくせい,くたくた,耐性増加,高,自身,-,-,-,-,
山本五郎左衛門,キセキとくせい,ひやひや,耐性増加,高,自身,-,-,-,-,
山本五郎左衛門,キセキとくせい,ズキンズキン,耐性増加,高,自身,-,-,-,-,
山本五郎左衛門,キセキとくせい,からげんき,耐性増加,高,自身,-,-,-,-,
山本五郎左衛門,キセキとくせい,ぼんやりうっかり,耐性増加,高,自身,-,-,-,-,
山本五郎左衛門,キセキとくせい,しょんぼりきぶん,耐性増加,高,自身,-,-,-,-,
山本五郎左衛門,キセキとくせい,びりびり,耐性増加,高,自身,-,-,-,-,
山本五郎左衛門,キセキとくせい,ちぐはぐリズム,耐性増加,高,自身,-,-,-,-,
山本五郎左衛門,キセキとくせい,ロストフラッグ,耐性増加,高,自身,-,-,-,-,
山本五郎左衛門,キセキとくせい,ばてばてヒリヒリ,耐性増加,高,自身,-,-,-,-,
山本五郎左衛門,キセキとくせい,あせあせ,耐性増加,高,自身,-,-,-,-,
山本五郎左衛門,キセキとくせい,全ての状態異常に関連した能力,耐性増加,高,自身,-,-,-,-,
山本五郎左衛門,けものミラクル,ルンルンきぶん,付与,-,自身,-,2ターン,-,-,必要MP130
私が守る,とくせい(変化前・後),いかく,付与,-~~(70),自身,-,-,-,-,-
飼育員更衣室,とくせい(変化前・後),どく,耐性増加,低~~(20%),自身,-,-,-,-,
飼育員更衣室,とくせい(変化後),すやすや,耐性増加,低~~(20%),自身,-,-,-,-,
真・青龍,とくせい,くらくら,耐性増加,完全耐性,自身,-,-,-,-,
真・青龍,けものミラクル,くらくら,耐性減少,中~~(50%),相手単体,-,2ターン,高確率,-,必要MP90
真・青龍,とくせい,どく,耐性増加,完全耐性,自身,-,-,-,-,
真・青龍,けものミラクル,どく,耐性減少,中~~(50%),相手単体,-,2ターン,高確率,-,必要MP90
真・青龍,とくせい,すやすや,耐性増加,完全耐性,自身,-,-,-,-,
真・青龍,けものミラクル,すやすや,耐性減少,中~~(50%),相手単体,-,2ターン,高確率,-,必要MP90
真・青龍,とくせい,くたくた,耐性増加,完全耐性,自身,-,-,-,-,
真・青龍,けものミラクル,くたくた,耐性減少,中~~(50%),相手単体,-,2ターン,高確率,-,必要MP90
真・青龍,とくせい,ひやひや,耐性増加,完全耐性,自身,-,-,-,-,
真・青龍,けものミラクル,ひやひや,耐性減少,中~~(50%),相手単体,-,2ターン,高確率,-,必要MP90
真・青龍,とくいわざ,ズキンズキン,付与,-,相手単体,-,2ターン,高確率,-,
真・青龍,とくせい,ズキンズキン,耐性増加,完全耐性,自身,-,-,-,-,
真・青龍,けものミラクル,ズキンズキン,耐性減少,中~~(50%),相手単体,-,2ターン,高確率,-,必要MP90
真・青龍,とくせい,からげんき,耐性増加,完全耐性,自身,-,-,-,-,
真・青龍,けものミラクル,からげんき,耐性減少,中~~(50%),相手単体,-,2ターン,高確率,-,必要MP90
真・青龍,とくせい,ぼんやりうっかり,耐性増加,完全耐性,自身,-,-,-,-,
真・青龍,けものミラクル,ぼんやりうっかり,耐性減少,中~~(50%),相手単体,-,2ターン,高確率,-,必要MP90
真・青龍,とくせい,しょんぼりきぶん,耐性増加,完全耐性,自身,-,-,-,-,
真・青龍,けものミラクル,しょんぼりきぶん,耐性減少,中~~(50%),相手単体,-,2ターン,高確率,-,必要MP90
真・青龍,とくせい,びりびり,耐性増加,完全耐性,自身,-,-,-,-,
真・青龍,けものミラクル,びりびり,耐性減少,中~~(50%),相手単体,-,2ターン,高確率,-,必要MP90
真・青龍,とくせい,ちぐはぐリズム,耐性増加,完全耐性,自身,-,-,-,-,
真・青龍,けものミラクル,ちぐはぐリズム,耐性減少,中~~(50%),相手単体,-,2ターン,高確率,-,必要MP90
真・青龍,とくせい,ロストフラッグ,耐性増加,完全耐性,自身,-,-,-,-,
真・青龍,けものミラクル,ロストフラッグ,耐性減少,中~~(50%),相手単体,-,2ターン,高確率,-,必要MP90
真・青龍,とくせい,ばてばてヒリヒリ,耐性増加,完全耐性,自身,-,-,-,-,
真・青龍,けものミラクル,ばてばてヒリヒリ,耐性減少,中~~(50%),相手単体,-,2ターン,高確率,-,必要MP90
真・青龍,とくせい,あせあせ,耐性増加,完全耐性,自身,-,-,-,-,
真・青龍,けものミラクル,あせあせ,耐性減少,中~~(50%),相手単体,-,2ターン,高確率,-,必要MP90
真・青龍,とくせい,全ての状態異常に関連した能力,耐性増加,完全耐性,自身,-,-,-,-,
真・青龍,けものミラクル,全ての状態異常に関連した能力,耐性減少,中~~(50%),相手単体,-,2ターン,高確率,-,必要MP90
真・青龍,キセキとくせい,ためこみ上手,付与,-,自身,-,-,-,-,
人面魚,とくせい,くらくら,耐性増加,高,自身,-,-,-,-,
人面魚,とくせい,どく,耐性増加,高,自身,-,-,-,-,
人面魚,とくせい,しょんぼりきぶん,耐性増加,高,自身,-,-,-,-,
赤龍,とくせい,くらくら,耐性増加,完全耐性,自身,-,-,-,-,
赤龍,けものミラクル,くらくら,解除,-,味方全体,ラブリー、ファニー属性の味方,-,-,-,
赤龍,とくせい,どく,耐性増加,完全耐性,自身,-,-,-,-,
赤龍,けものミラクル,どく,解除,-,味方全体,ラブリー、ファニー属性の味方,-,-,-,
赤龍,とくせい,すやすや,耐性増加,完全耐性,自身,-,-,-,-,
赤龍,けものミラクル,すやすや,解除,-,味方全体,ラブリー、ファニー属性の味方,-,-,-,
赤龍,とくせい,くたくた,耐性増加,完全耐性,自身,-,-,-,-,
赤龍,けものミラクル,くたくた,解除,-,味方全体,ラブリー、ファニー属性の味方,-,-,-,
赤龍,とくせい,ひやひや,耐性増加,高,味方全体,ラブリー属性の味方,-,-,-,
赤龍,とくせい,ひやひや,耐性増加,完全耐性,自身,-,-,-,-,
赤龍,けものミラクル,ひやひや,解除,-,味方全体,ラブリー、ファニー属性の味方,-,-,-,
赤龍,とくせい,ズキンズキン,耐性増加,完全耐性,自身,-,-,-,-,
赤龍,けものミラクル,ズキンズキン,解除,-,味方全体,ラブリー、ファニー属性の味方,-,-,-,
赤龍,とくせい,からげんき,耐性増加,高,味方全体,ラブリー属性の味方,-,-,-,
赤龍,とくせい,からげんき,耐性増加,完全耐性,自身,-,-,-,-,
赤龍,けものミラクル,からげんき,解除,-,味方全体,ラブリー、ファニー属性の味方,-,-,-,
赤龍,とくせい,ぼんやりうっかり,耐性増加,完全耐性,自身,-,-,-,-,
赤龍,けものミラクル,ぼんやりうっかり,解除,-,味方全体,ラブリー、ファニー属性の味方,-,-,-,
赤龍,とくせい,しょんぼりきぶん,耐性増加,完全耐性,自身,-,-,-,-,
赤龍,けものミラクル,しょんぼりきぶん,解除,-,味方全体,ラブリー、ファニー属性の味方,-,-,-,
赤龍,とくせい,びりびり,耐性増加,完全耐性,自身,-,-,-,-,
赤龍,けものミラクル,びりびり,解除,-,味方全体,ラブリー、ファニー属性の味方,-,-,-,
赤龍,とくせい,ちぐはぐリズム,耐性増加,完全耐性,自身,-,-,-,-,
赤龍,けものミラクル,ちぐはぐリズム,解除,-,味方全体,ラブリー、ファニー属性の味方,-,-,-,
赤龍,とくせい,ロストフラッグ,耐性増加,完全耐性,自身,-,-,-,-,
赤龍,けものミラクル,ロストフラッグ,解除,-,味方全体,ラブリー、ファニー属性の味方,-,-,-,
赤龍,とくせい,ばてばてヒリヒリ,耐性増加,高,味方全体,ラブリー属性の味方,-,-,-,
赤龍,とくせい,ばてばてヒリヒリ,耐性増加,完全耐性,自身,-,-,-,-,
赤龍,けものミラクル,ばてばてヒリヒリ,解除,-,味方全体,ラブリー、ファニー属性の味方,-,-,-,
赤龍,とくせい,あせあせ,耐性増加,完全耐性,自身,-,-,-,-,
赤龍,けものミラクル,あせあせ,解除,-,味方全体,ラブリー、ファニー属性の味方,-,-,-,
赤龍,とくせい,全ての状態異常に関連した能力,耐性増加,完全耐性,自身,-,-,-,-,
赤龍,けものミラクル,全ての状態異常に関連した能力,解除,-,味方全体,ラブリー、ファニー属性の味方,-,-,-,
赤龍,キセキとくせい,ルンルンきぶん,付与,-,味方全体,自身がギブアップ状態でない,-,-,-,
大海を往く,とくせい(変化前・後),いかく,付与,-~~(100),自身,-,-,-,-,-
着せ替えごっこ,とくせい(変化前・後),どく,耐性増加,低~~(20%未満),自身,-,-,-,-,
着せ替えごっこ,とくせい(変化前・後),すやすや,耐性増加,低~~(20%未満),自身,-,-,-,-,
日向夏美,たいきスキル,はねかえしむし,付与,-,味方全体,-,3ターン,1,2回,
日向夏美,けものミラクル,いかく,付与,大幅に,自身,-,1ターン,-,-,必要MP140
白龍,とくせい,くらくら,耐性増加,高,味方全体,アクティブ、フレンドリー属性の味方,-,-,-,
白龍,とくせい,くらくら,耐性増加,完全耐性,自身,-,-,-,-,
白龍,とくせい,どく,耐性増加,完全耐性,自身,-,-,-,-,
白龍,とくせい,すやすや,耐性増加,完全耐性,自身,-,-,-,-,
白龍,とくせい,くたくた,耐性増加,完全耐性,自身,-,-,-,-,
白龍,とくせい,ひやひや,耐性増加,完全耐性,自身,-,-,-,-,
白龍,とくせい,ズキンズキン,耐性増加,完全耐性,自身,-,-,-,-,
白龍,とくせい,からげんき,耐性増加,完全耐性,自身,-,-,-,-,
白龍,とくせい,ぼんやりうっかり,耐性増加,完全耐性,自身,-,-,-,-,
白龍,とくせい,しょんぼりきぶん,耐性増加,高,味方全体,自身がギブアップ状態でない,-,-,-,
白龍,とくせい,しょんぼりきぶん,耐性増加,完全耐性,自身,-,-,-,-,
白龍,とくせい,びりびり,耐性増加,高,味方全体,アクティブ、フレンドリー属性の味方,-,-,-,
白龍,とくせい,びりびり,耐性増加,完全耐性,自身,-,-,-,-,
白龍,とくせい,ちぐはぐリズム,耐性増加,完全耐性,自身,-,-,-,-,
白龍,とくせい,ロストフラッグ,耐性増加,完全耐性,自身,-,-,-,-,
白龍,とくせい,ばてばてヒリヒリ,耐性増加,完全耐性,自身,-,-,-,-,
白龍,とくせい,あせあせ,耐性増加,完全耐性,自身,-,-,-,-,
白龍,とくせい,全ての状態異常に関連した能力,耐性増加,完全耐性,自身,-,-,-,-,
白龍,とくせい,ためこみ上手,付与,-,自身,-,-,-,-,
麒麟,とくいわざ,くらくら,付与,-,相手単体,-,1ターン,低確率,-,
麒麟,なないろとくせい,くらくら,耐性増加,高,味方全体,アクティブ属性の味方,-,-,-,
麒麟,けものミラクル,くらくら,耐性増加,小,味方全体,マイペース属性の味方,3ターン,-,-,
麒麟,キセキとくせい,くらくら,耐性増加,完全耐性,自身,-,-,-,-,
麒麟,けものミラクル,くらくら,解除,-,味方全体,フレンドリー属性の味方,-,-,-,必要MP160
麒麟,けものミラクル,どく,耐性増加,小,味方全体,マイペース属性の味方,3ターン,-,-,
麒麟,キセキとくせい,どく,耐性増加,完全耐性,自身,-,-,-,-,
麒麟,けものミラクル,どく,解除,-,味方全体,フレンドリー属性の味方,-,-,-,必要MP160
麒麟,けものミラクル,すやすや,耐性増加,小,味方全体,マイペース属性の味方,3ターン,-,-,
麒麟,キセキとくせい,すやすや,耐性増加,完全耐性,自身,-,-,-,-,
麒麟,けものミラクル,すやすや,解除,-,味方全体,フレンドリー属性の味方,-,-,-,必要MP160
麒麟,けものミラクル,くたくた,耐性増加,小,味方全体,マイペース属性の味方,3ターン,-,-,
麒麟,キセキとくせい,くたくた,耐性増加,完全耐性,自身,-,-,-,-,
麒麟,けものミラクル,くたくた,解除,-,味方全体,フレンドリー属性の味方,-,-,-,必要MP160
麒麟,けものミラクル,ひやひや,耐性増加,小,味方全体,マイペース属性の味方,3ターン,-,-,
麒麟,キセキとくせい,ひやひや,耐性増加,完全耐性,自身,-,-,-,-,
麒麟,けものミラクル,ひやひや,解除,-,味方全体,フレンドリー属性の味方,-,-,-,必要MP160
麒麟,けものミラクル,ズキンズキン,耐性増加,小,味方全体,マイペース属性の味方,3ターン,-,-,
麒麟,キセキとくせい,ズキンズキン,耐性増加,完全耐性,自身,-,-,-,-,
麒麟,けものミラクル,ズキンズキン,解除,-,味方全体,フレンドリー属性の味方,-,-,-,必要MP160
麒麟,けものミラクル,からげんき,耐性増加,小,味方全体,マイペース属性の味方,3ターン,-,-,
麒麟,キセキとくせい,からげんき,耐性増加,完全耐性,自身,-,-,-,-,
麒麟,けものミラクル,からげんき,解除,-,味方全体,フレンドリー属性の味方,-,-,-,必要MP160
麒麟,とくいわざ,ぼんやりうっかり,付与,-,相手単体,-,1ターン,低確率,-,
麒麟,けものミラクル,ぼんやりうっかり,耐性増加,小,味方全体,マイペース属性の味方,3ターン,-,-,
麒麟,キセキとくせい,ぼんやりうっかり,耐性増加,完全耐性,自身,-,-,-,-,
麒麟,けものミラクル,ぼんやりうっかり,解除,-,味方全体,フレンドリー属性の味方,-,-,-,必要MP160
麒麟,けものミラクル,しょんぼりきぶん,耐性増加,小,味方全体,マイペース属性の味方,3ターン,-,-,
麒麟,キセキとくせい,しょんぼりきぶん,耐性増加,完全耐性,自身,-,-,-,-,
麒麟,けものミラクル,しょんぼりきぶん,解除,-,味方全体,フレンドリー属性の味方,-,-,-,必要MP160
麒麟,けものミラクル,びりびり,耐性増加,小,味方全体,マイペース属性の味方,3ターン,-,-,
麒麟,キセキとくせい,びりびり,耐性増加,完全耐性,自身,-,-,-,-,
麒麟,けものミラクル,びりびり,解除,-,味方全体,フレンドリー属性の味方,-,-,-,必要MP160
麒麟,けものミラクル,ちぐはぐリズム,耐性増加,小,味方全体,マイペース属性の味方,3ターン,-,-,
麒麟,キセキとくせい,ちぐはぐリズム,耐性増加,完全耐性,自身,-,-,-,-,
麒麟,けものミラクル,ちぐはぐリズム,解除,-,味方全体,フレンドリー属性の味方,-,-,-,必要MP160
麒麟,けものミラクル,ロストフラッグ,耐性増加,小,味方全体,マイペース属性の味方,3ターン,-,-,
麒麟,キセキとくせい,ロストフラッグ,耐性増加,完全耐性,自身,-,-,-,-,
麒麟,けものミラクル,ロストフラッグ,解除,-,味方全体,フレンドリー属性の味方,-,-,-,必要MP160
麒麟,とくいわざ,ばてばてヒリヒリ,付与,-,相手単体,-,1ターン,低確率,-,
麒麟,けものミラクル,ばてばてヒリヒリ,耐性増加,小,味方全体,マイペース属性の味方,3ターン,-,-,
麒麟,キセキとくせい,ばてばてヒリヒリ,耐性増加,完全耐性,自身,-,-,-,-,
麒麟,けものミラクル,ばてばてヒリヒリ,解除,-,味方全体,フレンドリー属性の味方,-,-,-,必要MP160
麒麟,けものミラクル,あせあせ,耐性増加,小,味方全体,マイペース属性の味方,3ターン,-,-,
麒麟,キセキとくせい,あせあせ,耐性増加,完全耐性,自身,-,-,-,-,
麒麟,けものミラクル,あせあせ,解除,-,味方全体,フレンドリー属性の味方,-,-,-,必要MP160
麒麟,けものミラクル,全ての状態異常に関連した能力,耐性増加,小,味方全体,マイペース属性の味方,3ターン,-,-,
麒麟,キセキとくせい,全ての状態異常に関連した能力,耐性増加,完全耐性,自身,-,-,-,-,
麒麟,けものミラクル,全ての状態異常に関連した能力,解除,-,味方全体,フレンドリー属性の味方,-,-,-,必要MP160
マサイライオン,とくせい,ズキンズキン,耐性増加,高,味方全体,リラックス属性の味方,-,-,-,
トランスバールライオン,とくいわざ,ひやひや,耐性減少,低,相手単体,-,2ターン,高確率,-,
トランスバールライオン,とくいわざ,ひやひや,付与,-,相手単体,-,-,中確率,-,
トランスバールライオン,とくせい,くらくら,耐性増加,高,味方全体,ラブリー属性の味方,-,-,-,
とんとんリズムにのって♪,とくせい(変化前・後),いかく,付与,-~~(60),自身,-,-,-,-,
東北ずん子,たいきスキル,ルンルンきぶん,付与,-,味方全体,アクティブ属性の味方,2ターン,1,1回,
東北ずん子,とくせい,びりびり,耐性増加,高,味方全体,アクティブ属性の味方,-,-%,-,
ずんだもん,たいきスキル,くらくら,解除,-,味方全体,フレンドリー属性の味方,-,1,1回,
ずんだもん,たいきスキル,どく,解除,-,味方全体,フレンドリー属性の味方,-,1,1回,
ずんだもん,たいきスキル,すやすや,解除,-,味方全体,フレンドリー属性の味方,-,1,1回,
ずんだもん,たいきスキル,くたくた,解除,-,味方全体,フレンドリー属性の味方,-,1,1回,
ずんだもん,たいきスキル,ひやひや,解除,-,味方全体,フレンドリー属性の味方,-,1,1回,
ずんだもん,たいきスキル,ズキンズキン,解除,-,味方全体,フレンドリー属性の味方,-,1,1回,
ずんだもん,たいきスキル,からげんき,解除,-,味方全体,フレンドリー属性の味方,-,1,1回,
ずんだもん,たいきスキル,ぼんやりうっかり,解除,-,味方全体,フレンドリー属性の味方,-,1,1回,
ずんだもん,たいきスキル,しょんぼりきぶん,解除,-,味方全体,フレンドリー属性の味方,-,1,1回,
ずんだもん,たいきスキル,びりびり,解除,-,味方全体,フレンドリー属性の味方,-,1,1回,
ずんだもん,たいきスキル,ちぐはぐリズム,解除,-,味方全体,フレンドリー属性の味方,-,1,1回,
ずんだもん,たいきスキル,ロストフラッグ,解除,-,味方全体,フレンドリー属性の味方,-,1,1回,
ずんだもん,たいきスキル,ばてばてヒリヒリ,解除,-,味方全体,フレンドリー属性の味方,-,1,1回,
ずんだもん,たいきスキル,あせあせ,解除,-,味方全体,フレンドリー属性の味方,-,1,1回,
ずんだもん,たいきスキル,全ての状態異常に関連した能力,解除,-,味方全体,フレンドリー属性の味方,-,1,1回,
ずんだもん,とくせい,しょんぼりきぶん,耐性増加,高,味方全体,フレンドリー属性の味方,-,-,-,
ずんだもん,キセキとくせい,ためこみ上手,付与,-,自身,-,-,-,-,
だいすきなあなたに,とくせい(変化前・後),いかく,付与,-,自身,-,-,-,-,
カマイルカ,たいきスキル,どく,解除,-,自身,-,-,1,2回,
カマイルカ,たいきスキル,くたくた,解除,-,自身,-,-,1,2回,
カマイルカ,たいきスキル,ズキンズキン,解除,-,自身,-,-,1,2回,
カマイルカ,たいきスキル,からげんき,解除,-,自身,-,-,1,2回,
カマイルカ,たいきスキル,ぼんやりうっかり,解除,-,自身,-,-,1,2回,
カマイルカ,たいきスキル,しょんぼりきぶん,解除,-,自身,-,-,1,2回,
カマイルカ,たいきスキル,びりびり,解除,-,自身,-,-,1,2回,
カマイルカ,たいきスキル,ちぐはぐリズム,解除,-,自身,-,-,1,2回,
カマイルカ,たいきスキル,ロストフラッグ,解除,-,自身,-,-,1,2回,
カマイルカ,たいきスキル,ばてばてヒリヒリ,解除,-,自身,-,-,1,2回,
カマイルカ,たいきスキル,全ての状態異常に関連した能力,解除,-,自身,-,-,1,2回,
カマイルカ,とくせい,あせあせ,耐性増加,高,味方全体,ファニー属性の味方,-,-,-,
ターパン,けものミラクル,くらくら,解除,-,味方全体,マイペース属性の味方,-,-,-,必要MP130
ターパン,けものミラクル,どく,解除,-,味方全体,マイペース属性の味方,-,-,-,必要MP131
ターパン,けものミラクル,すやすや,解除,-,味方全体,マイペース属性の味方,-,-,-,必要MP132
ターパン,けものミラクル,くたくた,解除,-,味方全体,マイペース属性の味方,-,-,-,必要MP133
ターパン,けものミラクル,ひやひや,解除,-,味方全体,マイペース属性の味方,-,-,-,必要MP134
ターパン,けものミラクル,ズキンズキン,解除,-,味方全体,マイペース属性の味方,-,-,-,必要MP135
ターパン,けものミラクル,からげんき,解除,-,味方全体,マイペース属性の味方,-,-,-,必要MP136
ターパン,けものミラクル,ぼんやりうっかり,解除,-,味方全体,マイペース属性の味方,-,-,-,必要MP137
ターパン,けものミラクル,しょんぼりきぶん,解除,-,味方全体,マイペース属性の味方,-,-,-,必要MP138
ターパン,けものミラクル,びりびり,解除,-,味方全体,マイペース属性の味方,-,-,-,必要MP139
ターパン,けものミラクル,ちぐはぐリズム,解除,-,味方全体,マイペース属性の味方,-,-,-,必要MP140
ターパン,けものミラクル,ロストフラッグ,解除,-,味方全体,マイペース属性の味方,-,-,-,必要MP141
ターパン,けものミラクル,ばてばてヒリヒリ,解除,-,味方全体,マイペース属性の味方,-,-,-,必要MP142
ターパン,けものミラクル,あせあせ,解除,-,味方全体,マイペース属性の味方,-,-,-,必要MP143
ターパン,けものミラクル,全ての状態異常に関連した能力,解除,-,味方全体,マイペース属性の味方,-,-,-,必要MP144
ターパン,とくせい,くたくた,耐性増加,高,味方全体,マイペース属性の味方,-,-,-,
ターパン,とくせい,かばう,付与,-,自身,自身が攻撃対象ではない,-,0.7,-,発動時、自身の被ダメージが10%減少
ハクビシン,とくせい,ぼんやりうっかり,耐性増加,高,味方全体,フレンドリー属性の味方,-,-,-,
マルミミゾウ,とくせい,ひやひや,耐性増加,高,味方全体,リラックス属性の味方,-,-,-,
ギュウマオウ,けものミラクル,はねかえしむし,付与,-,自身,-,3ターン,-,-,必要MP130
ギュウマオウ,とくいわざ,からげんき,付与,-,相手単体,アクティブ、ファニー属性の相手,3ターン,中確率,-,
ギュウマオウ,とくせい,くたくた,耐性増加,高,味方全体,ラブリー、リラックス属性の味方,-,-,-,
ギュウマオウ,キセキとくせい,くらくら,耐性増加,高,自身,セルリアン戦,-,-,-,
ギュウマオウ,キセキとくせい,どく,耐性増加,高,自身,セルリアン戦,-,-,-,
ギュウマオウ,キセキとくせい,すやすや,耐性増加,高,自身,セルリアン戦,-,-,-,
ギュウマオウ,キセキとくせい,くたくた,耐性増加,高,自身,セルリアン戦,-,-,-,
ギュウマオウ,キセキとくせい,ひやひや,耐性増加,高,自身,セルリアン戦,-,-,-,
ギュウマオウ,キセキとくせい,ズキンズキン,耐性増加,高,自身,セルリアン戦,-,-,-,
ギュウマオウ,キセキとくせい,からげんき,耐性増加,高,自身,セルリアン戦,-,-,-,
ギュウマオウ,キセキとくせい,ぼんやりうっかり,耐性増加,高,自身,セルリアン戦,-,-,-,
ギュウマオウ,キセキとくせい,しょんぼりきぶん,耐性増加,高,自身,セルリアン戦,-,-,-,
ギュウマオウ,キセキとくせい,びりびり,耐性増加,高,自身,セルリアン戦,-,-,-,
ギュウマオウ,キセキとくせい,ちぐはぐリズム,耐性増加,高,自身,セルリアン戦,-,-,-,
ギュウマオウ,キセキとくせい,ロストフラッグ,耐性増加,高,自身,セルリアン戦,-,-,-,
ギュウマオウ,キセキとくせい,ばてばてヒリヒリ,耐性増加,高,自身,セルリアン戦,-,-,-,
ギュウマオウ,キセキとくせい,あせあせ,耐性増加,高,自身,セルリアン戦,-,-,-,
ギュウマオウ,キセキとくせい,全ての状態異常に関連した能力,耐性増加,高,自身,セルリアン戦,-,-,-,
シロヘラコウモリ,なないろとくせい,くたくた,耐性減少,中,相手全体,ファニー属性の相手,-,-,-,
ギンカク,けものミラクル,どく,付与,-,相手単体,-,2ターン,高確率,-,必要MP110
ギンカク,けものミラクル,しょんぼりきぶん,付与,-,相手単体,-,2ターン,中確率,-,必要MP110
ギンカク,けものミラクル,ばてばてヒリヒリ,付与,-,相手単体,-,2ターン,中確率,-,必要MP110
ギンカク,とくいわざ,ズキンズキン,付与,-,相手単体,-,2ターン,中確率,-,
ギンカク,たいきスキル,くらくら,解除,-,味方全体,リラックス属性の味方,-,1,1回,
ギンカク,たいきスキル,どく,解除,-,味方全体,リラックス属性の味方,-,1,1回,
ギンカク,たいきスキル,すやすや,解除,-,味方全体,リラックス属性の味方,-,1,1回,
ギンカク,たいきスキル,くたくた,解除,-,味方全体,リラックス属性の味方,-,1,1回,
ギンカク,たいきスキル,ひやひや,解除,-,味方全体,リラックス属性の味方,-,1,1回,
ギンカク,たいきスキル,ズキンズキン,解除,-,味方全体,リラックス属性の味方,-,1,1回,
ギンカク,たいきスキル,からげんき,解除,-,味方全体,リラックス属性の味方,-,1,1回,
ギンカク,たいきスキル,ぼんやりうっかり,解除,-,味方全体,リラックス属性の味方,-,1,1回,
ギンカク,たいきスキル,しょんぼりきぶん,解除,-,味方全体,リラックス属性の味方,-,1,1回,
ギンカク,たいきスキル,びりびり,解除,-,味方全体,リラックス属性の味方,-,1,1回,
ギンカク,たいきスキル,ちぐはぐリズム,解除,-,味方全体,リラックス属性の味方,-,1,1回,
ギンカク,たいきスキル,ロストフラッグ,解除,-,味方全体,リラックス属性の味方,-,1,1回,
ギンカク,たいきスキル,ばてばてヒリヒリ,解除,-,味方全体,リラックス属性の味方,-,1,1回,
ギンカク,たいきスキル,あせあせ,解除,-,味方全体,リラックス属性の味方,-,1,1回,
ギンカク,たいきスキル,全ての状態異常に関連した能力,解除,-,味方全体,リラックス属性の味方,-,1,1回,
ギンカク,とくせい,すやすや,耐性増加,高,味方全体,リラックス属性の味方,-,-,-,
ギンカク,キセキとくせい,くらくら,耐性減少,低,相手全体,ファニー属性の相手,-,-,-,
ギンカク,キセキとくせい,どく,耐性減少,低,相手全体,ファニー属性の相手,-,-,-,
ギンカク,キセキとくせい,すやすや,耐性減少,低,相手全体,ファニー属性の相手,-,-,-,
ギンカク,キセキとくせい,くたくた,耐性減少,低,相手全体,ファニー属性の相手,-,-,-,
ギンカク,キセキとくせい,ひやひや,耐性減少,低,相手全体,ファニー属性の相手,-,-,-,
ギンカク,キセキとくせい,ズキンズキン,耐性減少,低,相手全体,ファニー属性の相手,-,-,-,
ギンカク,キセキとくせい,からげんき,耐性減少,低,相手全体,ファニー属性の相手,-,-,-,
ギンカク,キセキとくせい,ぼんやりうっかり,耐性減少,低,相手全体,ファニー属性の相手,-,-,-,
ギンカク,キセキとくせい,しょんぼりきぶん,耐性減少,低,相手全体,ファニー属性の相手,-,-,-,
ギンカク,キセキとくせい,びりびり,耐性減少,低,相手全体,ファニー属性の相手,-,-,-,
ギンカク,キセキとくせい,ちぐはぐリズム,耐性減少,低,相手全体,ファニー属性の相手,-,-,-,
ギンカク,キセキとくせい,ロストフラッグ,耐性減少,低,相手全体,ファニー属性の相手,-,-,-,
ギンカク,キセキとくせい,ばてばてヒリヒリ,耐性減少,低,相手全体,ファニー属性の相手,-,-,-,
ギンカク,キセキとくせい,あせあせ,耐性減少,低,相手全体,ファニー属性の相手,-,-,-,
ギンカク,キセキとくせい,全ての状態異常に関連した能力,耐性減少,低,相手全体,ファニー属性の相手,-,-,-,
シマハイエナ,たいきスキル,いかく,付与,-,自身,-,1ターン,1,1回,
シマハイエナ,とくせい,ズキンズキン,耐性増加,高,自身を除く~~味方全体,ファニー属性の味方,-,-,-,
ヤマシマウマ,とくせい,ひやひや,耐性増加,高,味方全体,アクティブ属性の味方,-,-,-,
メガネカイマン,なないろとくせい,くたくた,耐性減少,中,相手全体,自身がギブアップ状態でない,-,-,-,
すきなものいっぱい♪,とくせい(変化前・後),かくれみ,付与,-~~(10),自身,-,-,-,-,
ヒメクビワカモメ,たいきスキル,はねかえしむし,付与,-,味方全体,ファニー属性の味方,2ターン,1,2回,
ヒメクビワカモメ,とくせい,かくれみ,付与,-,自身,-,-,-,-,
ツバメ,とくいわざ,くらくら,付与,-,相手単体,-,2ターン,低確率,-,
ツバメ,たいきスキル,くらくら,耐性減少,低,相手全体,-,2ターン,1,1回,
ツバメ,とくせい,くらくら,耐性増加,高,味方全体,アクティブ属性の味方,-,-,-,
マルタタイガー,なないろとくせい,びりびり,耐性増加,高,味方全体,リラックス属性の味方,-,-,-,
神域の一皿,とくせい(変化後),くらくら,耐性減少,低~~(20%),相手全体,-,-,-,-,
神域の一皿,とくせい(変化後),どく,耐性減少,低~~(20%),相手全体,-,-,-,-,
神域の一皿,とくせい(変化後),すやすや,耐性減少,低~~(20%),相手全体,-,-,-,-,
神域の一皿,とくせい(変化後),くたくた,耐性減少,低~~(20%),相手全体,-,-,-,-,
神域の一皿,とくせい(変化後),ひやひや,耐性減少,低~~(20%),相手全体,-,-,-,-,
神域の一皿,とくせい(変化後),ズキンズキン,耐性減少,低~~(20%),相手全体,-,-,-,-,
神域の一皿,とくせい(変化後),からげんき,耐性減少,低,相手全体,-,-,-,-,
神域の一皿,とくせい(変化後),ぼんやりうっかり,耐性減少,低~~(20%),相手全体,-,-,-,-,
神域の一皿,とくせい(変化後),しょんぼりきぶん,耐性減少,低,相手全体,-,-,-,-,
神域の一皿,とくせい(変化後),びりびり,耐性減少,低~~(20%),相手全体,-,-,-,-,
神域の一皿,とくせい(変化後),ちぐはぐリズム,耐性減少,低,相手全体,-,-,-,-,
神域の一皿,とくせい(変化後),ロストフラッグ,耐性減少,低,相手全体,-,-,-,-,
神域の一皿,とくせい(変化後),ばてばてヒリヒリ,耐性減少,低~~(20%),相手全体,-,-,-,-,
神域の一皿,とくせい(変化後),あせあせ,耐性減少,低,相手全体,-,-,-,-,
神域の一皿,とくせい(変化後),全ての状態異常に関連した能力,耐性減少,低~~(20%),相手全体,-,-,-,-,
ホンドタヌキ,とくいわざ,ズキンズキン,付与,-,相手単体,-,2ターン,高確率,-,
ホンドタヌキ,とくいわざ,くらくら,付与,-,相手単体,リラックス属性の相手,1ターン,低確率,-,
ホンドタヌキ,たいきスキル,ルンルンきぶん,付与,-,自身を除く~~味方全体,-,2ターン,1,2回,行動前に発動
ホンドタヌキ,とくせい,ばてばてヒリヒリ,耐性増加,高,味方全体,フレンドリー属性の味方,-,-,-,
ホンドタヌキ,とくせい,ぼんやりうっかり,耐性増加,高,自身,-,-,-,-,
ホンドタヌキ,キセキとくせい,ルンルンきぶん,付与,-,自身,-,-,-,-,
シロフクロウ,たいきスキル,しょんぼりきぶん,解除,-,味方全体,マイペース属性の味方,-,1,1回,
シロフクロウ,とくせい,すやすや,耐性増加,高,味方全体,マイペース属性の味方,-,-,-,
理想のフサフサ！,とくせい(変化前・後),かくれみ,付与,少しだけ,自身,-,-,-,-,
お姉ちゃんにまかせて♪,とくせい(変化前),すやすや,耐性増加,中,自身,-,-,-,-,
お姉ちゃんにまかせて♪,とくせい(変化後),すやすや,耐性増加,高,自身,-,-,-,-,
ボアコンストリクター,けものミラクル,ズキンズキン,付与,-,相手単体,対象がセルリアン,2ターン,高確率,-,必要MP90
ボアコンストリクター,けものミラクル,びりびり,付与,-,相手単体,対象がセルリアン,2ターン,高確率,-,必要MP90
ボアコンストリクター,たいきスキル,ルンルンきぶん,解除,-,相手全体,-,-,1,1回,
ボアコンストリクター,たいきスキル,ズキンズキン,耐性減少,中,相手全体,-,2ターン,1,1回,
ボアコンストリクター,たいきスキル,びりびり,耐性減少,中,相手全体,-,2ターン,1,1回,
ボアコンストリクター,とくせい,あせあせ,耐性増加,高,味方全体,アクティブ属性の味方,-,-,-,
たまにはこうやって,とくせい(変化前),ばてばてヒリヒリ,耐性増加,中,自身,-,-,-,-,
たまにはこうやって,とくせい(変化後),ばてばてヒリヒリ,耐性増加,高,自身,-,-,-,-,
ミナミキリン,たいきスキル,しょんぼりきぶん,耐性増加,高,味方全体,マイペース属性の味方,2ターン,0.9,2回,
ミナミキリン,キセキとくせい,いかく,付与,-,自身,-,-,-,-,
ミナミキリン,キセキとくせい,かくれみ,付与,-,自身を除く~~味方全体,マイペース属性の味方,-,-,-,
マッコウクジラ,とくせい,くらくら,耐性増加,高,味方全体,リラックス属性の味方,-,-,-,
カムチャッカオオヒグマ,なないろとくせい,くらくら,耐性増加,高,自身,-,-,-,-,
カムチャッカオオヒグマ,なないろとくせい,すやすや,耐性増加,高,自身,-,-,-,-,
エメラルドツリーボア,なないろとくせい,びりびり,耐性減少,低,相手全体,マイペース属性の相手,-,-,-,
アマゾンツリーボア,なないろとくせい,ズキンズキン,耐性減少,低,相手全体,フレンドリー属性の相手,-,-,-,
イロワケイルカ,たいきスキル,毎ターンMP減少,解除,-,味方全体,ラブリー属性の味方,-,1,2回,
イロワケイルカ,とくせい,ぼんやりうっかり,耐性増加,高,味方全体,ラブリー属性の味方,-,-,-,
ライチョウ,たいきスキル,いかく,付与,-,自身,-,2ターン,0.5,∞,
ライチョウ,とくせい,からげんき,耐性増加,高,味方全体,フレンドリー属性の味方,-,-,-,
ライチョウ,キセキとくせい,びりびり,耐性増加,高,自身,-,-,-,-,
ライチョウ,キセキとくせい,いかく,付与,-,自身,-,-,-,-,