フレンズID/フォト名,わざ種別,状態異常,効果,威力,対象,条件,効果ターン,発動率,発動回数,備考
モウコノウマ,けものミラクル,くらくら,付与するフレンズ,-,相手単体,リラックス属性の相手,1ターン,高確率,-,
モウコノウマ,とくいわざ,くらくら,付与するフレンズ,-,相手単体,リラックス属性の相手,1ターン,中確率,-,
クロサイ(緑),けものミラクル,くらくら,付与するフレンズ,-,相手単体,-,1ターン,高確率,-,必要MP90
カモノハシ,とくいわざ,くらくら,付与するフレンズ,-,相手単体,-,2ターン,中確率,-,
ピーチパンサー(黄緑),とくいわざ,くらくら,付与するフレンズ,-,相手単体,-,2ターン,中確率,-,
アカカンガルー,けものミラクル,くらくら,付与するフレンズ,-,相手単体,-,1ターン,高確率,-,必要MP100
アカカンガルー,とくいわざ,くらくら,付与するフレンズ,-,相手単体,-,2ターン,低確率,-,耐性減少あり
ギロロ,けものミラクル,くらくら,付与するフレンズ,-,相手単体,-,2ターン,高確率,-,必要MP120
クビワペッカリー,とくいわざ,くらくら,付与するフレンズ,-,相手単体,-,2ターン,低確率,-,
セキショクヤケイ,けものミラクル,くらくら,付与するフレンズ,-,相手単体,-,2ターン,高確率,-,必要MP110
エジプトガン,とくいわざ,くらくら,付与するフレンズ,-,相手単体,-,1ターン,低確率,-,
ジャングルキャット,けものミラクル,くらくら,付与するフレンズ,-,相手単体,-,1ターン,中確率,-,必要MP90
ドールシープ,とくいわざ,くらくら,付与するフレンズ,-,相手単体,-,2ターン,中確率,-,
カマイタチ・転,けものミラクル,くらくら,付与するフレンズ,-,相手単体,-,1ターン,高確率,-,必要MP80
ディアトリマ,けものミラクル,くらくら,付与するフレンズ,-,相手単体,-,1ターン,中確率,-,必要MP120
シベリアオオヤマネコ,けものミラクル,くらくら,付与するフレンズ,-,相手単体,ラブリー属性の相手,1ターン,高確率,-,Lv.5時点~~必要MP80
ツクヨミノシンシ,けものミラクル,くらくら,付与するフレンズ,-,相手全体,-,1ターン,低確率,-,
ニホンノウサギ,とくいわざ,くらくら,付与するフレンズ,-,相手単体,-,1ターン,低確率,-,
麒麟,とくいわざ,くらくら,付与するフレンズ,-,相手単体,-,1ターン,低確率,-,
ゴルゴプスカバ,けものミラクル,くらくら,付与するフレンズ,-,相手単体,フレンドリー属性の相手,1ターン,高確率,-,
ゴルゴプスカバ,とくいわざ,くらくら,付与するフレンズ,-,相手単体,フレンドリー属性の相手,1ターン,中確率,-,
ヒメアルマジロ,とくいわざ,くらくら,付与するフレンズ,-,相手単体,リラックス属性の相手,1ターン,中確率,-,
ダンザブロウダヌキ,けものミラクル,くらくら,付与するフレンズ,-,相手単体,-,1ターン,中確率,-,
ダンザブロウダヌキ,とくいわざ,くらくら,付与するフレンズ,-,相手単体,ファニー属性の相手,1ターン,中確率,-,
オランウータン,とくいわざ,くらくら,付与するフレンズ,-,相手単体,ファニー属性の相手,1ターン,低確率,-,
ツノサイチョウ,とくいわざ,くらくら,付与するフレンズ,-,相手単体,フレンドリー属性の相手,1ターン,中確率,-,
フクロネコ,けものミラクル,くらくら,付与するフレンズ,-,相手単体,リラックス属性の相手,1ターン,高確率,-,
オオカワウソ,とくいわざ,くらくら,付与するフレンズ,-,相手単体,-,1ターン,低確率,-,
マヌルネコ(桃),けものミラクル,くらくら,付与するフレンズ,-,相手単体,-,1ターン,高確率,-,
トド,とくいわざ,くらくら,付与するフレンズ,-,相手単体,ラブリー属性の相手,1ターン,中確率,-,
ウミネコ,たいきスキル,くらくら,付与するフレンズ,-,相手単体,-,1ターン,低確率~~たいき発動率100%,∞,
ウミネコ,たいきスキル,くらくら,付与するフレンズ,-,相手全体,アクティブ属性の相手,1ターン,中確率~~たいき発動率100%,∞,
タチコマ type-H,とくいわざ,くらくら,付与するフレンズ,-,相手単体,-,2ターン,低確率,-,
ニワトリ,とくいわざ,くらくら,付与するフレンズ,-,相手単体,アクティブ属性の相手,1ターン,中確率,-,
ヘビクイワシ,けものミラクル,くらくら,付与するフレンズ,-,相手単体,アクティブ属性の相手,1ターン,高確率,-,
ヒョウ,けものミラクル,くらくら,付与するフレンズ,-,相手単体,マイペース属性の相手,1ターン,高確率,-,
ビャッコ,とくいわざ,くらくら,付与するフレンズ,-,相手単体,相手が3体以上のとき,1ターン,高確率,-,
ヤク,けものミラクル,くらくら,付与するフレンズ,-,相手単体,ラブリー属性の相手,1ターン,高確率,-,
ヤク,とくいわざ,くらくら,付与するフレンズ,-,相手単体,-,1ターン,低確率,-,
アデリーペンギン,けものミラクル,くらくら,付与するフレンズ,-,相手単体,-,1ターン,低確率,-,
クロヒョウ,けものミラクル,くらくら,付与するフレンズ,-,相手単体,ファニー属性の相手,1ターン,高確率,-,
キタキツネ(青),とくいわざ,くらくら,付与するフレンズ,-,相手単体,-,1ターン,低確率,-,
トキ(青),とくいわざ,くらくら,付与するフレンズ,-,相手単体,-,1ターン,低確率,-,
ジャック・オー・ランタン,キセキとくせい,くらくら,付与するフレンズ,-,相手全体,自身ギブアップ時~~相手フレンズ時,2ターン,高確率,1回,
シーサー・レフティ,けものミラクル,くらくら,付与するフレンズ,-,相手全体,ラブリー属性の相手,1ターン,高確率,-,
ジャイアントパンダ,とくいわざ,くらくら,付与するフレンズ,-,相手単体,-,2ターン,低確率,-,
ロイヤルペンギン(黄緑),けものミラクル,くらくら,付与するフレンズ,-,相手単体,-,1ターン,低確率,-,
エゾヒグマ,けものミラクル,くらくら,付与するフレンズ,-,相手単体,リラックス属性の相手,1ターン,高確率,-,
アリツカゲラ,とくいわざ,くらくら,付与するフレンズ,-,相手単体,マイペース属性の相手,1ターン,低確率,-,
ショウジョウトキ,けものミラクル,くらくら,付与するフレンズ,-,相手単体,-,2ターン,低確率,-,
シナウスイロイルカ,とくいわざ,くらくら,付与するフレンズ,-,相手単体,リラックス属性の相手,1ターン,中確率,-,
オイナリサマ,けものミラクル,くらくら,付与するフレンズ,-,相手全体,アクティブ属性の相手,1ターン,高確率,-,
フンボルトペンギン,とくいわざ,くらくら,付与するフレンズ,-,相手単体,ラブリー属性の相手,1ターン,低確率,-,
カバ,とくいわざ,くらくら,付与するフレンズ,-,相手単体,フレンドリー属性の相手,1ターン,中確率,-,
タスマニアデビル,とくいわざ,くらくら,付与するフレンズ,-,相手単体,アクティブ属性の相手,1ターン,低確率,-,
タスマニアデビル,けものミラクル,くらくら,付与するフレンズ,-,相手全体,-,1ターン,中確率,-,
タヌキ,とくいわざ,くらくら,付与するフレンズ,-,相手単体,リラックス属性の相手,1ターン,低確率,-,
カタカケフウチョウ,けものミラクル,くらくら,付与するフレンズ,-,相手全体,-,1ターン,中確率,-,
キタキツネ,とくいわざ,くらくら,付与するフレンズ,-,相手単体,-,1ターン,低確率,-,
アフリカニシキヘビ,けものミラクル,くらくら,付与するフレンズ,-,相手単体,-,1ターン,高確率,-,
アルパカ・ワカイヤ,とくいわざ,くらくら,付与するフレンズ,-,相手単体,-,2ターン,中確率,-,
ライオン,とくいわざ,くらくら,付与するフレンズ,-,相手単体,-,2ターン,低確率,-,
ヒツジ,とくいわざ,くらくら,付与するフレンズ,-,相手単体,-,2ターン,低確率,-,
トキ,けものミラクル,くらくら,付与するフレンズ,-,相手全体,-,1ターン,中確率,-,
コツメカワウソ,とくいわざ,くらくら,付与するフレンズ,-,相手単体,-,1ターン,低確率,-,
コツメカワウソ,けものミラクル,くらくら,付与するフレンズ,-,相手単体,フレンドリー属性の相手,1ターン,高確率,-,
アメリカビーバー,とくいわざ,くらくら,付与するフレンズ,-,相手単体,-,1ターン,中確率,-,
アメリカレア,けものミラクル,くらくら,付与するフレンズ,-,相手単体,-,1ターン,高確率,-,
ミーアキャット,たいきスキル,くらくら,付与するフレンズ,-,相手単体,-,1ターン,0.1,∞,
シマリス,とくせい,くらくら,耐性を得るフレンズ,高,味方全体,フレンドリー属性の味方,-,-,-,
イエイヌ（雑種）,キセキとくせい,くらくら,耐性を得るフレンズ,高,味方全体,フレンドリー属性の味方,-,-,-,
バンテン,キセキとくせい,くらくら,耐性を得るフレンズ,低,味方全体,フレンドリー属性の味方~~たいりょく50%以上,-,-,-,
モウコノウマ,とくせい,くらくら,耐性を得るフレンズ,中,味方全体,フレンドリー属性の味方,-,-,-,
ムック,とくせい,くらくら,耐性を得るフレンズ,高,味方全体,-,-,-,-,
カバ,とくせい,くらくら,耐性を得るフレンズ,高,味方全体,ファニー属性の味方,-,-,-,
エランド,たいきスキル,くらくら,耐性を得るフレンズ,中,味方全体,ファニー属性の味方,3ターン,1,2回,
エランド,キセキとくせい,くらくら,耐性を得るフレンズ,中,味方全体,ファニー属性の味方,-,-,-,
セキショクヤケイ,キセキとくせい,くらくら,耐性を得るフレンズ,中,味方全体,ファニー属性の味方,-,-,-,
ツシマヤマネコ,とくせい,くらくら,耐性を得るフレンズ,高,味方全体,リラックス属性の味方,-,-,-,
サーベルタイガー,とくせい,くらくら,耐性を得るフレンズ,高,味方全体,リラックス属性の味方,-,-,-,
フクロオオカミ,けものミラクル,くらくら,耐性を得るフレンズ,中,味方全体,リラックス属性の味方,2ターン,-,-,必要MP110
白龍,とくせい,くらくら,耐性を得るフレンズ,高,味方全体,アクティブ、フレンドリー属性の味方,-,-,-,
麒麟,なないろとくせい,くらくら,耐性を得るフレンズ,高,味方全体,アクティブ属性の味方,-,-,-,
ドールシープ,キセキとくせい,くらくら,耐性を得るフレンズ,高,味方全体,アクティブ属性の味方,-,-,-,
ハブ,キセキとくせい,くらくら,耐性を得るフレンズ,高,味方全体,アクティブ属性の味方,-,-,-,
アリツカゲラ,キセキとくせい,くらくら,耐性を得るフレンズ,高,味方全体,アクティブ属性の味方,-,-,-,
シロクジャク,とくせい,くらくら,耐性を得るフレンズ,高,味方全体,ラブリー属性の味方,-,-,-,
アラビアオリックス,とくせい,くらくら,耐性を得るフレンズ,高,味方全体,ラブリー属性の味方,-,-,-,
ナミチスイコウモリ,キセキとくせい,くらくら,耐性を得るフレンズ,高,味方全体,ラブリー属性の味方,-,-,-,
キタキツネ,とくせい,くらくら,耐性を得るフレンズ,高,味方全体,ラブリー属性の味方,-,-,-,
トキ,なないろとくせい,くらくら,耐性を得るフレンズ,低,味方全体,自身がギブアップ状態でない,-,-,-,
カワラバト,とくせい,くらくら,耐性を得るフレンズ,高,味方全体,マイペース属性の味方,-,-,-,
クラハシコウ,とくせい,くらくら,耐性を得るフレンズ,高,味方全体,マイペース属性の味方,-,-,-,
ウミウ,とくせい,くらくら,耐性を得るフレンズ,高,味方全体,マイペース属性の味方,-,-,-,
ひぐまモン,とくせい,くらくら,耐性を得るフレンズ,高,味方全体,マイペース属性の味方,-,-,-,
フォッサ,たいきスキル,くらくら,耐性を得るフレンズ,高,味方全体,マイペース属性の味方,5ターン,1,1回,
キットギツネ,とくせい,くらくら,耐性を得るフレンズ,中,味方全体,マイペース属性の味方~~ギブアップ中ではない~~味方が3人以上,-,-,-,
麒麟,けものミラクル,くらくら,耐性を得るフレンズ,小,味方全体,マイペース属性の味方,3ターン,-,-,
フクロミツスイ,とくせい,くらくら,耐性を得るフレンズ,低,自身,ステージの時間が夜,-,-,-,
山本五郎左衛門,キセキとくせい,くらくら,耐性を得るフレンズ,高,自身,-,-,-,-,
黒龍,とくせい,くらくら,耐性を得るフレンズ,完全耐性,自身,-,-,-,-,
白龍,とくせい,くらくら,耐性を得るフレンズ,完全耐性,自身,-,-,-,-,
カルガモ,なないろとくせい,くらくら,耐性を得るフレンズ,中,自身,たいりょく50%以上,-,-,-,
赤龍,とくせい,くらくら,耐性を得るフレンズ,完全耐性,自身,-,-,-,-,
バンドウイルカ(水),キセキとくせい,くらくら,耐性を得るフレンズ,高,自身,地形がみずべ,-,-,-,
真・青龍,とくせい,くらくら,耐性を得るフレンズ,完全耐性,自身,-,-,-,-,
ピーチパンサー(黄緑),キセキとくせい,くらくら,耐性を得るフレンズ,完全耐性,自身,-,-,-,-,
ギロロ,キセキとくせい,くらくら,耐性を得るフレンズ,高,自身,ギブアップ中ではない~~味方が1人,-,-,-,
ブラックサーバル,とくせい,くらくら,耐性を得るフレンズ,高,自身,セルリアン戦,-,-,-,
アリサ=サザンクロス,キセキとくせい,くらくら,耐性を得るフレンズ,完全耐性,自身,-,-,-,-,
サバンナシマウマ(黄緑),とくせい,くらくら,耐性を得るフレンズ,中,自身,-,-,-,-,
ツクヨミノシンシ,キセキとくせい,くらくら,耐性を得るフレンズ,高,自身,-,-,-,-,
麒麟,キセキとくせい,くらくら,耐性を得るフレンズ,完全耐性,自身,-,-,-,-,
ガチャピン,キセキとくせい,くらくら,耐性を得るフレンズ,高,自身,-,-,-,-,
キジ,たいきスキル,くらくら,耐性を得るフレンズ,高,自身,-,2ターン,1,∞,
セイウチ,とくせい,くらくら,耐性を得るフレンズ,高,自身,-,-,-,-,
でびるさま,とくせい,くらくら,耐性を得るフレンズ,高,自身,-,-,-,-,
ソンゴクウ,とくせい,くらくら,耐性を得るフレンズ,高,自身,-,-,-,-,
オオカワウソ,たいきスキル,くらくら,耐性を得るフレンズ,完全耐性,自身,-,3ターン,1,1回,
コアラ,とくせい,くらくら,耐性を得るフレンズ,高,自身,-,-,-,-,
トラ,とくせい,くらくら,耐性を得るフレンズ,高,自身,-,-,-,-,
セイリュウ,キセキとくせい,くらくら,耐性を得るフレンズ,完全耐性,自身,-,-,-,-,
ウミネコ,キセキとくせい,くらくら,耐性を得るフレンズ,中,自身,地形がみずべ,-,-,-,
イリエワニ,キセキとくせい,くらくら,耐性を得るフレンズ,高,自身,-,-,-,-,
オオウミガラス,とくせい,くらくら,耐性を得るフレンズ,高,自身,-,-,-,-,
人面魚,とくせい,くらくら,耐性を得るフレンズ,高,自身,-,-,-,-,
カルガモ,とくせい,くらくら,耐性を得るフレンズ,高,自身,-,-,-,-,
セーバル,とくせい,くらくら,耐性を得るフレンズ,高,自身,-,-,-,-,
ドール(黄緑),とくせい,くらくら,耐性を得るフレンズ,完全耐性,自身,たいりょく50%以下,-,-,-,
ジャガー(赤),たいきスキル,くらくら,耐性を得るフレンズ,高,自身,-,3ターン,1,3回,
オーロックス,とくせい,くらくら,耐性を得るフレンズ,完全耐性,自身,-,-,-,-,
ホルスタイン,とくせい,くらくら,耐性を得るフレンズ,高,自身,-,-,-,-,
チャップマンシマウマ(桃),とくせい,くらくら,耐性を得るフレンズ,高,自身,-,-,-,-,
フェネック(桃),とくせい,くらくら,耐性を得るフレンズ,高,自身,-,-,-,-,
アカミミガメ,とくせい,くらくら,耐性を得るフレンズ,完全耐性,自身,たいりょく40%以下,-,-,-,
エゾヒグマ,キセキとくせい,くらくら,耐性を得るフレンズ,高,自身,-,-,-,-,
ブタ,とくせい,くらくら,耐性を得るフレンズ,高,自身,-,-,-,-,
G・ロードランナー,たいきスキル,くらくら,耐性を得るフレンズ,中,自身,-,3ターン,0.8,2回,
プロングホーン,とくせい,くらくら,耐性を得るフレンズ,高,自身,-,-,-,-,
ショウジョウトキ,とくせい,くらくら,耐性を得るフレンズ,高,自身,-,-,-,-,
ピーチパンサー,とくせい,くらくら,耐性を得るフレンズ,完全耐性,自身,-,-,-,-,
ハシビロコウ,とくせい,くらくら,耐性を得るフレンズ,高,自身,-,-,-,-,
コツメカワウソ,キセキとくせい,くらくら,耐性を得るフレンズ,高,自身,-,-,-,-,
シロサイ,とくせい,くらくら,耐性を得るフレンズ,高,自身,たいりょく50%以下,-,-,-,
トキ,とくせい,くらくら,耐性を得るフレンズ,中,自身,-,-,-,-,
黒龍,けものミラクル,くらくら,解除するフレンズ,-,味方全体,-,-,-,-,必要MP200
赤龍,けものミラクル,くらくら,解除するフレンズ,-,味方全体,ラブリー、ファニー属性の味方,-,-,-,
マメジカ,けものミラクル,くらくら,解除するフレンズ,-,味方全体,自身を除くマイペース、~~リラックス属性の味方,-,-,-,必要MP120
フクロオオカミ,けものミラクル,くらくら,解除するフレンズ,-,味方全体,リラックス属性の味方,-,-,-,必要MP110
麒麟,けものミラクル,くらくら,解除するフレンズ,-,味方全体,フレンドリー属性の味方,-,-,-,必要MP160
アオツラカツオドリ,けものミラクル,くらくら,解除するフレンズ,-,味方全体,ラブリー属性の味方,-,-,-,必要MP90
タスマニアデビル(青),けものミラクル,くらくら,解除するフレンズ,-,味方全体,リラックス属性の味方,-,-,-,必要MP100
ユニコ,けものミラクル,くらくら,解除するフレンズ,-,味方全体,アクティブ属性の味方,-,-,-,必要MP100
タテゴトアザラシ,たいきスキル,くらくら,解除するフレンズ,-,味方全体,-,-,1,2回,
ロイヤルペンギン,たいきスキル,くらくら,解除するフレンズ,-,味方1体,最もたいりょく割合の低い味方,-,1,3回,
アフリカゾウ,なないろとくせい,くらくら,解除するフレンズ,-,自身,たいりょくが20%~~以下になったとき,-,-,1回,
【ジっとできない湿地のハンター】ハシビロコウ,キセキとくせい,くらくら,耐性を減少させるフレンズ,低,相手全体,-,-,-,-,
ヌエ,キセキとくせい,くらくら,耐性を減少させるフレンズ,低,相手全体,アクティブ属性の相手,-,-,-,
ヒメアリクイ,なないろとくせい,くらくら,耐性を減少させるフレンズ,中,相手全体,-,-,-,-,
トキ,なないろとくせい,くらくら,耐性を減少させるフレンズ,低,相手全体,自身がギブアップ状態でない,-,-,-,
真・青龍,けものミラクル,くらくら,耐性を減少させるフレンズ,中,相手単体,-,2ターン,高確率,-,必要MP90
アカカンガルー,とくいわざ,くらくら,耐性を減少させるフレンズ,低,相手単体,-,2ターン,高確率,-,
ハシブトガラス,なないろとくせい,くらくら,耐性を減少させるフレンズ,低,相手全体,ファニー属性の相手,-,-,-,
セキショクヤケイ,キセキとくせい,くらくら,耐性を減少させるフレンズ,低,相手全体,フレンドリー属性の相手,-,-,-,
オオカワウソ,けものミラクル,くらくら,耐性を減少させるフレンズ,低,相手単体,ファニー属性の相手,3ターン,高確率,-,必要MP100
マヌルネコ(桃),たいきスキル,くらくら,耐性を減少させるフレンズ,中,相手全体,アクティブ属性の相手,2ターン,1,1回,
はなまるだね！,とくせい(変化後),くらくら,耐性を与えるフォト,完全耐性,自身,-,-,-,-,
てんてんハンティング,とくせい(変化前),くらくら,耐性を与えるフォト,中,自身,-,-,-,-,
てんてんハンティング,とくせい(変化後),くらくら,耐性を与えるフォト,高,自身,-,-,-,-,
まよなかぴかぴか,とくせい(変化前),くらくら,耐性を与えるフォト,小,自身,-,-,-,-,
まよなかぴかぴか,とくせい(変化後),くらくら,耐性を与えるフォト,中,自身,-,-,-,-,
レディー・アフター,とくせい(変化前・後),くらくら,耐性を与えるフォト,中,自身,-,-,-,-,
にゅーいやー！,とくせい(変化前・後),くらくら,耐性を与えるフォト,中,自身,-,-,-,-,
どんぐり大きくなーれ！,とくせい(変化前),くらくら,耐性を与えるフォト,中,自身,たいりょくが40%以上,-,-,-,
どんぐり大きくなーれ！,とくせい(変化後),くらくら,耐性を与えるフォト,中,自身,-,-,-,-,
てさぐりニュースタイル,とくせい(変化前・後),くらくら,耐性を与えるフォト,小,自身,-,-,-,-,
タスマニアデビル(フォト),とくせい(変化前・後),くらくら,耐性を与えるフォト,中,自身,-,-,-,-,
サマーリフレッシュ,とくせい(変化前),くらくら,耐性を与えるフォト,低,自身,-,-,-,-,
サマーリフレッシュ,とくせい(変化後),くらくら,耐性を与えるフォト,中,自身,-,-,-,-,
悪と反逆の使徒！,とくせい(変化前),くらくら,耐性を与えるフォト,低,自身,-,-,-,-,
悪と反逆の使徒！,とくせい(変化後),くらくら,耐性を与えるフォト,中,自身,-,-,-,-,
ちゃんとみてね！,とくせい(変化前),くらくら,耐性を与えるフォト,中,自身,たいりょく50%以下,-,-,-,
ちゃんとみてね！,とくせい(変化後),くらくら,耐性を与えるフォト,中,自身,-,-,-,-,
サンプル採取,とくせい(変化前・後),くらくら,耐性を与えるフォト,低,自身,-,-,-,-,
アンイン港フェリーターミナル,とくせい(変化後),くらくら,耐性を与えるフォト,低,自身,-,-,-,-,
ただたいたたすたき,とくせい(変化後),くらくら,耐性を与えるフォト,低,自身,-,-,-,-,
おすすめのばしょでち！,とくせい(変化前・後),くらくら,耐性を減少させるフォト,低,相手全体,アクティブ属性の相手,-,-,-,
カマイタチ・転(フォト),とくせい(変化前),くらくら,耐性を減少させるフォト,低,相手全体,たいりょく70%以上~~フレンドリー属性の相手,-,-,-,
カマイタチ・転(フォト),とくせい(変化後),くらくら,耐性を減少させるフォト,低,相手全体,たいりょく50%以上~~フレンドリー属性の相手,-,-,-,
タイパン,とくいわざ,どく,付与するフレンズ,-,相手単体,-,3ターン,中確率,-,
タイパン,けものミラクル,どく,付与するフレンズ,-,相手単体,-,3ターン,高確率,-,必要MP100
【ジっとできない湿地のハンター】ハシビロコウ,とくいわざ,どく,付与するフレンズ,-,相手単体,-,2ターン,中確率,-,
ヌエ,けものミラクル,どく,付与するフレンズ,-,相手単体,-,2ターン,中確率,-,必要MP80
カモノハシ,けものミラクル,どく,付与するフレンズ,-,相手単体,-,2ターン,中確率,-,必要MP80
コモドドラゴン(桃),とくいわざ,どく,付与するフレンズ,-,相手単体,-,4ターン,高確率,-,
コモドドラゴン(桃),キセキとくせい,どく,付与するフレンズ,-,自身,たいりょくが80%以下~~になったとき,-,-,1回,推定付与率100%
カマイタチ・治,とくいわざ,どく,付与するフレンズ,-,相手単体,-,2ターン,中確率,-,
カマイタチ・切,とくいわざ,どく,付与するフレンズ,-,相手単体,セルリアン戦,2ターン,高確率,-,
ブラックマンバ,けものミラクル,どく,付与するフレンズ,-,相手単体,-,3ターン,高確率,-,必要MP80
ブラックマンバ,とくいわざ,どく,付与するフレンズ,-,相手単体,-,2ターン,中確率,-,
ちびくまモン,とくいわざ,どく,付与するフレンズ,-,相手単体,-,3ターン,中確率,-,
でびるさま,けものミラクル,どく,付与するフレンズ,-,相手単体,-,1ターン,高確率,-,
イヌガミギョウブ,たいきスキル,どく,付与するフレンズ,-,自身,-,5ターン,高確率~~たいき発動率50%,3回,
キュウビキツネ,とくいわざ,どく,付与するフレンズ,-,相手単体,-,2ターン,中確率,-,
ノドグロミツオシエ,とくせい,どく,付与するフレンズ,-,相手全体,アクティブ属性の相手~~自身がギブアップしたとき,3ターン,高確率,1回,
ハブ,けものミラクル,どく,付与するフレンズ,-,相手単体,-,4ターン,高確率,-,
ハブ,とくいわざ,どく,付与するフレンズ,-,相手単体,-,3ターン,中確率,-,
ツチノコ(赤),けものミラクル,どく,付与するフレンズ,-,相手単体,-,4ターン,高確率,-,
ツチノコ(赤),とくいわざ,どく,付与するフレンズ,-,相手単体,-,2ターン,中確率,-,
ジャック・オー・ランタン,キセキとくせい,どく,付与するフレンズ,-,相手全体,自身ギブアップ時~~相手セルリアンの時,4ターン,高確率,1回,
コモドドラゴン,とくいわざ,どく,付与するフレンズ,-,相手単体,-,2ターン,高確率,-,
コモドドラゴン,けものミラクル,どく,付与するフレンズ,-,相手全体・味方全体,-,3ターン,高確率,-,
キングコブラ,とくいわざ,どく,付与するフレンズ,-,相手単体,-,2ターン,高確率,-,
キングコブラ,けものミラクル,どく,付与するフレンズ,-,相手全体,-,3ターン,高確率,-,
セグロジャッカル,とくせい,どく,耐性を得るフレンズ,高,味方全体,-,-,-,-,
アマミノクロウサギ,とくせい,どく,耐性を得るフレンズ,高,味方全体,フレンドリー属性の味方,-,-,-,
ジャック・オー・ランタン,とくせい,どく,耐性を得るフレンズ,高,味方全体,フレンドリー属性の味方,-,-,-,
ブラックマンバ,とくせい,どく,耐性を得るフレンズ,中,味方全体,フレンドリー属性の味方,-,-,-,
ダチョウ(赤),とくせい,どく,耐性を得るフレンズ,高,味方全体,ファニー属性の味方,-,-,-,
エトピリカ,キセキとくせい,どく,耐性を得るフレンズ,中,味方全体,ファニー属性の味方,-,-,-,
リュウキュウイノシシ,たいきスキル,どく,耐性を得るフレンズ,低,味方全体,ファニー属性の味方,2ターン,1,∞,
ユキウサギ,とくせい,どく,耐性を得るフレンズ,高,味方全体,リラックス属性の味方,-,-,-,
オーストラリアデビル,キセキとくせい,どく,耐性を得るフレンズ,高,味方全体,リラックス属性の味方,-,-,-,
フクロオオカミ,けものミラクル,どく,耐性を得るフレンズ,中,味方全体,リラックス属性の味方,2ターン,-,-,必要MP110
アフリカゾウ,キセキとくせい,どく,耐性を得るフレンズ,低,自身を除く~~味方全体,-,-,-,-,
ハブ,なないろとくせい,どく,耐性を得るフレンズ,高,味方全体,アクティブ属性の味方,-,-,-,
キタコアリクイ,とくせい,どく,耐性を得るフレンズ,高,味方全体,アクティブ属性の味方,-,-,-,
パラケラテリウム,とくせい,どく,耐性を得るフレンズ,高,味方全体,-,-,-,-,
ラーテル,とくせい,どく,耐性を得るフレンズ,高,味方全体,アクティブ属性の味方,-,-,-,
コモドドラゴン,キセキとくせい,どく,耐性を得るフレンズ,中,味方全体,自身がギブアップ状態でないとき,-,-,-,
コモドドラゴン(桃),けものミラクル,どく,耐性を得るフレンズ,完全耐性,自身を除く~~味方全体,-,3ターン,-,-,必要MP120
アオツラカツオドリ,キセキとくせい,どく,耐性を得るフレンズ,高,味方全体,ラブリー属性の味方,-,-,-,
サラブレッドしろげ,キセキとくせい,どく,耐性を得るフレンズ,高,味方全体,ラブリー属性の味方,-,-,-,
メガテリウム,とくせい,どく,耐性を得るフレンズ,高,味方全体,マイペース属性の味方,-,-,-,
アジアゴールデンキャット,とくせい,どく,耐性を得るフレンズ,高,味方全体,マイペース属性の味方,-,-,-,
ハヤブサ,とくせい,どく,耐性を得るフレンズ,高,味方全体,マイペース属性の味方,-,-,-,
ヤク,とくせい,どく,耐性を得るフレンズ,高,味方全体,マイペース属性の味方,-,-,-,
麒麟,けものミラクル,どく,耐性を得るフレンズ,小,味方全体,マイペース属性の味方,3ターン,-,-,
フクロミツスイ,とくせい,どく,耐性を得るフレンズ,低,自身,ステージの時間が夜,-,-,-,
スカイフィッシュ,なないろとくせい,どく,耐性を得るフレンズ,高,自身,-,-,-,-,
山本五郎左衛門,キセキとくせい,どく,耐性を得るフレンズ,高,自身,-,-,-,-,
黒龍,とくせい,どく,耐性を得るフレンズ,完全耐性,自身,-,-,-,-,
フォークランドカラカラ,なないろとくせい,どく,耐性を得るフレンズ,高,自身,-,-,-,-,
白龍,とくせい,どく,耐性を得るフレンズ,完全耐性,自身,-,-,-,-,
カルガモ,なないろとくせい,どく,耐性を得るフレンズ,中,自身,たいりょく50%以上,-,-,-,
赤龍,とくせい,どく,耐性を得るフレンズ,完全耐性,自身,-,-,-,-,
バンドウイルカ(水),キセキとくせい,どく,耐性を得るフレンズ,高,自身,地形がみずべ,-,-,-,
サバンナセンザンコウ,とくせい,どく,耐性を得るフレンズ,中,自身,たいりょく50%以上,-,-,-,
真・青龍,とくせい,どく,耐性を得るフレンズ,完全耐性,自身,-,-,-,-,
ピーチパンサー(黄緑),キセキとくせい,どく,耐性を得るフレンズ,完全耐性,自身,-,-,-,-,
ギロロ,キセキとくせい,どく,耐性を得るフレンズ,高,自身,ギブアップ中ではない~~味方が1人,-,-,-,
ヒクイドリ,キセキとくせい,どく,耐性を得るフレンズ,高,自身,-,-,-,-,
エジプトガン,キセキとくせい,どく,耐性を得るフレンズ,高,自身,-,-,-,-,
アリサ=サザンクロス,キセキとくせい,どく,耐性を得るフレンズ,完全耐性,自身,-,-,-,-,
サバンナシマウマ(黄緑),とくせい,どく,耐性を得るフレンズ,中,自身,-,-,-,-,
麒麟,キセキとくせい,どく,耐性を得るフレンズ,完全耐性,自身,-,-,-,-,
アフリカタテガミヤマアラシ,とくせい,どく,耐性を得るフレンズ,高,自身,-,-,-,-,
コアラ,とくせい,どく,耐性を得るフレンズ,高,自身,-,-,-,-,
セイリュウ,キセキとくせい,どく,耐性を得るフレンズ,完全耐性,自身,-,-,-,-,
ウミネコ,キセキとくせい,どく,耐性を得るフレンズ,中,自身,地形がみずべ,-,-,-,
コンゴウインコ,とくせい,どく,耐性を得るフレンズ,高,自身,-,-,-,-,
スザク,とくせい,どく,耐性を得るフレンズ,完全耐性,自身,-,-,-,-,
ヘビクイワシ,とくせい,どく,耐性を得るフレンズ,完全耐性,自身,-,-,-,-,
人面魚,とくせい,どく,耐性を得るフレンズ,高,自身,-,-,-,-,
ドール(黄緑),とくせい,どく,耐性を得るフレンズ,完全耐性,自身,たいりょく50%以下,-,-,-,
ブラックジャガー(桃),とくせい,どく,耐性を得るフレンズ,高,自身,-,-,-,-,
オーロックス,とくせい,どく,耐性を得るフレンズ,完全耐性,自身,-,-,-,-,
ギンギツネ(水),とくせい,どく,耐性を得るフレンズ,高,自身,-,-,-,-,
コモドドラゴン,とくせい,どく,耐性を得るフレンズ,完全耐性,自身,-,-,-,-,
アカミミガメ,とくせい,どく,耐性を得るフレンズ,完全耐性,自身,たいりょく40%以下,-,-,-,
パフィン,キセキとくせい,どく,耐性を得るフレンズ,高,自身,-,-,-,-,
G・ロードランナー,たいきスキル,どく,耐性を得るフレンズ,中,自身,-,3ターン,0.8,2回,
オイナリサマ,とくせい,どく,耐性を得るフレンズ,完全耐性,自身,-,-,-,-,
ピーチパンサー,とくせい,どく,耐性を得るフレンズ,完全耐性,自身,-,-,-,-,
フェネック,とくせい,どく,耐性を得るフレンズ,高,自身,-,-,-,-,
クジャク,とくせい,どく,耐性を得るフレンズ,完全耐性,自身,-,-,-,-,
シロサイ,とくせい,どく,耐性を得るフレンズ,高,自身,たいりょく50%以下,-,-,-,
マイルカ,とくせい,どく,耐性を得るフレンズ,低,自身,-,-,-,-,
マイルカ,とくせい,どく,耐性を得るフレンズ,中,自身,地形がみずべ,-,-,-,
カワラバト,たいきスキル,どく,解除するフレンズ,-,自身,-,-,1,1回,
イヌワシ,たいきスキル,どく,解除するフレンズ,-,自身,-,-,1,2回,
黒龍,けものミラクル,どく,解除するフレンズ,-,味方全体,-,-,-,-,必要MP200
ライリュウ,たいきスキル,どく,解除するフレンズ,-,自身,-,-,1,1回,
カモノハシ,たいきスキル,どく,解除するフレンズ,-,自身,-,-,1,3回,
ホワイトライオン(青),たいきスキル,どく,解除するフレンズ,-,自身,-,-,1,2回,
赤龍,けものミラクル,どく,解除するフレンズ,-,味方全体,ラブリー、ファニー属性の味方,-,-,-,
バンドウイルカ(水),たいきスキル,どく,解除するフレンズ,-,自身,-,-,1,1回,
コモドドラゴン(桃),けものミラクル,どく,解除するフレンズ,-,自身を除く~~味方全体,-,-,-,-,必要MP120
マメジカ,けものミラクル,どく,解除するフレンズ,-,味方全体,自身を除くマイペース、~~リラックス属性の味方,-,-,-,必要MP120
フクロオオカミ,けものミラクル,どく,解除するフレンズ,-,味方全体,リラックス属性の味方,-,-,-,必要MP110
オセロット,けものミラクル,どく,解除するフレンズ,-,自身,-,-,-,-,必要MP80
エトピリカ,たいきスキル,どく,解除するフレンズ,-,自身,-,-,1,1回,
カマイタチ・治,けものミラクル,どく,解除するフレンズ,-,味方全体,-,-,-,-,必要MP120
ブラックマンバ,たいきスキル,どく,解除するフレンズ,-,味方全体,フレンドリー属性の味方,-,1,2回,
ブラックバック(赤),とくいわざ,どく,解除するフレンズ,-,自身,-,-,低確率,-,
麒麟,けものミラクル,どく,解除するフレンズ,-,味方全体,フレンドリー属性の味方,-,-,-,必要MP160
アオツラカツオドリ,けものミラクル,どく,解除するフレンズ,-,味方全体,ラブリー属性の味方,-,-,-,必要MP90
タスマニアデビル(青),けものミラクル,どく,解除するフレンズ,-,味方全体,リラックス属性の味方,-,-,-,必要MP100
ゴシンギュウサマ,たいきスキル,どく,解除するフレンズ,-,自身,-,-,1,3回,
イエイヌ（シベリアンハスキー）,たいきスキル,どく,解除するフレンズ,-,味方全体,フレンドリー属性の味方,-,1,2回,
ビャッコ,たいきスキル,どく,解除するフレンズ,-,自身,-,-,1,1回,
ユニコ,けものミラクル,どく,解除するフレンズ,-,味方全体,アクティブ属性の味方,-,-,-,必要MP100
タテゴトアザラシ,たいきスキル,どく,解除するフレンズ,-,味方全体,-,-,1,2回,
ホッキョクウサギ,けものミラクル,どく,解除するフレンズ,-,味方全体,ラブリー属性の味方,-,-,-,必要MP90
カンザシフウチョウ,けものミラクル,どく,解除するフレンズ,-,味方全体,リラックス属性の味方,-,-,-,必要MP90
ヒメアリクイ,たいきスキル,どく,解除するフレンズ,-,自身,-,-,1,2回,
ライオン,たいきスキル,どく,解除するフレンズ,-,自身,-,-,0.8,1回,
シロナガスクジラ,たいきスキル,どく,解除するフレンズ,-,自身,-,-,1,2回,
アフリカゾウ,なないろとくせい,どく,解除するフレンズ,-,自身,たいりょくが20%~~以下になったとき,-,-,1回,
アフリカゾウ,たいきスキル,どく,解除するフレンズ,-,自身,-,-,0.5,∞,
タイパン,たいきスキル,どく,耐性を減少させるフレンズ,低,相手全体,-,2ターン,1,2回,
【ジっとできない湿地のハンター】ハシビロコウ,キセキとくせい,どく,耐性を減少させるフレンズ,低,相手全体,-,-,-,-,
【ジっとできない湿地のハンター】ハシビロコウ,とくいわざ,どく,耐性を減少させるフレンズ,低,相手単体,-,2ターン,高確率,-,
ヌエ,キセキとくせい,どく,耐性を減少させるフレンズ,低,相手全体,アクティブ属性の相手,-,-,-,
真・青龍,けものミラクル,どく,耐性を減少させるフレンズ,中,相手単体,-,2ターン,高確率,-,必要MP90
コモドドラゴン,なないろとくせい,どく,耐性を減少させるフレンズ,中,相手全体,自身がギブアップ状態でない,-,-,-,
キングコブラ,なないろとくせい,どく,耐性を減少させるフレンズ,中,相手全体,リラックス属性の相手,-,-,-,
ワシミミズク(水),キセキとくせい,どく,耐性を減少させるフレンズ,低,相手全体,-,-,-,-,
ブラックマンバ,キセキとくせい,どく,耐性を減少させるフレンズ,中,相手全体,-,-,-,-,
ハブ,とくせい,どく,耐性を減少させるフレンズ,中,相手全体,-,-,-,-,
はなまるだね！,とくせい(変化後),どく,耐性を与えるフォト,完全耐性,自身,-,-,-,-,
完成ですわ！,とくせい(変化前),どく,耐性を与えるフォト,中,自身,-,-,-,-,
完成ですわ！,とくせい(変化後),どく,耐性を与えるフォト,高,自身,-,-,-,-,
まよなかぴかぴか,とくせい(変化前),どく,耐性を与えるフォト,小,自身,-,-,-,-,
まよなかぴかぴか,とくせい(変化後),どく,耐性を与えるフォト,中,自身,-,-,-,-,
フルーツみーつけた！,とくせい(変化前),どく,耐性を与えるフォト,低,自身,-,-,-,-,
フルーツみーつけた！,とくせい(変化後),どく,耐性を与えるフォト,中,自身,-,-,-,-,
しっぴつかつどう,とくせい(変化前・後),どく,耐性を与えるフォト,中,自身,-,-,-,-,
お届けの準備です～♪,とくせい(変化前),どく,耐性を与えるフォト,中,自身,たいりょく50%以上,-,-,-,
お届けの準備です～♪,とくせい(変化後),どく,耐性を与えるフォト,中,自身,-,-,-,-,
オオアルマジロ(フォト),とくせい(変化前・後),どく,耐性を与えるフォト,低,味方全体,-,-,-,-,
ミーアキャット(フォト),とくせい(変化前・後),どく,耐性を与えるフォト,低,自身,-,-,-,-,
着せ替えごっこ,とくせい(変化前・後),どく,耐性を与えるフォト,低,自身,-,-,-,-,
飼育員更衣室,とくせい(変化前・後),どく,耐性を与えるフォト,低,自身,-,-,-,-,
ただたいたたすたき,とくせい(変化前・後),どく,耐性を与えるフォト,低,自身,-,-,-,-,
サンプル採取,とくせい(変化後),どく,耐性を与えるフォト,低,自身,-,-,-,-,
ジャパまんスチーマー,とくせい(変化後),どく,耐性を与えるフォト,低,自身,-,-,-,-,
バンドウイルカ(水),とくいわざ,すやすや,付与するフレンズ,-,相手単体,-,2ターン,中確率,-,
オセロット,とくせい,すやすや,付与するフレンズ,-,自身,自身のたいりょくが~~50%以下になったとき,3ターン,高確率,1回,
ゴシンギュウサマ,たいきスキル,すやすや,付与するフレンズ,-,自身,-,2ターン,高確率~~たいき発動率100%,3回,
ゴシンギュウサマ,とくせい,すやすや,付与するフレンズ,-,自身,たいりょくが~~50%以下になったとき,2ターン,高確率,1回,
タテゴトアザラシ,けものミラクル,すやすや,付与するフレンズ,-,相手全体,ラブリー属性の相手,2ターン,高確率,-,
タテゴトアザラシ,とくいわざ,すやすや,付与するフレンズ,-,相手単体,ラブリー属性の相手,2ターン,低確率,-,
ジェンツーペンギン,とくいわざ,すやすや,付与するフレンズ,-,相手単体,アクティブ属性の相手,1ターン,中確率,-,
アルパカ・スリ,けものミラクル,すやすや,付与するフレンズ,-,相手全体,リラックス属性の相手,1ターン,中確率,-,
ヒツジ,けものミラクル,すやすや,付与するフレンズ,-,相手全体,-,2ターン,高確率,-,
カリフォルニアアシカ,たいきスキル,すやすや,付与するフレンズ,-,相手単体,-,2ターン,0.1,2回,
ハクトウワシ(緑),とくせい,すやすや,耐性を得るフレンズ,高,味方全体,フレンドリー属性の味方,-,-,-,
クロサイ(緑),とくせい,すやすや,耐性を得るフレンズ,高,味方全体,フレンドリー属性の味方,-,-,-,
キンイロジャッカル,とくせい,すやすや,耐性を得るフレンズ,高,味方全体,フレンドリー属性の味方,-,-,-,
タイリクオオカミ,たいきスキル,すやすや,耐性を得るフレンズ,高,味方全体,フレンドリー属性の味方,4ターン,1,2回,
タヌキ,なないろとくせい,すやすや,耐性を得るフレンズ,中,味方全体,フレンドリー属性の味方~~自身がギブアップ状態でない,-,-,-,
黒龍,とくせい,すやすや,耐性を得るフレンズ,高,味方全体,ファニー属性の味方,-,-,-,
セキショクヤケイ,キセキとくせい,すやすや,耐性を得るフレンズ,中,味方全体,ファニー属性の味方,-,-,-,
ヤブツカツクリ,とくせい,すやすや,耐性を得るフレンズ,高,味方全体,ファニー属性の味方,-,-,-,
パンサーカメレオン,キセキとくせい,すやすや,耐性を得るフレンズ,高,味方全体,ファニー属性の味方,-,-,-,
キングチーター,とくせい,すやすや,耐性を得るフレンズ,高,味方全体,リラックス属性の味方,-,-,-,
ドルドン,とくせい,すやすや,耐性を得るフレンズ,高,味方全体,リラックス属性の味方,-,-,-,
トキ(青),たいきスキル,すやすや,耐性を得るフレンズ,高,味方全体,リラックス属性の味方,3ターン,1,2回,
タチコマ type-S,とくせい,すやすや,耐性を得るフレンズ,高,味方全体,リラックス属性の味方,-,-,-,
アミメキリン,なないろとくせい,すやすや,耐性を得るフレンズ,高,味方全体,リラックス属性の味方,-,-,-,
フクロオオカミ,けものミラクル,すやすや,耐性を得るフレンズ,中,味方全体,リラックス属性の味方,2ターン,-,-,必要MP110
エメラルドツリーボア,とくせい,すやすや,耐性を得るフレンズ,高,味方全体,アクティブ属性の味方,-,-,-,
イワトビペンギン,キセキとくせい,すやすや,耐性を得るフレンズ,高,味方全体,アクティブ属性の味方,-,-,-,
フクロミツスイ,とくせい,すやすや,耐性を得るフレンズ,高,味方全体,ラブリー属性の味方,-,-,-,
ホッキョクギツネ,なないろとくせい,すやすや,耐性を得るフレンズ,高,味方全体,ラブリー属性の味方,-,-,-,
ニホンノウサギ,とくせい,すやすや,耐性を得るフレンズ,高,味方全体,ラブリー属性の味方,-,-,-,
ジャイアントパンダ,たいきスキル,すやすや,耐性を得るフレンズ,高,自身を除く~~味方全体,-,2ターン,1,2回,
山本五郎左衛門,とくせい,すやすや,耐性を得るフレンズ,高,自身を除く~~味方全体,マイペース属性の味方,-,-,-,
バンドウイルカ(水),とくせい,すやすや,耐性を得るフレンズ,高,味方全体,マイペース、ファニー属性の味方~~ギブアップ状態ではない味方が3人以上,-,-,-,
インパラ,とくせい,すやすや,耐性を得るフレンズ,高,味方全体,マイペース属性の味方,-,-,-,
ギンギツネ(水),キセキとくせい,すやすや,耐性を得るフレンズ,高,味方全体,マイペース属性の味方,-,-,-,
麒麟,けものミラクル,すやすや,耐性を得るフレンズ,小,味方全体,マイペース属性の味方,3ターン,-,-,
フクロミツスイ,とくせい,すやすや,耐性を得るフレンズ,低,自身,ステージの時間が夜,-,-,-,
山本五郎左衛門,キセキとくせい,すやすや,耐性を得るフレンズ,高,自身,-,-,-,-,
黒龍,とくせい,すやすや,耐性を得るフレンズ,完全耐性,自身,-,-,-,-,
白龍,とくせい,すやすや,耐性を得るフレンズ,完全耐性,自身,-,-,-,-,
カルガモ,なないろとくせい,すやすや,耐性を得るフレンズ,中,自身,たいりょく50%以上,-,-,-,
赤龍,とくせい,すやすや,耐性を得るフレンズ,完全耐性,自身,-,-,-,-,
バンドウイルカ(水),キセキとくせい,すやすや,耐性を得るフレンズ,高,自身,地形がみずべ,-,-,-,
真・青龍,とくせい,すやすや,耐性を得るフレンズ,完全耐性,自身,-,-,-,-,
ピーチパンサー(黄緑),キセキとくせい,すやすや,耐性を得るフレンズ,完全耐性,自身,-,-,-,-,
ギロロ,キセキとくせい,すやすや,耐性を得るフレンズ,高,自身,ギブアップ中ではない~~味方が1人,-,-,-,
ブラックサーバル,とくせい,すやすや,耐性を得るフレンズ,高,自身,セルリアン戦,-,-,-,
ニワトリ,なないろとくせい,すやすや,耐性を得るフレンズ,完全耐性,自身,-,-,-,-,
アリサ=サザンクロス,キセキとくせい,すやすや,耐性を得るフレンズ,完全耐性,自身,-,-,-,-,
サバンナシマウマ(黄緑),とくせい,すやすや,耐性を得るフレンズ,中,自身,-,-,-,-,
麒麟,キセキとくせい,すやすや,耐性を得るフレンズ,完全耐性,自身,-,-,-,-,
キジ,たいきスキル,すやすや,耐性を得るフレンズ,高,自身,-,2ターン,1,∞,
オオカワウソ,たいきスキル,すやすや,耐性を得るフレンズ,完全耐性,自身,-,3ターン,1,1回,
ホッキョクオオカミ,キセキとくせい,すやすや,耐性を得るフレンズ,高,自身,地形が寒冷地,-,-,-,
セイリュウ,キセキとくせい,すやすや,耐性を得るフレンズ,完全耐性,自身,-,-,-,-,
ウミネコ,キセキとくせい,すやすや,耐性を得るフレンズ,中,自身,地形がみずべ,-,-,-,
ジョフロイネコ,とくせい,すやすや,耐性を得るフレンズ,高,自身,毎WAVE開始時~~耐性(低)ダウン~~(発動回数3回),-,-,-,
ドール(黄緑),とくせい,すやすや,耐性を得るフレンズ,完全耐性,自身,たいりょく50%以下,-,-,-,
ジャガー(赤),たいきスキル,すやすや,耐性を得るフレンズ,高,自身,-,3ターン,1,3回,
オーロックス,とくせい,すやすや,耐性を得るフレンズ,完全耐性,自身,-,-,-,-,
アカギツネ,とくせい,すやすや,耐性を得るフレンズ,高,自身,-,-,-,-,
トキ(青),とくせい,すやすや,耐性を得るフレンズ,高,自身,-,-,-,-,
ホワイトサーバル,とくせい,すやすや,耐性を得るフレンズ,高,自身,-,-,-,-,
バンドウイルカ,とくせい,すやすや,耐性を得るフレンズ,高,自身,-,-,-,-,
アカミミガメ,とくせい,すやすや,耐性を得るフレンズ,完全耐性,自身,たいりょく40%以下,-,-,-,
パフィン,キセキとくせい,すやすや,耐性を得るフレンズ,高,自身,-,-,-,-,
G・ロードランナー,たいきスキル,すやすや,耐性を得るフレンズ,中,自身,-,3ターン,0.8,2回,
オオアリクイ,とくせい,すやすや,耐性を得るフレンズ,高,自身,-,-,-,-,
シナウスイロイルカ,とくせい,すやすや,耐性を得るフレンズ,高,自身,-,-,-,-,
オオフウチョウ,とくせい,すやすや,耐性を得るフレンズ,高,自身,-,-,-,-,
シーサーバル・レフティ,とくせい,すやすや,耐性を得るフレンズ,高,自身,-,-,-,-,
タヌキ,とくせい,すやすや,耐性を得るフレンズ,高,自身,-,-,-,-,
ピーチパンサー,とくせい,すやすや,耐性を得るフレンズ,完全耐性,自身,-,-,-,-,
ヒツジ,とくせい,すやすや,耐性を得るフレンズ,中,自身,たいりょく60%以下,-,-,-,
シロサイ,とくせい,すやすや,耐性を得るフレンズ,高,自身,たいりょく50%以下,-,-,-,
マイルカ,とくせい,すやすや,耐性を得るフレンズ,低,自身,-,-,-,-,
マイルカ,とくせい,すやすや,耐性を得るフレンズ,中,自身,地形がみずべ,-,-,-,
黒龍,けものミラクル,すやすや,解除するフレンズ,-,味方全体,-,-,-,-,必要MP200
赤龍,けものミラクル,すやすや,解除するフレンズ,-,味方全体,ラブリー、ファニー属性の味方,-,-,-,
マメジカ,けものミラクル,すやすや,解除するフレンズ,-,味方全体,自身を除くマイペース、~~リラックス属性の味方,-,-,-,必要MP120
フクロオオカミ,けものミラクル,すやすや,解除するフレンズ,-,味方全体,リラックス属性の味方,-,-,-,必要MP110
麒麟,けものミラクル,すやすや,解除するフレンズ,-,味方全体,フレンドリー属性の味方,-,-,-,必要MP160
アオツラカツオドリ,けものミラクル,すやすや,解除するフレンズ,-,味方全体,ラブリー属性の味方,-,-,-,必要MP90
タスマニアデビル(青),けものミラクル,すやすや,解除するフレンズ,-,味方全体,リラックス属性の味方,-,-,-,必要MP100
ユニコ,けものミラクル,すやすや,解除するフレンズ,-,味方全体,アクティブ属性の味方,-,-,-,必要MP100
タテゴトアザラシ,たいきスキル,すやすや,解除するフレンズ,-,味方全体,-,-,1,2回,
トキ(青),たいきスキル,すやすや,解除するフレンズ,-,味方全体,リラックス属性の味方,-,1,2回,
アフリカゾウ,なないろとくせい,すやすや,解除するフレンズ,-,自身,たいりょくが20%~~以下になったとき,-,-,1回,
【ジっとできない湿地のハンター】ハシビロコウ,キセキとくせい,すやすや,耐性を減少させるフレンズ,低,相手全体,-,-,-,-,
ヌエ,キセキとくせい,すやすや,耐性を減少させるフレンズ,低,相手全体,アクティブ属性の相手,-,-,-,
ヒツジ,なないろとくせい,すやすや,耐性を減少させるフレンズ,中,相手全体,たいりょく60%以下~~フレンドリー属性の相手,-,-,-,
真・青龍,けものミラクル,すやすや,耐性を減少させるフレンズ,中,相手単体,-,2ターン,高確率,-,必要MP90
アルパカ・スリ,なないろとくせい,すやすや,耐性を減少させるフレンズ,中,相手全体,リラックス属性の相手,-,-,-,
ジョフロイネコ,とくせい,すやすや,耐性を減少させるフレンズ,低,自身,毎wave開始時,-,-,3回,
はなまるだね！,とくせい(変化後),すやすや,耐性を与えるフォト,完全耐性,自身,-,-,-,-,
まよなかぴかぴか,とくせい(変化前),すやすや,耐性を与えるフォト,小,自身,-,-,-,-,
まよなかぴかぴか,とくせい(変化後),すやすや,耐性を与えるフォト,中,自身,-,-,-,-,
しっぴつかつどう,とくせい(変化前・後),すやすや,耐性を与えるフォト,中,自身,-,-,-,-,
にゅーいやー！,とくせい(変化後),すやすや,耐性を与えるフォト,小,自身,-,-,-,-,
アミメキリン(フォト),とくせい(変化前・後),すやすや,耐性を与えるフォト,低,自身,-,-,-,-,
ダチョウ(フォト),とくせい(変化前・後),すやすや,耐性を与えるフォト,低,自身,-,-,-,-,
あなたはだぁれ？,とくせい(変化前),すやすや,耐性を与えるフォト,中,自身,たいりょく50%以下,-,-,-,
あなたはだぁれ？,とくせい(変化後),すやすや,耐性を与えるフォト,中,自身,-,-,-,-,
着せ替えごっこ,とくせい(変化前・後),すやすや,耐性を与えるフォト,低,自身,-,-,-,-,
アンイン港フェリーターミナル,とくせい(変化前・後),すやすや,耐性を与えるフォト,低,自身,-,-,-,-,
飼育員更衣室,とくせい(変化後),すやすや,耐性を与えるフォト,低,自身,-,-,-,-,
なでなでご利益♪,とくせい(変化前・後),すやすや,付与するフォト,-,自身,たいりょくが50%以下になったとき,-,高確率,-,
オオミミギツネ(緑),とくいわざ,くたくた,付与するフレンズ,-,相手単体,リラックス、フレンドリー属性の相手,1ターン,高確率,-,
ビャクダ,とくいわざ,くたくた,付与するフレンズ,-,相手単体,-,2ターン,中確率,-,
ヌエ,けものミラクル,くたくた,付与するフレンズ,-,相手単体,-,2ターン,中確率,-,必要MP80
スペインオオヤマネコ,とくいわざ,くたくた,付与するフレンズ,-,相手単体,フレンドリー属性の相手,2ターン,中確率,-,
バイソン,けものミラクル,くたくた,付与するフレンズ,-,相手単体,-,2ターン,中確率,-,必要MP70
スカイフィッシュ(水),けものミラクル,くたくた,付与するフレンズ,-,相手単体,-,2ターン,高確率,-,必要MP120
タスマニアタイガー,とくいわざ,くたくた,付与するフレンズ,-,相手単体,-,2ターン,中確率,-,
タテガミオオカミ,とくいわざ,くたくた,付与するフレンズ,-,相手単体,マイペース属性の相手,2ターン,高確率,-,
タテガミオオカミ,たいきスキル,くたくた,付与するフレンズ,-,相手全体,マイペース属性の相手,2ターン,低確率~~たいき発動率70%,∞,
アフリカオオコノハズク(青),けものミラクル,くたくた,付与するフレンズ,-,相手単体,-,3ターン,中確率,-,
ワシミミズク(水),とくいわざ,くたくた,付与するフレンズ,-,相手単体,ラブリー、ファニー属性の相手,1ターン,低確率,-,
ホワイトカリブー,けものミラクル,くたくた,付与するフレンズ,-,相手全体,アクティブ属性の相手,2ターン,中確率,-,必要MP100
ツクヨミノシンシ,けものミラクル,くたくた,付与するフレンズ,-,相手全体,-,1ターン,低確率,-,
ブチハイエナ,けものミラクル,くたくた,付与するフレンズ,-,相手単体,-,2ターン,高確率,-,
キジ,けものミラクル,くたくた,付与するフレンズ,-,相手単体,アクティブ属性,1ターン,高確率,-,
シロヘラコウモリ,とくいわざ,くたくた,付与するフレンズ,-,相手単体,-,2ターン,中確率,-,
イヌガミギョウブ,とくいわざ,くたくた,付与するフレンズ,-,相手単体,ラブリー属性の相手,1ターン,中確率,-,
オオミミギツネ,とくいわざ,くたくた,付与するフレンズ,-,相手単体,-,1ターン,中確率,-,
オオミミギツネ,たいきスキル,くたくた,付与するフレンズ,-,相手単体,-,2ターン,低確率,3回,
ケープペンギン,けものミラクル,くたくた,付与するフレンズ,-,相手単体,フレンドリー属性の相手,1ターン,高確率,-,
サーバル,けものミラクル,くたくた,付与するフレンズ,-,相手単体,-,1ターン,高確率,-,
ドール(黄緑),けものミラクル,くたくた,付与するフレンズ,-,相手単体,-,2ターン,高確率,-,
火の鳥,とくいわざ,くたくた,付与するフレンズ,-,相手単体,-,2ターン,中確率,-,
オカピ,とくいわざ,くたくた,付与するフレンズ,-,相手単体,-,2ターン,低確率,-,
スカイフィッシュ,けものミラクル,くたくた,付与するフレンズ,-,相手全体,ファニー属性の相手,2ターン,高確率,-,
パフィン,けものミラクル,くたくた,付与するフレンズ,-,相手単体,フレンドリー属性の相手,1ターン,高確率,-,
ミナミコアリクイ(水),けものミラクル,くたくた,付与するフレンズ,-,相手単体,ラブリー属性の相手,1ターン,高確率,-,
ミナミコアリクイ(水),とくいわざ,くたくた,付与するフレンズ,-,相手単体,-,1ターン,低確率,-,
イワトビペンギン,とくいわざ,くたくた,付与するフレンズ,-,相手単体,マイペース属性の相手,1ターン,低確率,-,
オオセンザンコウ,けものミラクル,くたくた,付与するフレンズ,-,相手単体,-,2ターン,高確率,-,
ハシビロコウ,けものミラクル,くたくた,付与するフレンズ,-,相手全体,-,1ターン,高確率,-,
オグロヌー,とくいわざ,くたくた,付与するフレンズ,-,相手単体,-,1ターン,中確率,-,
ブチハイエナ,とくせい,くたくた,耐性を得るフレンズ,高,味方全体,フレンドリー属性の味方,-,-,-,
エランド,とくせい,くたくた,耐性を得るフレンズ,高,味方全体,ファニー属性の味方,-,-,-,
マレーバク(緑),キセキとくせい,くたくた,耐性を得るフレンズ,高,味方全体,フレンドリー属性の味方,-,-,-,
リュウキュウイノシシ,とくせい,くたくた,耐性を得るフレンズ,高,味方全体,ファニー属性の味方,-,-,∞,
スナネコ(赤),キセキとくせい,くたくた,耐性を得るフレンズ,高,味方全体,ファニー属性の味方,-,-,-,
ホワイトライオン(青),とくせい,くたくた,耐性を得るフレンズ,高,味方全体,リラックス、ラブリー属性の味方,-,-,-,
マンドリル,とくせい,くたくた,耐性を得るフレンズ,高,味方全体,リラックス属性の味方,-,-,-,
コウテイペンギン,キセキとくせい,くたくた,耐性を得るフレンズ,高,味方全体,リラックス属性の味方,-,-,-,
フクロオオカミ,けものミラクル,くたくた,耐性を得るフレンズ,中,味方全体,リラックス属性の味方,2ターン,-,-,必要MP110
【青い瞳の迷い猫】マヌルネコ,とくせい,くたくた,耐性を得るフレンズ,高,味方全体,アクティブ属性の味方,-,-,-,
ロイヤルペンギン(黄緑),とくせい,くたくた,耐性を得るフレンズ,高,味方全体,アクティブ属性の味方,-,-,-,
ギロロ,とくせい,くたくた,耐性を得るフレンズ,高,味方全体,ラブリー属性の味方,-,-,-,
アルパカ・ワカイヤ,たいきスキル,くたくた,耐性を得るフレンズ,高,味方全体,ラブリー属性の味方,2ターン,1,2回,
ホッキョクグマ,キセキとくせい,くたくた,耐性を得るフレンズ,高,味方全体,マイペース属性の味方,-,-,-,
オオウミガラス,キセキとくせい,くたくた,耐性を得るフレンズ,高,味方全体,マイペース属性の味方,-,-,-,
麒麟,けものミラクル,くたくた,耐性を得るフレンズ,小,味方全体,マイペース属性の味方,3ターン,-,-,
フクロミツスイ,とくせい,くたくた,耐性を得るフレンズ,低,自身,ステージの時間が夜,-,-,-,
山本五郎左衛門,キセキとくせい,くたくた,耐性を得るフレンズ,高,自身,-,-,-,-,
黒龍,とくせい,くたくた,耐性を得るフレンズ,完全耐性,自身,-,-,-,-,
白龍,とくせい,くたくた,耐性を得るフレンズ,完全耐性,自身,-,-,-,-,
カルガモ,なないろとくせい,くたくた,耐性を得るフレンズ,中,自身,たいりょく50%以上,-,-,-,
赤龍,とくせい,くたくた,耐性を得るフレンズ,完全耐性,自身,-,-,-,-,
バンドウイルカ(水),キセキとくせい,くたくた,耐性を得るフレンズ,高,自身,地形がみずべ,-,-,-,
真・青龍,とくせい,くたくた,耐性を得るフレンズ,完全耐性,自身,-,-,-,-,
ピーチパンサー(黄緑),キセキとくせい,くたくた,耐性を得るフレンズ,完全耐性,自身,-,-,-,-,
ギロロ,キセキとくせい,くたくた,耐性を得るフレンズ,高,自身,ギブアップ中ではない~~味方が1人,-,-,-,
アリサ=サザンクロス,キセキとくせい,くたくた,耐性を得るフレンズ,完全耐性,自身,-,-,-,-,
サバンナシマウマ(黄緑),とくせい,くたくた,耐性を得るフレンズ,中,自身,-,-,-,-,
ツクヨミノシンシ,キセキとくせい,くたくた,耐性を得るフレンズ,高,自身,-,-,-,-,
麒麟,キセキとくせい,くたくた,耐性を得るフレンズ,完全耐性,自身,-,-,-,-,
ガチャピン,とくせい,くたくた,耐性を得るフレンズ,高,自身,ギブアップ中ではない味方が3人以上,-,-,-,
キジ,たいきスキル,くたくた,耐性を得るフレンズ,高,自身,-,2ターン,1,∞,
ラーテル,とくせい,くたくた,耐性を得るフレンズ,高,自身,-,-,-,-,
ライジュウ,とくせい,くたくた,耐性を得るフレンズ,完全耐性,自身,-,-,-,-,
でびるさま,とくせい,くたくた,耐性を得るフレンズ,高,自身,-,-,-,-,
ソンゴクウ,とくせい,くたくた,耐性を得るフレンズ,高,自身,-,-,-,-,
オオカワウソ,たいきスキル,くたくた,耐性を得るフレンズ,完全耐性,自身,-,3ターン,1,1回,
ホッキョクオオカミ,キセキとくせい,くたくた,耐性を得るフレンズ,高,自身,地形が寒冷地,-,-,-,
ダイアウルフ,とくせい,くたくた,耐性を得るフレンズ,高,自身,-,-,-,-,
セイリュウ,キセキとくせい,くたくた,耐性を得るフレンズ,完全耐性,自身,-,-,-,-,
ウミネコ,キセキとくせい,くたくた,耐性を得るフレンズ,中,自身,地形がみずべ,-,-,-,
タチコマ type-S,とくせい,くたくた,耐性を得るフレンズ,高,自身,-,-,-,-,
イエイヌ（シベリアンハスキー）,とくせい,くたくた,耐性を得るフレンズ,高,自身,-,-,-,-,
イエイヌ（シバイヌ）,とくせい,くたくた,耐性を得るフレンズ,高,自身,-,-,-,-,
イリエワニ,キセキとくせい,くたくた,耐性を得るフレンズ,高,自身,-,-,-,-,
ジョフロイネコ,とくせい,くたくた,耐性を得るフレンズ,高,自身,毎WAVE開始時~~耐性(低)ダウン~~(発動回数3回),-,-,-,
ドール(黄緑),とくせい,くたくた,耐性を得るフレンズ,完全耐性,自身,たいりょく50%以下,-,-,-,
ジャガー(赤),たいきスキル,くたくた,耐性を得るフレンズ,高,自身,-,3ターン,1,3回,
オーロックス,とくせい,くたくた,耐性を得るフレンズ,完全耐性,自身,-,-,-,-,
インドゾウ,とくせい,くたくた,耐性を得るフレンズ,高,自身,-,-,-,-,
トキ(青),とくせい,くたくた,耐性を得るフレンズ,高,自身,-,-,-,-,
ホワイトサーバル,とくせい,くたくた,耐性を得るフレンズ,高,自身,-,-,-,-,
アライグマ(黄緑),とくせい,くたくた,耐性を得るフレンズ,高,自身,-,-,-,-,
イエイヌ（雑種）,とくせい,くたくた,耐性を得るフレンズ,高,自身,-,-,-,-,
アカミミガメ,とくせい,くたくた,耐性を得るフレンズ,完全耐性,自身,たいりょく40%以下,-,-,-,
G・ロードランナー,たいきスキル,くたくた,耐性を得るフレンズ,中,自身,-,3ターン,0.8,2回,
オイナリサマ,とくせい,くたくた,耐性を得るフレンズ,完全耐性,自身,-,-,-,-,
タスマニアデビル,とくせい,くたくた,耐性を得るフレンズ,高,自身,-,-,-,-,
ジェンツーペンギン,とくせい,くたくた,耐性を得るフレンズ,高,自身,-,-,-,-,
ワシミミズク,とくせい,くたくた,耐性を得るフレンズ,高,自身,-,-,-,-,
ピーチパンサー,とくせい,くたくた,耐性を得るフレンズ,完全耐性,自身,-,-,-,-,
アルパカ・ワカイヤ,とくせい,くたくた,耐性を得るフレンズ,高,自身,-,-,-,-,
オオタカ,とくせい,くたくた,耐性を得るフレンズ,高,自身,-,-,-,-,
オオミミギツネ(緑),たいきスキル,くたくた,解除するフレンズ,-,味方全体,フレンドリー属性の味方,-,1,2回,
カワラバト,たいきスキル,くたくた,解除するフレンズ,-,自身,-,-,1,1回,
イヌワシ,たいきスキル,くたくた,解除するフレンズ,-,自身,-,-,1,2回,
黒龍,けものミラクル,くたくた,解除するフレンズ,-,味方全体,-,-,-,-,必要MP200
ライリュウ,たいきスキル,くたくた,解除するフレンズ,-,自身,-,-,1,1回,
カモノハシ,たいきスキル,くたくた,解除するフレンズ,-,自身,-,-,1,3回,
ホワイトライオン(青),たいきスキル,くたくた,解除するフレンズ,-,自身,-,-,1,2回,
赤龍,けものミラクル,くたくた,解除するフレンズ,-,味方全体,ラブリー、ファニー属性の味方,-,-,-,
バンドウイルカ(水),たいきスキル,くたくた,解除するフレンズ,-,自身,-,-,1,1回,
マメジカ,けものミラクル,くたくた,解除するフレンズ,-,味方全体,自身を除くマイペース、~~リラックス属性の味方,-,-,-,必要MP120
フクロオオカミ,けものミラクル,くたくた,解除するフレンズ,-,味方全体,リラックス属性の味方,-,-,-,必要MP110
エトピリカ,たいきスキル,くたくた,解除するフレンズ,-,自身,-,-,1,1回,
ブラックバック(赤),とくいわざ,くたくた,解除するフレンズ,-,自身,-,-,低確率,-,
麒麟,けものミラクル,くたくた,解除するフレンズ,-,味方全体,フレンドリー属性の味方,-,-,-,必要MP160
アオツラカツオドリ,けものミラクル,くたくた,解除するフレンズ,-,味方全体,ラブリー属性の味方,-,-,-,必要MP90
タスマニアデビル(青),けものミラクル,くたくた,解除するフレンズ,-,味方全体,リラックス属性の味方,-,-,-,必要MP100
ゴシンギュウサマ,たいきスキル,くたくた,解除するフレンズ,-,自身,-,-,1,3回,
ヤンバルクイナ,たいきスキル,くたくた,解除するフレンズ,-,自身,-,-,0.8,2回,
ビャッコ,たいきスキル,くたくた,解除するフレンズ,-,自身,-,-,1,1回,
ユニコ,けものミラクル,くたくた,解除するフレンズ,-,味方全体,アクティブ属性の味方,-,-,-,必要MP100
ヒメアリクイ,たいきスキル,くたくた,解除するフレンズ,-,自身,-,-,1,2回,
ライオン,たいきスキル,くたくた,解除するフレンズ,-,自身,-,-,0.8,1回,
シロナガスクジラ,たいきスキル,くたくた,解除するフレンズ,-,自身,-,-,1,2回,
アフリカゾウ,なないろとくせい,くたくた,解除するフレンズ,-,自身,たいりょくが20%~~以下になったとき,-,-,1回,
アフリカゾウ,たいきスキル,くたくた,解除するフレンズ,-,自身,-,-,0.5,∞,
【ジっとできない湿地のハンター】ハシビロコウ,キセキとくせい,くたくた,耐性を減少させるフレンズ,低,相手全体,-,-,-,-,
ヌエ,キセキとくせい,くたくた,耐性を減少させるフレンズ,低,相手全体,アクティブ属性の相手,-,-,-,
真・青龍,けものミラクル,くたくた,耐性を減少させるフレンズ,中,相手単体,-,2ターン,高確率,-,必要MP90
タスマニアタイガー,たいきスキル,くたくた,耐性を減少させるフレンズ,低,相手全体,-,2ターン,高確率~~たいき発動率100%,∞,
タテガミオオカミ,キセキとくせい,くたくた,耐性を減少させるフレンズ,低,相手全体,マイペース属性の相手,-,-,-,
フクロオオカミ,とくいわざ,くたくた,耐性を減少させるフレンズ,中,相手単体,-,3ターン,低確率,-,
ワシミミズク(水),キセキとくせい,くたくた,耐性を減少させるフレンズ,低,相手全体,-,-,-,-,
ジョフロイネコ,とくせい,くたくた,耐性を減少させるフレンズ,低,自身,毎wave開始時,-,-,3回,
はなまるだね！,とくせい(変化後),くたくた,耐性を与えるフォト,完全耐性,自身,-,-,-,-,
てるてるのおまじない,とくせい(変化後),くたくた,耐性を与えるフォト,完全耐性,自身,-,-,-,-,
ロックロック,とくせい(変化前),くたくた,耐性を与えるフォト,中,自身,-,-,-,-,
ロックロック,とくせい(変化後),くたくた,耐性を与えるフォト,高,自身,-,-,-,-,
まよなかぴかぴか,とくせい(変化前),くたくた,耐性を与えるフォト,小,自身,-,-,-,-,
まよなかぴかぴか,とくせい(変化後),くたくた,耐性を与えるフォト,中,自身,-,-,-,-,
りらくぜーしょん,とくせい(変化前),くたくた,耐性を与えるフォト,中,自身,-,-,-,-,
りらくぜーしょん,とくせい(変化後),くたくた,耐性を与えるフォト,高,自身,-,-,-,-,
とっておきの一杯,とくせい(変化前),くたくた,耐性を与えるフォト,低,自身,-,-,-,-,
とっておきの一杯,とくせい(変化後),くたくた,耐性を与えるフォト,中,自身,-,-,-,-,
いっしょにもぐもぐ,とくせい(変化前),くたくた,耐性を与えるフォト,低,自身,-,-,-,-,
いっしょにもぐもぐ,とくせい(変化後),くたくた,耐性を与えるフォト,中,自身,-,-,-,-,
ダチョウ(フォト),とくせい(変化前・後),くたくた,耐性を与えるフォト,低,自身,-,-,-,-,
ジャパまんスチーマー,とくせい(変化前・後),くたくた,耐性を与えるフォト,低,自身,-,-,-,-,
えんぶ！,とくせい(変化前・後),くたくた,耐性を与えるフォト,低,自身,-,-,-,-,
ホワイトライオン(青),けものミラクル,ひやひや,付与するフレンズ,3回,相手単体,-,-,高確率,-,必要MP110
ホワイトライオン(青),けものミラクル,ひやひや,付与するフレンズ,3回,自身,-,-,高確率,-,必要MP110
ホワイトライオン(青),とくいわざ,ひやひや,付与するフレンズ,3回,相手単体,-,-,中確率,-,
アラスカラッコ,とくいわざ,ひやひや,付与するフレンズ,3回,相手単体,-,-,高確率,-,
ツンドラオオカミ,とくいわざ,ひやひや,付与するフレンズ,3回,相手単体,-,-,高確率,-,
カナダオオヤマネコ,とくいわざ,ひやひや,付与するフレンズ,3回,相手単体,-,-,高確率,-,
ホワイトカリブー,とくいわざ,ひやひや,付与するフレンズ,3回,相手単体,-,-,中確率,-,
セイウチ,けものミラクル,ひやひや,付与するフレンズ,3回,相手全体,-,-,高確率,-,
ホッキョクグマ,けものミラクル,ひやひや,付与するフレンズ,3回,相手全体,-,-,高確率,-,
ホッキョクグマ,とくいわざ,ひやひや,付与するフレンズ,3回,相手単体,-,-,中確率,-,
マヌルネコ(桃),とくいわざ,ひやひや,付与するフレンズ,3回,相手単体,-,-,中確率,-,
ホッキョクギツネ,けものミラクル,ひやひや,付与するフレンズ,3回,相手全体,-,-,高確率,-,
ホッキョクギツネ,たいきスキル,ひやひや,付与するフレンズ,3回,自身,-,-,(表記なし)超高確率~~たいき発動率100%,2回,
ホッキョクオオカミ,けものミラクル,ひやひや,付与するフレンズ,3回,相手単体,-,-,高確率,-,
ホッキョクオオカミ,とくいわざ,ひやひや,付与するフレンズ,3回,相手単体,ラブリー属性の相手,-,中確率,-,
セイリュウ,けものミラクル,ひやひや,付与するフレンズ,3回,相手全体,-,-,高確率,-,
イエイヌ（シベリアンハスキー）,けものミラクル,ひやひや,付与するフレンズ,3回,相手単体,リラックス属性の相手,-,高確率,-,
マンモス,けものミラクル,ひやひや,付与するフレンズ,3回,相手全体,-,-,高確率,-,
マヌルネコ,けものミラクル,ひやひや,付与するフレンズ,3回,相手単体,ファニー属性の相手,-,高確率,-,
イッカク,とくいわざ,ひやひや,付与するフレンズ,3回,相手単体,ファニー属性の相手,-,低確率,-,
ホワイトライオン,けものミラクル,ひやひや,付与するフレンズ,3回,相手単体,-,-,高確率,-,
スペインオオヤマネコ,とくせい,ひやひや,耐性を得るフレンズ,高,味方全体,フレンドリー属性の味方,-,-,-,
ビントロング,とくせい,ひやひや,耐性を得るフレンズ,高,味方全体,フレンドリー属性の味方,-,-,-,
ヒゲペンギン,キセキとくせい,ひやひや,耐性を得るフレンズ,高,味方全体,フレンドリー属性の味方,-,-,-,
イエイヌ（シベリアンハスキー）,キセキとくせい,ひやひや,耐性を得るフレンズ,高,味方全体,フレンドリー属性の味方,-,-,-,
ミミィサーバル,とくせい,ひやひや,耐性を得るフレンズ,高,味方全体,-,-,-,-,
サバンナセンザンコウ,とくせい,ひやひや,耐性を得るフレンズ,高,味方全体,ファニー属性の味方,-,-,-,
カマイタチ・転,とくせい,ひやひや,耐性を得るフレンズ,高,味方全体,ファニー属性の味方,-,-,-,
火の鳥,とくせい,ひやひや,耐性を得るフレンズ,高,味方全体,-,-,-,-,
ニルガイ,とくせい,ひやひや,耐性を得るフレンズ,高,味方全体,リラックス属性の味方,-,-,-,
ホラアナライオン,キセキとくせい,ひやひや,耐性を得るフレンズ,高,味方全体,リラックス属性の味方,-,-,-,
イッカク,キセキとくせい,ひやひや,耐性を得るフレンズ,高,味方全体,リラックス属性の味方,-,-,-,
フクロオオカミ,けものミラクル,ひやひや,耐性を得るフレンズ,中,味方全体,リラックス属性の味方,2ターン,-,-,必要MP110
ドラコケンタウロス,とくせい,ひやひや,耐性を得るフレンズ,高,味方全体,-,-,-,-,
カムチャッカオオヒグマ,キセキとくせい,ひやひや,耐性を得るフレンズ,高,味方全体,アクティブ属性の味方,-,-,-,
エゾユキウサギ,とくせい,ひやひや,耐性を得るフレンズ,高,味方全体,アクティブ属性の味方,-,-,-,
赤龍,とくせい,ひやひや,耐性を得るフレンズ,高,味方全体,ラブリー属性の味方,-,-,-,
ヌエ,とくせい,ひやひや,耐性を得るフレンズ,高,味方全体,ラブリー属性の味方,-,-,-,
クビワペッカリー,とくせい,ひやひや,耐性を得るフレンズ,高,味方全体,ラブリー属性の味方,-,-,-,
タチコマ type-H,とくせい,ひやひや,耐性を得るフレンズ,高,味方全体,-,-,-,-,
キンシャチ,とくせい,ひやひや,耐性を得るフレンズ,高,味方全体,マイペース属性の味方,-,-,-,
アラスカラッコ,キセキとくせい,ひやひや,耐性を得るフレンズ,高,味方全体,マイペース属性の味方,-,-,-,
オコジョ,とくせい,ひやひや,耐性を得るフレンズ,高,味方全体,マイペース属性の味方,-,-,-,
シャチ,とくせい,ひやひや,耐性を得るフレンズ,高,味方全体,マイペース属性の味方,-,-,-,
麒麟,けものミラクル,ひやひや,耐性を得るフレンズ,小,味方全体,マイペース属性の味方,3ターン,-,-,
フクロミツスイ,とくせい,ひやひや,耐性を得るフレンズ,低,自身,ステージの時間が夜,-,-,-,
山本五郎左衛門,キセキとくせい,ひやひや,耐性を得るフレンズ,高,自身,-,-,-,-,
黒龍,とくせい,ひやひや,耐性を得るフレンズ,完全耐性,自身,-,-,-,-,
【青い瞳の迷い猫】マヌルネコ,とくせい,ひやひや,耐性を得るフレンズ,高,自身,-,-,-,-,
白龍,とくせい,ひやひや,耐性を得るフレンズ,完全耐性,自身,-,-,-,-,
カルガモ,なないろとくせい,ひやひや,耐性を得るフレンズ,中,自身,たいりょく50%以上,-,-,-,
赤龍,とくせい,ひやひや,耐性を得るフレンズ,完全耐性,自身,-,-,-,-,
バンドウイルカ(水),キセキとくせい,ひやひや,耐性を得るフレンズ,高,自身,地形がみずべ,-,-,-,
真・青龍,とくせい,ひやひや,耐性を得るフレンズ,完全耐性,自身,-,-,-,-,
ピーチパンサー(黄緑),キセキとくせい,ひやひや,耐性を得るフレンズ,完全耐性,自身,-,-,-,-,
ギロロ,キセキとくせい,ひやひや,耐性を得るフレンズ,高,自身,ギブアップ中ではない~~味方が1人,-,-,-,
アリサ=サザンクロス,キセキとくせい,ひやひや,耐性を得るフレンズ,完全耐性,自身,-,-,-,-,
ホワイトカリブー,キセキとくせい,ひやひや,耐性を得るフレンズ,完全耐性,自身,-,-,-,-,
サバンナシマウマ(黄緑),とくせい,ひやひや,耐性を得るフレンズ,中,自身,-,-,-,-,
麒麟,キセキとくせい,ひやひや,耐性を得るフレンズ,完全耐性,自身,-,-,-,-,
キジ,たいきスキル,ひやひや,耐性を得るフレンズ,高,自身,-,2ターン,1,∞,
セイウチ,とくせい,ひやひや,耐性を得るフレンズ,高,自身,-,-,-,-,
ホッキョクグマ,とくせい,ひやひや,耐性を得るフレンズ,高,自身,-,-,-,-,
マヌルネコ(桃),とくせい,ひやひや,耐性を得るフレンズ,高,自身,-,-,-,-,
ニホンザル,とくせい,ひやひや,耐性を得るフレンズ,高,自身,-,-,-,-,
ホッキョクオオカミ,キセキとくせい,ひやひや,耐性を得るフレンズ,高,自身,-,-,-,-,
セイリュウ,キセキとくせい,ひやひや,耐性を得るフレンズ,完全耐性,自身,-,-,-,-,
ウミネコ,キセキとくせい,ひやひや,耐性を得るフレンズ,中,自身,地形がみずべ,-,-,-,
イエイヌ（シバイヌ）,とくせい,ひやひや,耐性を得るフレンズ,高,自身,-,-,-,-,
マルタタイガー,とくせい,ひやひや,耐性を得るフレンズ,高,自身,-,-,-,-,
スザク,とくせい,ひやひや,耐性を得るフレンズ,完全耐性,自身,-,-,-,-,
ヤタガラス,とくせい,ひやひや,耐性を得るフレンズ,完全耐性,自身,-,-,-,-,
マンモス,とくせい,ひやひや,耐性を得るフレンズ,高,自身,-,-,-,-,
ハシブトガラス,とくせい,ひやひや,耐性を得るフレンズ,高,自身,-,-,-,-,
マイルカ(黄緑),とくせい,ひやひや,耐性を得るフレンズ,高,自身,-,-,-,-,
ドール(黄緑),とくせい,ひやひや,耐性を得るフレンズ,完全耐性,自身,たいりょく50%以下,-,-,-,
ジャガー(赤),たいきスキル,ひやひや,耐性を得るフレンズ,高,自身,-,3ターン,1,3回,
オカピ,とくせい,ひやひや,耐性を得るフレンズ,高,自身,-,-,-,-,
ヤク,とくせい,ひやひや,耐性を得るフレンズ,高,自身,-,-,-,-,
オーロックス,とくせい,ひやひや,耐性を得るフレンズ,完全耐性,自身,-,-,-,-,
ホルスタイン,とくせい,ひやひや,耐性を得るフレンズ,高,自身,-,-,-,-,
ギンギツネ(水),とくせい,ひやひや,耐性を得るフレンズ,高,自身,-,-,-,-,
アムールトラ,とくせい,ひやひや,耐性を得るフレンズ,高,自身,-,-,-,-,
コツメカワウソ(黄緑),とくせい,ひやひや,耐性を得るフレンズ,高,自身,-,-,-,-,
シーサー・ライト,とくせい,ひやひや,耐性を得るフレンズ,高,自身,-,-,-,-,
シーサー・レフティ,とくせい,ひやひや,耐性を得るフレンズ,高,自身,-,-,-,-,
クロトキ,とくせい,ひやひや,耐性を得るフレンズ,高,自身,-,-,-,-,
マヌルネコ,とくせい,ひやひや,耐性を得るフレンズ,高,自身,-,-,-,-,
アカミミガメ,とくせい,ひやひや,耐性を得るフレンズ,完全耐性,自身,たいりょく40%以下,-,-,-,
ホッキョクウサギ,とくせい,ひやひや,耐性を得るフレンズ,高,自身,-,-,-,-,
G・ロードランナー,たいきスキル,ひやひや,耐性を得るフレンズ,中,自身,-,3ターン,0.8,2回,
ヒメアリクイ,キセキとくせい,ひやひや,耐性を得るフレンズ,高,自身,-,-,-,-,
オイナリサマ,とくせい,ひやひや,耐性を得るフレンズ,完全耐性,自身,-,-,-,-,
タスマニアデビル,とくせい,ひやひや,耐性を得るフレンズ,高,自身,-,-,-,-,
カピバラ,けものミラクル,ひやひや,耐性を得るフレンズ,高,自身,-,5ターン,-,-,
ヘラジカ,とくせい,ひやひや,耐性を得るフレンズ,高,自身,-,-,-,-,
ピーチパンサー,とくせい,ひやひや,耐性を得るフレンズ,完全耐性,自身,-,-,-,-,
黒龍,けものミラクル,ひやひや,解除するフレンズ,-,味方全体,-,-,-,-,必要MP200
赤龍,けものミラクル,ひやひや,解除するフレンズ,-,味方全体,ラブリー、ファニー属性の味方,-,-,-,
マメジカ,けものミラクル,ひやひや,解除するフレンズ,-,味方全体,自身を除くマイペース、~~リラックス属性の味方,-,-,-,必要MP120
ツンドラオオカミ,けものミラクル,ひやひや,解除するフレンズ,-,相手単体,-,-,高確率,-,必要MP100
フクロオオカミ,けものミラクル,ひやひや,解除するフレンズ,-,味方全体,リラックス属性の味方,-,-,-,必要MP110
カナダオオヤマネコ,けものミラクル,ひやひや,解除するフレンズ,-,相手単体,-,-,-,-,必要MP90
ブラックバック(赤),とくいわざ,ひやひや,解除するフレンズ,-,自身,-,-,低確率,-,
麒麟,けものミラクル,ひやひや,解除するフレンズ,-,味方全体,フレンドリー属性の味方,-,-,-,必要MP160
アオツラカツオドリ,けものミラクル,ひやひや,解除するフレンズ,-,味方全体,ラブリー属性の味方,-,-,-,必要MP90
タスマニアデビル(青),けものミラクル,ひやひや,解除するフレンズ,-,味方全体,リラックス属性の味方,-,-,-,必要MP100
ユニコ,けものミラクル,ひやひや,解除するフレンズ,-,味方全体,アクティブ属性の味方,-,-,-,必要MP100
タテゴトアザラシ,たいきスキル,ひやひや,解除するフレンズ,-,味方全体,-,-,1,2回,
アフリカゾウ,なないろとくせい,ひやひや,解除するフレンズ,-,自身,たいりょくが20%~~以下になったとき,-,-,1回,
トナカイ,けものミラクル,ひやひや,解除するフレンズ,-,味方全体,-,-,-,-,必要MP80
【ジっとできない湿地のハンター】ハシビロコウ,キセキとくせい,ひやひや,耐性を減少させるフレンズ,低,相手全体,-,-,-,-,
ヌエ,キセキとくせい,ひやひや,耐性を減少させるフレンズ,低,相手全体,アクティブ属性の相手,-,-,-,
ホワイトライオン(青),とくいわざ,ひやひや,耐性を減少させるフレンズ,中,相手単体,ファニー、アクティブ属性の相手,2ターン,高確率,-,
ホワイトライオン,なないろとくせい,ひやひや,耐性を減少させるフレンズ,中,相手全体,地形が寒冷地,-,-,-,
真・青龍,けものミラクル,ひやひや,耐性を減少させるフレンズ,中,相手単体,-,2ターン,高確率,-,必要MP90
アラスカラッコ,けものミラクル,ひやひや,耐性を減少させるフレンズ,高,相手単体,-,2ターン,高確率,-,必要MP100
ツンドラオオカミ,とくいわざ,ひやひや,耐性を減少させるフレンズ,低,相手単体,-,2ターン,高確率,-,
ハシブトガラス,なないろとくせい,ひやひや,耐性を減少させるフレンズ,低,相手全体,ファニー属性の相手,-,-,-,
カンジキウサギ,キセキとくせい,ひやひや,耐性を減少させるフレンズ,低,相手全体,アクティブ属性の相手,-,-,-,
ユキウサギ,とくいわざ,ひやひや,耐性を減少させるフレンズ,低,相手単体,ファニー属性の相手,3ターン,高確率,-,
はなまるだね！,とくせい(変化後),ひやひや,耐性を与えるフォト,完全耐性,自身,-,-,-,-,
てるてるのおまじない,とくせい(変化後),ひやひや,耐性を与えるフォト,完全耐性,自身,-,-,-,-,
まよなかぴかぴか,とくせい(変化前),ひやひや,耐性を与えるフォト,小,自身,-,-,-,-,
まよなかぴかぴか,とくせい(変化後),ひやひや,耐性を与えるフォト,中,自身,-,-,-,-,
こたつでみかん,とくせい(変化前・後),ひやひや,耐性を与えるフォト,中,自身,-,-,-,-,
できたてをどうぞ！,とくせい(変化前・後),ひやひや,耐性を与えるフォト,中,自身,-,-,-,-,
お料理教室,とくせい(変化前),ひやひや,耐性を与えるフォト,低,自身,-,-,-,-,
お料理教室,とくせい(変化後),ひやひや,耐性を与えるフォト,中,自身,-,-,-,-,
Rockin' time,とくせい(変化前・後),ひやひや,耐性を与えるフォト,低,自身,-,-,-,-,
あたたかなうみのいろ,とくせい(変化前・後),ひやひや,耐性を与えるフォト,低,自身,HP50%以上,-,-,-,
ホワイトサーバル(桃),とくいわざ,ズキンズキン,付与するフレンズ,-,相手単体,アクティブ、フレンドリー属性の相手,2ターン,高確率,-,
ヌエ,とくいわざ,ズキンズキン,付与するフレンズ,-,相手単体,-,2ターン,高確率,-,
キタコアリクイ,とくいわざ,ズキンズキン,付与するフレンズ,-,相手単体,マイペース属性の相手,2ターン,高確率,-,
エランド,けものミラクル,ズキンズキン,付与するフレンズ,-,相手単体,-,2ターン,高確率,-,必要MP80
アリゲーター,とくいわざ,ズキンズキン,付与するフレンズ,-,相手単体,-,3ターン,高確率,-,
真・青龍,とくいわざ,ズキンズキン,付与するフレンズ,-,相手単体,-,2ターン,高確率,-,
ピーチパンサー(黄緑),とくいわざ,ズキンズキン,付与するフレンズ,-,相手単体,-,2ターン,中確率,-,
ニホンアナグマ,とくいわざ,ズキンズキン,付与するフレンズ,-,相手単体,-,2ターン,高確率,-,
アイベックス,とくいわざ,ズキンズキン,付与するフレンズ,-,相手単体,-,2ターン,高確率,-,
ジャクソンカメレオン,とくいわざ,ズキンズキン,付与するフレンズ,-,相手単体,-,2ターン,高確率,-,
タスマニアタイガー,とくいわざ,ズキンズキン,付与するフレンズ,-,相手単体,-,2ターン,中確率,-,
スマトラトラ,とくいわざ,ズキンズキン,付与するフレンズ,-,相手単体,-,3ターン,高確率,-,
アフリカオオコノハズク(青),けものミラクル,ズキンズキン,付与するフレンズ,-,相手単体,-,3ターン,中確率,-,
ジャングルキャット,けものミラクル,ズキンズキン,付与するフレンズ,-,相手単体,ファニー属性の相手,4ターン,中確率,-,必要MP90
ヤブノウサギ,とくいわざ,ズキンズキン,付与するフレンズ,-,相手単体,-,4ターン,低確率,-,
カマイタチ・治,とくいわざ,ズキンズキン,付与するフレンズ,-,相手単体,-,2ターン,中確率,-,
カマイタチ・切,けものミラクル,ズキンズキン,付与するフレンズ,-,相手単体,-,2ターン,中確率,-,必要MP120
カマイタチ・切,とくいわざ,ズキンズキン,付与するフレンズ,-,相手単体,-,2ターン,高確率,-,
マントヒヒ,とくいわざ,ズキンズキン,付与するフレンズ,-,相手単体,ラブリー属性の相手,2ターン,高確率,-,
シマリス,とくいわざ,ズキンズキン,付与するフレンズ,-,相手単体,リラックス属性の相手,2ターン,高確率,-,
コウノトリ,とくいわざ,ズキンズキン,付与するフレンズ,-,相手単体,アクティブ属性の相手,2ターン,高確率,-,
アフリカタテガミヤマアラシ,けものミラクル,ズキンズキン,付与するフレンズ,-,相手単体,ラブリー属性の相手,3ターン,高確率,-,
マサイキリン,とくいわざ,ズキンズキン,付与するフレンズ,-,相手単体,ファニー属性の相手,2ターン,高確率,-,
アマゾンツリーボア,とくいわざ,ズキンズキン,付与するフレンズ,-,相手単体,-,3ターン,中確率,-,
セイウチ,とくいわざ,ズキンズキン,付与するフレンズ,-,相手単体,ラブリー属性の相手,2ターン,高確率,-,
ラーテル,とくいわざ,ズキンズキン,付与するフレンズ,-,相手単体,マイペース属性の相手,3ターン,高確率,-,
オーストラリアデビル(桃),けものミラクル,ズキンズキン,付与するフレンズ,-,相手全体,-,3ターン,高確率,-,
でびるさま,けものミラクル,ズキンズキン,付与するフレンズ,-,相手単体,-,1ターン,高確率,-,
オオカワウソ,けものミラクル,ズキンズキン,付与するフレンズ,-,相手単体,ファニー(赤)属性の相手,3ターン,高確率,-,
オオカワウソ,とくいわざ,ズキンズキン,付与するフレンズ,-,相手単体,-,1ターン,低確率,-,
トラ,とくいわざ,ズキンズキン,付与するフレンズ,-,相手単体,-,2ターン,高確率,-,
ホッキョクオオカミ,けものミラクル,ズキンズキン,付与するフレンズ,-,相手単体,-,1ターン,高確率,-,
タチコマ type-H,けものミラクル,ズキンズキン,付与するフレンズ,-,相手単体,-,2ターン,高確率,-,
ゴールデンタビータイガー,けものミラクル,ズキンズキン,付与するフレンズ,-,相手単体,フレンドリー属性の相手,3ターン,高確率,-,
インドオオカミ,とくいわざ,ズキンズキン,付与するフレンズ,-,相手単体,-,2ターン,高確率,-,
フォッサ,けものミラクル,ズキンズキン,付与するフレンズ,-,相手単体,ラブリー属性の相手,3ターン,高確率,-,
フォッサ,とくいわざ,ズキンズキン,付与するフレンズ,-,相手単体,-,2ターン,低確率,-,
ドール(黄緑),けものミラクル,ズキンズキン,付与するフレンズ,-,相手単体,-,2ターン,高確率,-,
火の鳥,とくいわざ,ズキンズキン,付与するフレンズ,-,相手単体,-,2ターン,中確率,-,
オーロックス,けものミラクル,ズキンズキン,付与するフレンズ,-,相手単体,リラックス属性の相手,3ターン,高確率,-,
オーロックス,とくいわざ,ズキンズキン,付与するフレンズ,-,相手単体,-,2ターン,高確率,-,
ニホンオオカミ,けものミラクル,ズキンズキン,付与するフレンズ,-,相手単体,マイペース属性の相手,3ターン,高確率,-,
ニホンオオカミ,とくいわざ,ズキンズキン,付与するフレンズ,-,相手単体,-,2ターン,高確率,-,
アムールトラ,けものミラクル,ズキンズキン,付与するフレンズ,-,相手単体,-,3ターン,高確率,-,
アムールトラ,とくいわざ,ズキンズキン,付与するフレンズ,-,相手単体,-,2ターン,低確率,-,
ジャック・オー・ランタン,けものミラクル,ズキンズキン,付与するフレンズ,-,相手全体,リラックス属性の相手,2ターン,高確率,-,
トムソンガゼル,とくいわざ,ズキンズキン,付与するフレンズ,-,相手単体,ラブリー属性の相手,3ターン,中確率,-,
ホワイトサーバル,けものミラクル,ズキンズキン,付与するフレンズ,-,相手単体,フレンドリー属性の相手,3ターン,高確率,-,
プロングホーン,けものミラクル,ズキンズキン,付与するフレンズ,-,相手単体,マイペース属性の相手,2ターン,高確率,-,
プロングホーン,とくいわざ,ズキンズキン,付与するフレンズ,-,相手単体,マイペース属性の相手,2ターン,中確率,-,
コウテイペンギン,とくいわざ,ズキンズキン,付与するフレンズ,-,相手単体,ファニー属性の相手,2ターン,低確率,-,
シーサーバル・ライト,けものミラクル,ズキンズキン,付与するフレンズ,-,相手単体,強敵出現wave,3ターン,高確率,-,
スマトラトラ,とくせい,ズキンズキン,耐性を得るフレンズ,高,味方全体,フレンドリー属性の味方,-,-,-,
マーモット,とくせい,ズキンズキン,耐性を得るフレンズ,高,味方全体,フレンドリー属性の味方,-,-,-,
アマゾンツリーボア,とくせい,ズキンズキン,耐性を得るフレンズ,高,味方全体,ファニー属性の味方,-,-,-,
ケープペンギン,とくせい,ズキンズキン,耐性を得るフレンズ,高,味方全体,ファニー属性の味方,-,-,-,
ニルガイ,キセキとくせい,ズキンズキン,耐性を得るフレンズ,高,味方全体,リラックス属性の味方,-,-,-,
クロヒョウ,とくせい,ズキンズキン,耐性を得るフレンズ,高,味方全体,リラックス属性の味方,-,-,-,
フクロオオカミ,けものミラクル,ズキンズキン,耐性を得るフレンズ,中,味方全体,リラックス属性の味方,2ターン,-,-,必要MP110
ジャクソンカメレオン,とくせい,ズキンズキン,耐性を得るフレンズ,高,味方全体,リラックス属性の味方,-,-,-,
タイパン,キセキとくせい,ズキンズキン,耐性を得るフレンズ,高,味方全体,アクティブ属性の味方,-,-,-,
オオアリクイ,キセキとくせい,ズキンズキン,耐性を得るフレンズ,高,味方全体,アクティブ属性の味方,-,-,-,
マネキネコ,とくせい,ズキンズキン,耐性を得るフレンズ,高,味方全体,ラブリー属性の味方,-,-,-,
コウノトリ,とくせい,ズキンズキン,耐性を得るフレンズ,高,味方全体,ラブリー属性の味方,-,-,-,
チベットスナギツネ,キセキとくせい,ズキンズキン,耐性を得るフレンズ,高,味方全体,ラブリー属性の味方,-,-,-,
ワシミミズク(水),キセキとくせい,ズキンズキン,耐性を得るフレンズ,高,味方全体,マイペース、リラックス属性の味方,-,-,-,
トムソンガゼル,キセキとくせい,ズキンズキン,耐性を得るフレンズ,高,味方全体,マイペース属性の味方,-,-,-,
麒麟,けものミラクル,ズキンズキン,耐性を得るフレンズ,小,味方全体,マイペース属性の味方,3ターン,-,-,
フクロミツスイ,とくせい,ズキンズキン,耐性を得るフレンズ,低,自身,ステージの時間が夜,-,-,-,
山本五郎左衛門,キセキとくせい,ズキンズキン,耐性を得るフレンズ,高,自身,-,-,-,-,
黒龍,とくせい,ズキンズキン,耐性を得るフレンズ,完全耐性,自身,-,-,-,-,
ゴリラ,なないろとくせい,ズキンズキン,耐性を得るフレンズ,高,自身,-,-,-,-,
白龍,とくせい,ズキンズキン,耐性を得るフレンズ,完全耐性,自身,-,-,-,-,
キタコアリクイ,キセキとくせい,ズキンズキン,耐性を得るフレンズ,高,自身,-,-,-,-,
カルガモ,なないろとくせい,ズキンズキン,耐性を得るフレンズ,中,自身,たいりょく50%以上,-,-,-,
赤龍,とくせい,ズキンズキン,耐性を得るフレンズ,完全耐性,自身,-,-,-,-,
バンドウイルカ(水),キセキとくせい,ズキンズキン,耐性を得るフレンズ,高,自身,地形がみずべ,-,-,-,
サバンナセンザンコウ,とくせい,ズキンズキン,耐性を得るフレンズ,中,自身,たいりょく50%以上,-,-,-,
ハゲワシ,キセキとくせい,ズキンズキン,耐性を得るフレンズ,高,自身,たいりょくが50%以上,-,-,-,
真・青龍,とくせい,ズキンズキン,耐性を得るフレンズ,完全耐性,自身,-,-,-,-,
ピーチパンサー(黄緑),キセキとくせい,ズキンズキン,耐性を得るフレンズ,完全耐性,自身,-,-,-,-,
ギロロ,キセキとくせい,ズキンズキン,耐性を得るフレンズ,高,自身,ギブアップ中ではない~~味方が1人,-,-,-,
ヒクイドリ,キセキとくせい,ズキンズキン,耐性を得るフレンズ,高,自身,-,-,-,-,
エジプトガン,キセキとくせい,ズキンズキン,耐性を得るフレンズ,高,自身,-,-,-,-,
アリサ=サザンクロス,キセキとくせい,ズキンズキン,耐性を得るフレンズ,完全耐性,自身,-,-,-,-,
サバンナシマウマ(黄緑),とくせい,ズキンズキン,耐性を得るフレンズ,中,自身,-,-,-,-,
麒麟,キセキとくせい,ズキンズキン,耐性を得るフレンズ,完全耐性,自身,-,-,-,-,
ホラアナライオン,とくせい,ズキンズキン,耐性を得るフレンズ,高,自身,-,-,-,-,
マサイキリン,キセキとくせい,ズキンズキン,耐性を得るフレンズ,高,自身,-,-,-,-,
トラ,とくせい,ズキンズキン,耐性を得るフレンズ,高,自身,-,-,-,-,
セイリュウ,キセキとくせい,ズキンズキン,耐性を得るフレンズ,完全耐性,自身,-,-,-,-,
ウミネコ,キセキとくせい,ズキンズキン,耐性を得るフレンズ,中,自身,地形がみずべ,-,-,-,
セーバル,とくせい,ズキンズキン,耐性を得るフレンズ,高,自身,-,-,-,-,
ドール(黄緑),とくせい,ズキンズキン,耐性を得るフレンズ,完全耐性,自身,たいりょく50%以下,-,-,-,
ケツァール,とくせい,ズキンズキン,耐性を得るフレンズ,高,自身,-,-,-,-,
オーロックス,とくせい,ズキンズキン,耐性を得るフレンズ,完全耐性,自身,-,-,-,-,
キタキツネ(青),とくせい,ズキンズキン,耐性を得るフレンズ,高,自身,-,-,-,-,
ジャイアントパンダ,キセキとくせい,ズキンズキン,耐性を得るフレンズ,高,自身,-,-,-,-,
アカミミガメ,とくせい,ズキンズキン,耐性を得るフレンズ,完全耐性,自身,たいりょく40%以下,-,-,-,
G・ロードランナー,たいきスキル,ズキンズキン,耐性を得るフレンズ,中,自身,-,3ターン,0.8,2回,
プロングホーン,とくせい,ズキンズキン,耐性を得るフレンズ,高,自身,-,-,-,-,
シーサーバル・ライト,とくせい,ズキンズキン,耐性を得るフレンズ,高,自身,-,-,-,-,
リカオン,とくせい,ズキンズキン,耐性を得るフレンズ,高,自身,-,-,-,-,
ピーチパンサー,とくせい,ズキンズキン,耐性を得るフレンズ,完全耐性,自身,-,-,-,-,
カワラバト,たいきスキル,ズキンズキン,解除するフレンズ,-,自身,-,-,1,1回,
イヌワシ,たいきスキル,ズキンズキン,解除するフレンズ,-,自身,-,-,1,2回,
黒龍,けものミラクル,ズキンズキン,解除するフレンズ,-,味方全体,-,-,-,-,必要MP200
ライリュウ,たいきスキル,ズキンズキン,解除するフレンズ,-,自身,-,-,1,1回,
カモノハシ,たいきスキル,ズキンズキン,解除するフレンズ,-,自身,-,-,1,3回,
ホワイトライオン(青),たいきスキル,ズキンズキン,解除するフレンズ,-,自身,-,-,1,2回,
赤龍,けものミラクル,ズキンズキン,解除するフレンズ,-,味方全体,ラブリー、ファニー属性の味方,-,-,-,
バンドウイルカ(水),たいきスキル,ズキンズキン,解除するフレンズ,-,自身,-,-,1,1回,
マメジカ,けものミラクル,ズキンズキン,解除するフレンズ,-,味方全体,自身を除くマイペース、~~リラックス属性の味方,-,-,-,必要MP120
フクロオオカミ,けものミラクル,ズキンズキン,解除するフレンズ,-,味方全体,リラックス属性の味方,-,-,-,必要MP110
オセロット,けものミラクル,ズキンズキン,解除するフレンズ,-,自身,-,-,-,-,必要MP80
エトピリカ,たいきスキル,ズキンズキン,解除するフレンズ,-,自身,-,-,1,1回,
カマイタチ・治,けものミラクル,ズキンズキン,解除するフレンズ,-,味方全体,-,-,-,-,必要MP120
ブラックバック(赤),とくいわざ,ズキンズキン,解除するフレンズ,-,自身,-,-,低確率,-,
麒麟,けものミラクル,ズキンズキン,解除するフレンズ,-,味方全体,フレンドリー属性の味方,-,-,-,必要MP160
アオツラカツオドリ,けものミラクル,ズキンズキン,解除するフレンズ,-,味方全体,ラブリー属性の味方,-,-,-,必要MP90
タスマニアデビル(青),けものミラクル,ズキンズキン,解除するフレンズ,-,味方全体,リラックス属性の味方,-,-,-,必要MP100
ゴシンギュウサマ,たいきスキル,ズキンズキン,解除するフレンズ,-,自身,-,-,1,3回,
ノドグロミツオシエ,けものミラクル,ズキンズキン,解除するフレンズ,-,味方全体,ラブリー属性の味方,-,-,-,必要MP90
ビャッコ,たいきスキル,ズキンズキン,解除するフレンズ,-,自身,-,-,1,1回,
ユニコ,けものミラクル,ズキンズキン,解除するフレンズ,-,味方全体,アクティブ属性の味方,-,-,-,必要MP100
タテゴトアザラシ,たいきスキル,ズキンズキン,解除するフレンズ,-,味方全体,-,-,1,2回,
ヒメアリクイ,たいきスキル,ズキンズキン,解除するフレンズ,-,自身,-,-,1,2回,
アフリカゾウ,なないろとくせい,ズキンズキン,解除するフレンズ,-,自身,たいりょくが20%~~以下になったとき,-,-,1回,
アフリカゾウ,たいきスキル,ズキンズキン,解除するフレンズ,-,自身,-,-,0.5,∞,
【ジっとできない湿地のハンター】ハシビロコウ,キセキとくせい,ズキンズキン,耐性を減少させるフレンズ,低,相手全体,-,-,-,-,
ヌエ,キセキとくせい,ズキンズキン,耐性を減少させるフレンズ,低,相手全体,アクティブ属性の相手,-,-,-,
真・青龍,けものミラクル,ズキンズキン,耐性を減少させるフレンズ,中,相手単体,-,2ターン,高確率,-,必要MP90
コウテイペンギン,なないろとくせい,ズキンズキン,耐性を減少させるフレンズ,低,相手全体,ファニー属性の相手,-,-,-,
タスマニアタイガー,たいきスキル,ズキンズキン,耐性を減少させるフレンズ,低,相手全体,-,2ターン,高確率~~たいき発動率100%,∞,
スマトラトラ,キセキとくせい,ズキンズキン,耐性を減少させるフレンズ,低,相手全体,リラックス属性の相手,-,-,-,
ワシミミズク(水),キセキとくせい,ズキンズキン,耐性を減少させるフレンズ,低,相手全体,-,-,-,-,
ユキウサギ,とくいわざ,ズキンズキン,耐性を減少させるフレンズ,低,相手単体,ファニー属性の相手,3ターン,高確率,-,
はなまるだね！,とくせい(変化後),ズキンズキン,耐性を与えるフォト,完全耐性,自身,-,-,-,-,
てるてるのおまじない,とくせい(変化後),ズキンズキン,耐性を与えるフォト,完全耐性,自身,-,-,-,-,
まよなかぴかぴか,とくせい(変化前),ズキンズキン,耐性を与えるフォト,小,自身,-,-,-,-,
まよなかぴかぴか,とくせい(変化後),ズキンズキン,耐性を与えるフォト,中,自身,-,-,-,-,
フルーツみーつけた！,とくせい(変化前),ズキンズキン,耐性を与えるフォト,低,自身,-,-,-,-,
フルーツみーつけた！,とくせい(変化後),ズキンズキン,耐性を与えるフォト,中,自身,-,-,-,-,
あなたにあげるわ,とくせい(変化前・後),ズキンズキン,耐性を与えるフォト,中,自身,-,-,-,-,
とりーとめんと？,とくせい(変化前),ズキンズキン,耐性を与えるフォト,中,自身,たいりょく50%以上,-,-,-,
とりーとめんと？,とくせい(変化後),ズキンズキン,耐性を与えるフォト,中,自身,-,-,-,-,
ホワイトサーバル(桃),とくいわざ,からげんき,付与するフレンズ,-,相手単体,アクティブ、フレンドリー属性の相手,-,高確率,-,
【青い瞳の迷い猫】マヌルネコ,とくいわざ,からげんき,付与するフレンズ,-,相手単体,-,2ターン,高確率,-,
【ジっとできない湿地のハンター】ハシビロコウ,とくいわざ,からげんき,付与するフレンズ,-,相手単体,-,2ターン,中確率,-,
ヌエ,けものミラクル,からげんき,付与するフレンズ,-,相手単体,-,2ターン,中確率,-,必要MP80
キタコアリクイ,けものミラクル,からげんき,付与するフレンズ,-,相手単体,-,2ターン,高確率,-,必要MP110
ハゲワシ,とくいわざ,からげんき,付与するフレンズ,-,相手単体,リラックス属性の相手,3ターン,中確率,-,
アフリカオオコノハズク(青),とくいわざ,からげんき,付与するフレンズ,-,相手単体,-,4ターン,中確率,-,
ワシミミズク(水),とくいわざ,からげんき,付与するフレンズ,-,相手単体,ラブリー、ファニー属性の相手,1ターン,低確率,-,
ツシマヤマネコ,とくいわざ,からげんき,付与するフレンズ,-,相手単体,-,2ターン,中確率,-,
ホッキョクグマ,とくいわざ,からげんき,付与するフレンズ,-,相手単体,-,1ターン,中確率,-,
ソンゴクウ,けものミラクル,からげんき,付与するフレンズ,-,相手単体,-,3ターン,高確率,-,
ソンゴクウ,とくいわざ,からげんき,付与するフレンズ,-,相手単体,-,1ターン,高確率,-,
コアラ,とくいわざ,からげんき,付与するフレンズ,-,相手単体,ラブリー属性の相手,2ターン,高確率,-,
ブラッザグエノン,とくいわざ,からげんき,付与するフレンズ,-,相手単体,マイペース属性の相手,2ターン,高確率,-,
イエイヌ（シバイヌ）,けものミラクル,からげんき,付与するフレンズ,-,相手単体,マイペース属性の相手,3ターン,高確率,-,
イエイヌ（シバイヌ）,とくいわざ,からげんき,付与するフレンズ,-,相手単体,マイペース属性の相手,1ターン,高確率,-,
バーバリライオン,とくいわざ,からげんき,付与するフレンズ,-,相手単体,ファニー属性の相手,2ターン,高確率,-,
オオウミガラス,とくいわざ,からげんき,付与するフレンズ,-,相手単体,ラブリー属性の相手,2ターン,高確率,-,
アカギツネ,とくいわざ,からげんき,付与するフレンズ,-,相手単体,-,2ターン,低確率,-,
コツメカワウソ(黄緑),とくいわざ,からげんき,付与するフレンズ,-,相手単体,マイペース属性の相手,1ターン,高確率,-,
スナネコ(赤),とくいわざ,からげんき,付与するフレンズ,-,相手単体,-,3ターン,低確率,-,
ホワイトサーバル,けものミラクル,からげんき,付与するフレンズ,-,相手単体,フレンドリー属性の相手,3ターン,高確率,-,
ジャイアントパンダ,けものミラクル,からげんき,付与するフレンズ,-,相手単体,アクティブ属性の相手,3ターン,高確率,-,
マレーバク(緑),とくいわざ,からげんき,付与するフレンズ,-,相手単体,リラックス属性の相手,2ターン,低確率,-,
シーサーバル・レフティ,けものミラクル,からげんき,付与するフレンズ,-,相手単体,強敵出現wave,3ターン,高確率,-,
ビャッコ,キセキとくせい,からげんき,耐性を得るフレンズ,高,味方全体,-,-,-,-,
カマイタチ・治,とくせい,からげんき,耐性を得るフレンズ,高,味方全体,フレンドリー属性の味方,-,-,-,
エトピリカ,とくせい,からげんき,耐性を得るフレンズ,高,味方全体,ファニー属性の味方,-,-,-,
オオタカ(赤),とくせい,からげんき,耐性を得るフレンズ,高,味方全体,ファニー属性の味方,-,-,-,
インドシナウォータードラゴン,とくせい,からげんき,耐性を得るフレンズ,高,味方全体,リラックス属性の味方,-,-,-,
ちびくまモン,キセキとくせい,からげんき,耐性を得るフレンズ,高,味方全体,リラックス属性の味方,-,-,-,
コディアックヒグマ,キセキとくせい,からげんき,耐性を得るフレンズ,高,味方全体,リラックス属性の味方,-,-,-,
フクロオオカミ,けものミラクル,からげんき,耐性を得るフレンズ,中,味方全体,リラックス属性の味方,2ターン,-,-,必要MP110
アリゲーター,とくせい,からげんき,耐性を得るフレンズ,高,味方全体,アクティブ属性の味方,-,-,-,
ツチブタ,とくせい,からげんき,耐性を得るフレンズ,高,味方全体,アクティブ属性の味方,-,-,-,
ニホンオオカミ,とくせい,からげんき,耐性を得るフレンズ,高,味方全体,アクティブ属性の味方,-,-,-,
ホワイトサーバル(桃),とくせい,からげんき,耐性を得るフレンズ,高,味方全体,ラブリー、ファニー属性の味方,-,-,-,
赤龍,とくせい,からげんき,耐性を得るフレンズ,高,味方全体,ラブリー属性の味方,-,-,-,
イワハイラックス,とくせい,からげんき,耐性を得るフレンズ,高,味方全体,ラブリー属性の味方,-,-,-,
アリサ=サザンクロス,とくせい,からげんき,耐性を得るフレンズ,高,味方全体,ラブリー属性の味方,-,-,-,
アラビアオリックス,とくせい,からげんき,耐性を得るフレンズ,高,味方全体,ラブリー属性の味方,-,-,-,
ジュゴン,とくせい,からげんき,耐性を得るフレンズ,高,味方全体,マイペース属性の味方,-,-,-,
バンドウイルカ(水),とくせい,からげんき,耐性を得るフレンズ,高,味方全体,マイペース、ファニー属性の味方~~ギブアップ状態ではない味方が3人以上,-,-,-,
フンボルトペンギン,とくせい,からげんき,耐性を得るフレンズ,高,味方全体,マイペース属性の味方,-,-,-,
シベリアオオヤマネコ,とくせい,からげんき,耐性を得るフレンズ,高,味方全体,マイペース属性の味方,-,-,-,
麒麟,けものミラクル,からげんき,耐性を得るフレンズ,小,味方全体,マイペース属性の味方,3ターン,-,-,
フクロミツスイ,とくせい,からげんき,耐性を得るフレンズ,低,自身,ステージの時間が夜,-,-,-,
山本五郎左衛門,キセキとくせい,からげんき,耐性を得るフレンズ,高,自身,-,-,-,-,
黒龍,とくせい,からげんき,耐性を得るフレンズ,完全耐性,自身,-,-,-,-,
【青い瞳の迷い猫】マヌルネコ,とくせい,からげんき,耐性を得るフレンズ,高,自身,-,-,-,-,
白龍,とくせい,からげんき,耐性を得るフレンズ,完全耐性,自身,-,-,-,-,
カルガモ,なないろとくせい,からげんき,耐性を得るフレンズ,中,自身,たいりょく50%以上,-,-,-,
赤龍,とくせい,からげんき,耐性を得るフレンズ,完全耐性,自身,-,-,-,-,
バンドウイルカ(水),キセキとくせい,からげんき,耐性を得るフレンズ,高,自身,地形がみずべ,-,-,-,
真・青龍,とくせい,からげんき,耐性を得るフレンズ,完全耐性,自身,-,-,-,-,
ピーチパンサー(黄緑),キセキとくせい,からげんき,耐性を得るフレンズ,完全耐性,自身,-,-,-,-,
ギロロ,キセキとくせい,からげんき,耐性を得るフレンズ,高,自身,ギブアップ中ではない~~味方が1人,-,-,-,
アリサ=サザンクロス,キセキとくせい,からげんき,耐性を得るフレンズ,完全耐性,自身,-,-,-,-,
サバンナシマウマ(黄緑),とくせい,からげんき,耐性を得るフレンズ,中,自身,-,-,-,-,
麒麟,キセキとくせい,からげんき,耐性を得るフレンズ,完全耐性,自身,-,-,-,-,
ガチャピン,とくせい,からげんき,耐性を得るフレンズ,高,自身,ギブアップ中ではない味方が3人以上,-,-,-,
セイリュウ,キセキとくせい,からげんき,耐性を得るフレンズ,完全耐性,自身,-,-,-,-,
ウミネコ,キセキとくせい,からげんき,耐性を得るフレンズ,中,自身,地形がみずべ,-,-,-,
インドオオカミ,とくせい,からげんき,耐性を得るフレンズ,高,自身,-,-,-,-,
ドール(黄緑),とくせい,からげんき,耐性を得るフレンズ,完全耐性,自身,たいりょく50%以下,-,-,-,
オーロックス,とくせい,からげんき,耐性を得るフレンズ,完全耐性,自身,-,-,-,-,
ナミチスイコウモリ,とくせい,からげんき,耐性を得るフレンズ,高,自身,-,-,-,-,
マヌルネコ,とくせい,からげんき,耐性を得るフレンズ,高,自身,-,-,-,-,
アカミミガメ,とくせい,からげんき,耐性を得るフレンズ,完全耐性,自身,たいりょく40%以下,-,-,-,
ミナミコアリクイ(水),キセキとくせい,からげんき,耐性を得るフレンズ,高,自身,-,-,-,-,
ホワイトタイガー,とくせい,からげんき,耐性を得るフレンズ,高,自身,-,-,-,-,
G・ロードランナー,たいきスキル,からげんき,耐性を得るフレンズ,中,自身,-,3ターン,0.8,2回,
ピーチパンサー,とくせい,からげんき,耐性を得るフレンズ,完全耐性,自身,-,-,-,-,
カワラバト,たいきスキル,からげんき,解除するフレンズ,-,自身,-,-,1,1回,
イヌワシ,たいきスキル,からげんき,解除するフレンズ,-,自身,-,-,1,2回,
黒龍,けものミラクル,からげんき,解除するフレンズ,-,味方全体,-,-,-,-,必要MP200
ライリュウ,たいきスキル,からげんき,解除するフレンズ,-,自身,-,-,1,1回,
カモノハシ,たいきスキル,からげんき,解除するフレンズ,-,自身,-,-,1,3回,
ホワイトライオン(青),たいきスキル,からげんき,解除するフレンズ,-,自身,-,-,1,2回,
赤龍,けものミラクル,からげんき,解除するフレンズ,-,味方全体,ラブリー、ファニー属性の味方,-,-,-,
バンドウイルカ(水),たいきスキル,からげんき,解除するフレンズ,-,自身,-,-,1,1回,
マメジカ,けものミラクル,からげんき,解除するフレンズ,-,味方全体,自身を除くマイペース、~~リラックス属性の味方,-,-,-,必要MP120
フクロオオカミ,けものミラクル,からげんき,解除するフレンズ,-,味方全体,リラックス属性の味方,-,-,-,必要MP110
オセロット,けものミラクル,からげんき,解除するフレンズ,-,自身,-,-,-,-,必要MP80
エトピリカ,たいきスキル,からげんき,解除するフレンズ,-,自身,-,-,1,1回,
ブラックバック(赤),とくいわざ,からげんき,解除するフレンズ,-,自身,-,-,低確率,-,
麒麟,けものミラクル,からげんき,解除するフレンズ,-,味方全体,フレンドリー属性の味方,-,-,-,必要MP160
アオツラカツオドリ,けものミラクル,からげんき,解除するフレンズ,-,味方全体,ラブリー属性の味方,-,-,-,必要MP90
タスマニアデビル(青),けものミラクル,からげんき,解除するフレンズ,-,味方全体,リラックス属性の味方,-,-,-,必要MP100
ゴシンギュウサマ,たいきスキル,からげんき,解除するフレンズ,-,自身,-,-,1,3回,
ビャッコ,たいきスキル,からげんき,解除するフレンズ,-,自身,-,-,1,1回,
ユニコ,けものミラクル,からげんき,解除するフレンズ,-,味方全体,アクティブ属性の味方,-,-,-,必要MP100
タテゴトアザラシ,たいきスキル,からげんき,解除するフレンズ,-,味方全体,-,-,1,2回,
ヒメアリクイ,たいきスキル,からげんき,解除するフレンズ,-,自身,-,-,1,2回,
アフリカゾウ,なないろとくせい,からげんき,解除するフレンズ,-,自身,たいりょくが20%~~以下になったとき,-,-,1回,
アフリカゾウ,たいきスキル,からげんき,解除するフレンズ,-,自身,-,-,0.5,∞,
【ジっとできない湿地のハンター】ハシビロコウ,キセキとくせい,からげんき,耐性を減少させるフレンズ,低,相手全体,-,-,-,-,
【ジっとできない湿地のハンター】ハシビロコウ,とくいわざ,からげんき,耐性を減少させるフレンズ,低,相手単体,-,2ターン,高確率,-,
ヌエ,キセキとくせい,からげんき,耐性を減少させるフレンズ,低,相手全体,アクティブ属性の相手,-,-,-,
真・青龍,けものミラクル,からげんき,耐性を減少させるフレンズ,中,相手単体,-,2ターン,高確率,-,必要MP90
ワシミミズク(水),キセキとくせい,からげんき,耐性を減少させるフレンズ,低,相手全体,-,-,-,-,
はなまるだね！,とくせい(変化後),からげんき,耐性を与えるフォト,完全耐性,自身,-,-,-,-,
てるてるのおまじない,とくせい(変化後),からげんき,耐性を与えるフォト,完全耐性,自身,-,-,-,-,
あまくてサクサク♪,とくせい(変化前),からげんき,耐性を与えるフォト,中,自身,-,-,-,-,
あまくてサクサク♪,とくせい(変化後),からげんき,耐性を与えるフォト,高,自身,-,-,-,-,
まよなかぴかぴか,とくせい(変化前),からげんき,耐性を与えるフォト,小,自身,-,-,-,-,
まよなかぴかぴか,とくせい(変化後),からげんき,耐性を与えるフォト,中,自身,-,-,-,-,
しょうぶのゆくえ,とくせい(変化前),からげんき,耐性を与えるフォト,中,自身,-,-,-,-,
しょうぶのゆくえ,とくせい(変化後),からげんき,耐性を与えるフォト,高,自身,-,-,-,-,
しっぴつかつどう,とくせい(変化後),からげんき,耐性を与えるフォト,中,自身,-,-,-,-,
なつかしのお味,とくせい(変化前),からげんき,耐性を与えるフォト,中,自身,たいりょく50%以上,-,-,-,
なつかしのお味,とくせい(変化後),からげんき,耐性を与えるフォト,中,自身,-,-,-,-,
スイート・チャレンジ,とくせい(変化前),からげんき,耐性を与えるフォト,低,自身,-,-,-,-,
スイート・チャレンジ,とくせい(変化後),からげんき,耐性を与えるフォト,中,自身,-,-,-,-,
サラブレッドしろげ(フォト),とくせい(変化前),からげんき,耐性を与えるフォト,低,味方全体,-,-,-,-,
サラブレッドしろげ(フォト),とくせい(変化後),からげんき,耐性を与えるフォト,中,味方全体,-,-,-,-,
よくばりたいおいしさ,とくせい(変化前・後),からげんき,耐性を減少させるフォト,低,相手全体,自身のたいりょくが50%以下~~マイペース属性の相手,-,-,-,
ドルドン,とくいわざ,ぼんやりうっかり,付与するフレンズ,-,相手単体,ファニー属性の相手,1ターン,高確率,-,
【大きな瞳の美人顔】サーバル,とくいわざ,ぼんやりうっかり,付与するフレンズ,-,相手単体,-,1ターン,中確率,-,
シーラカンス,とくいわざ,ぼんやりうっかり,付与するフレンズ,-,相手全体,-,1ターン,低確率,-,
ワシミミズク(水),とくいわざ,ぼんやりうっかり,付与するフレンズ,-,相手単体,ラブリー、ファニー属性の相手,1ターン,低確率,-,
ツクヨミノシンシ,けものミラクル,ぼんやりうっかり,付与するフレンズ,-,相手全体,-,1ターン,低確率,-,
ツクヨミノシンシ,とくいわざ,ぼんやりうっかり,付与するフレンズ,-,相手単体,-,1ターン,中確率,-,
麒麟,とくいわざ,ぼんやりうっかり,付与するフレンズ,-,相手単体,-,1ターン,低確率,-,
ダンザブロウダヌキ,けものミラクル,ぼんやりうっかり,付与するフレンズ,-,相手単体,-,1ターン,中確率,-,
でびるさま,けものミラクル,ぼんやりうっかり,付与するフレンズ,-,相手単体,-,1ターン,高確率,-,
ゴシンギュウサマ,けものミラクル,ぼんやりうっかり,付与するフレンズ,-,相手全体,-,1ターン,高確率,-,
ダイアウルフ,けものミラクル,ぼんやりうっかり,付与するフレンズ,-,相手単体,マイペース属性の相手,1ターン,高確率,-,
ダイアウルフ,とくいわざ,ぼんやりうっかり,付与するフレンズ,-,相手単体,-,1ターン,中確率,-,
ダイアウルフ,キセキとくせい,ぼんやりうっかり,付与するフレンズ,-,相手全体,マイペース属性の相手~~ギブアップでない相手が3人以下,1ターン,高確率,1回,
ケルベロス,とくいわざ,ぼんやりうっかり,付与するフレンズ,-,相手単体,-,1ターン,中確率,-,
シヴァテリウム,とくいわざ,ぼんやりうっかり,付与するフレンズ,-,相手単体,-,2ターン,中確率,-,
ゲンブ,とくいわざ,ぼんやりうっかり,付与するフレンズ,-,相手単体,相手3体以上の場合,1ターン,高確率,-,
メキシコサラマンダー,けものミラクル,ぼんやりうっかり,付与するフレンズ,-,味方全体,-,1ターン,高確率,-,
ケツァール,とくいわざ,ぼんやりうっかり,付与するフレンズ,-,相手単体,-,2ターン,中確率,-,
ミミィサーバル,けものミラクル,ぼんやりうっかり,付与するフレンズ,-,相手全体,-,1ターン,高確率,-,
スカイフィッシュ,とくいわざ,ぼんやりうっかり,付与するフレンズ,-,相手単体,-,1ターン,中確率,-,
エナガ,とくせい,ぼんやりうっかり,耐性を得るフレンズ,高,味方全体,フレンドリー属性の味方,-,-,-,
オセロット,とくせい,ぼんやりうっかり,耐性を得るフレンズ,高,味方全体,フレンドリー属性の味方,-,-,-,
キングペンギン,とくせい,ぼんやりうっかり,耐性を得るフレンズ,高,味方全体,フレンドリー属性の味方,-,-,-,
ブラックバック(赤),とくせい,ぼんやりうっかり,耐性を得るフレンズ,高,味方全体,ファニー属性の味方,-,-,-,
カラカル,キセキとくせい,ぼんやりうっかり,耐性を得るフレンズ,高,味方全体,ファニー属性の味方,-,-,-,
ケープライオン,とくせい,ぼんやりうっかり,耐性を得るフレンズ,高,味方全体,リラックス属性の味方,-,-,-,
インドオオカミ,キセキとくせい,ぼんやりうっかり,耐性を得るフレンズ,高,味方全体,リラックス属性の味方,-,-,-,
フクロオオカミ,けものミラクル,ぼんやりうっかり,耐性を得るフレンズ,中,味方全体,リラックス属性の味方,2ターン,-,-,必要MP110
ピーチパンサー(黄緑),キセキとくせい,ぼんやりうっかり,耐性を得るフレンズ,高,味方全体,-,-,-,-,
ユニコ,キセキとくせい,ぼんやりうっかり,耐性を得るフレンズ,高,味方全体,アクティブ属性の味方,-,-,-,
ヒメウォンバット,キセキとくせい,ぼんやりうっかり,耐性を得るフレンズ,高,味方全体,アクティブ属性の味方,-,-,-,
エダハヘラオヤモリ,とくせい,ぼんやりうっかり,耐性を得るフレンズ,高,味方全体,ラブリー属性の味方,-,-,-,
カラカル(桃),とくせい,ぼんやりうっかり,耐性を得るフレンズ,高,味方全体,ラブリー属性の味方,-,-,-,
ニワトリ,とくせい,ぼんやりうっかり,耐性を得るフレンズ,高,味方全体,ラブリー属性の味方,-,-,-,
カマイタチ・切,とくせい,ぼんやりうっかり,耐性を得るフレンズ,高,味方全体,マイペース属性の味方,-,-,-,
アゴヒゲアザラシ,とくせい,ぼんやりうっかり,耐性を得るフレンズ,高,味方全体,マイペース属性の味方,-,-,-,
麒麟,けものミラクル,ぼんやりうっかり,耐性を得るフレンズ,小,味方全体,マイペース属性の味方,3ターン,-,-,
フクロミツスイ,とくせい,ぼんやりうっかり,耐性を得るフレンズ,低,自身,ステージの時間が夜,-,-,-,
山本五郎左衛門,キセキとくせい,ぼんやりうっかり,耐性を得るフレンズ,高,自身,-,-,-,-,
黒龍,とくせい,ぼんやりうっかり,耐性を得るフレンズ,完全耐性,自身,-,-,-,-,
白龍,とくせい,ぼんやりうっかり,耐性を得るフレンズ,完全耐性,自身,-,-,-,-,
カルガモ,なないろとくせい,ぼんやりうっかり,耐性を得るフレンズ,中,自身,たいりょく50%以上,-,-,-,
赤龍,とくせい,ぼんやりうっかり,耐性を得るフレンズ,完全耐性,自身,-,-,-,-,
バンドウイルカ(水),キセキとくせい,ぼんやりうっかり,耐性を得るフレンズ,高,自身,地形がみずべ,-,-,-,
真・青龍,とくせい,ぼんやりうっかり,耐性を得るフレンズ,完全耐性,自身,-,-,-,-,
ピーチパンサー(黄緑),キセキとくせい,ぼんやりうっかり,耐性を得るフレンズ,完全耐性,自身,-,-,-,-,
ギロロ,キセキとくせい,ぼんやりうっかり,耐性を得るフレンズ,高,自身,ギブアップ中ではない~~味方が1人,-,-,-,
アリサ=サザンクロス,キセキとくせい,ぼんやりうっかり,耐性を得るフレンズ,完全耐性,自身,-,-,-,-,
サバンナシマウマ(黄緑),とくせい,ぼんやりうっかり,耐性を得るフレンズ,中,自身,-,-,-,-,
ツクヨミノシンシ,キセキとくせい,ぼんやりうっかり,耐性を得るフレンズ,高,自身,-,-,-,-,
麒麟,キセキとくせい,ぼんやりうっかり,耐性を得るフレンズ,完全耐性,自身,-,-,-,-,
ホラアナライオン,とくせい,ぼんやりうっかり,耐性を得るフレンズ,高,自身,-,-,-,-,
ホッキョクグマ,とくせい,ぼんやりうっかり,耐性を得るフレンズ,高,自身,-,-,-,-,
マカミ,とくせい,ぼんやりうっかり,耐性を得るフレンズ,高,自身,-,-,-,-,
マヌルネコ(桃),キセキとくせい,ぼんやりうっかり,耐性を得るフレンズ,高,自身,-,-,-,-,
ホッキョクオオカミ,キセキとくせい,ぼんやりうっかり,耐性を得るフレンズ,高,自身,地形が寒冷地,-,-,-,
セイリュウ,キセキとくせい,ぼんやりうっかり,耐性を得るフレンズ,完全耐性,自身,-,-,-,-,
トド,とくせい,ぼんやりうっかり,耐性を得るフレンズ,中,自身,-,-,-,-,
ウミネコ,キセキとくせい,ぼんやりうっかり,耐性を得るフレンズ,中,自身,地形がみずべ,-,-,-,
イエイヌ（シバイヌ）,とくせい,ぼんやりうっかり,耐性を得るフレンズ,高,自身,-,-,-,-,
ドール(黄緑),キセキとくせい,ぼんやりうっかり,耐性を得るフレンズ,高,自身,-,-,-,-,
ドール(黄緑),とくせい,ぼんやりうっかり,耐性を得るフレンズ,完全耐性,自身,たいりょく50%以下,-,-,-,
オーロックス,とくせい,ぼんやりうっかり,耐性を得るフレンズ,完全耐性,自身,-,-,-,-,
ツチノコ(赤),とくせい,ぼんやりうっかり,耐性を得るフレンズ,高,自身,-,-,-,-,
リョコウバト,とくせい,ぼんやりうっかり,耐性を得るフレンズ,高,自身,-,-,-,-,
フェネック(桃),キセキとくせい,ぼんやりうっかり,耐性を得るフレンズ,完全耐性,自身,地形がさばく,-,-,-,
G・ロードランナー,たいきスキル,ぼんやりうっかり,耐性を得るフレンズ,中,自身,-,3ターン,0.8,2回,
ピーチパンサー,とくせい,ぼんやりうっかり,耐性を得るフレンズ,完全耐性,自身,-,-,-,-,
カワラバト,たいきスキル,ぼんやりうっかり,解除するフレンズ,-,自身,-,-,1,1回,
イヌワシ,たいきスキル,ぼんやりうっかり,解除するフレンズ,-,自身,-,-,1,2回,
黒龍,けものミラクル,ぼんやりうっかり,解除するフレンズ,-,味方全体,-,-,-,-,必要MP200
ライリュウ,たいきスキル,ぼんやりうっかり,解除するフレンズ,-,自身,-,-,1,1回,
カモノハシ,たいきスキル,ぼんやりうっかり,解除するフレンズ,-,自身,-,-,1,3回,
ホワイトライオン(青),たいきスキル,ぼんやりうっかり,解除するフレンズ,-,自身,-,-,1,2回,
赤龍,けものミラクル,ぼんやりうっかり,解除するフレンズ,-,味方全体,ラブリー、ファニー属性の味方,-,-,-,
バンドウイルカ(水),たいきスキル,ぼんやりうっかり,解除するフレンズ,-,自身,-,-,1,1回,
マメジカ,けものミラクル,ぼんやりうっかり,解除するフレンズ,-,味方全体,自身を除くマイペース、~~リラックス属性の味方,-,-,-,必要MP120
フクロオオカミ,けものミラクル,ぼんやりうっかり,解除するフレンズ,-,味方全体,リラックス属性の味方,-,-,-,必要MP110
オセロット,けものミラクル,ぼんやりうっかり,解除するフレンズ,-,自身,-,-,-,-,必要MP80
エトピリカ,たいきスキル,ぼんやりうっかり,解除するフレンズ,-,自身,-,-,1,1回,
ブラックバック(赤),とくいわざ,ぼんやりうっかり,解除するフレンズ,-,自身,-,-,低確率,-,
麒麟,けものミラクル,ぼんやりうっかり,解除するフレンズ,-,味方全体,フレンドリー属性の味方,-,-,-,必要MP160
アオツラカツオドリ,けものミラクル,ぼんやりうっかり,解除するフレンズ,-,味方全体,ラブリー属性の味方,-,-,-,必要MP90
タスマニアデビル(青),けものミラクル,ぼんやりうっかり,解除するフレンズ,-,味方全体,リラックス属性の味方,-,-,-,必要MP100
ゴシンギュウサマ,たいきスキル,ぼんやりうっかり,解除するフレンズ,-,自身,-,-,1,3回,
ヤンバルクイナ,たいきスキル,ぼんやりうっかり,解除するフレンズ,-,自身,-,-,0.8,2回,
ビャッコ,たいきスキル,ぼんやりうっかり,解除するフレンズ,-,自身,-,-,1,1回,
ユニコ,けものミラクル,ぼんやりうっかり,解除するフレンズ,-,味方全体,アクティブ属性の味方,-,-,-,必要MP100
アフリカゾウ,なないろとくせい,ぼんやりうっかり,解除するフレンズ,-,自身,たいりょくが20%~~以下になったとき,-,-,1回,
アフリカゾウ,たいきスキル,ぼんやりうっかり,解除するフレンズ,-,自身,-,-,0.5,∞,
【ジっとできない湿地のハンター】ハシビロコウ,キセキとくせい,ぼんやりうっかり,耐性を減少させるフレンズ,低,相手全体,-,-,-,-,
ヌエ,キセキとくせい,ぼんやりうっかり,耐性を減少させるフレンズ,低,相手全体,アクティブ属性の相手,-,-,-,
真・青龍,けものミラクル,ぼんやりうっかり,耐性を減少させるフレンズ,中,相手単体,-,2ターン,高確率,-,必要MP90
ワシミミズク(水),キセキとくせい,ぼんやりうっかり,耐性を減少させるフレンズ,低,相手全体,-,-,-,-,
ダイアウルフ,たいきスキル,ぼんやりうっかり,耐性を減少させるフレンズ,中,相手単体,-,2ターン,0.7,1回,
オオカワウソ,けものミラクル,ぼんやりうっかり,耐性を減少させるフレンズ,低,相手単体,ファニー属性の相手,3ターン,高確率,-,必要MP100
まよなかぴかぴか,とくせい(変化前),ぼんやりうっかり,耐性を与えるフォト,小,自身,-,-,-,-,
まよなかぴかぴか,とくせい(変化後),ぼんやりうっかり,耐性を与えるフォト,中,自身,-,-,-,-,
ゆらゆらゆれて,とくせい(変化前・後),ぼんやりうっかり,耐性を与えるフォト,中,自身,-,-,-,-,
シベリアオオヤマネコ(フォト),とくせい(変化前・後),ぼんやりうっかり,耐性を与えるフォト,中,自身,-,-,-,-,
シヴァテリウム(フォト),とくせい(変化前),ぼんやりうっかり,耐性を与えるフォト,中,自身,-,-,-,-,
シヴァテリウム(フォト),とくせい(変化後),ぼんやりうっかり,耐性を与えるフォト,高,自身,-,-,-,-,
トド(フォト),とくせい(変化後),ぼんやりうっかり,耐性を与えるフォト,中,自身,-,-,-,-,
ブラックサーバル,けものミラクル,しょんぼりきぶん,付与するフレンズ,-,相手単体,セルリアン戦,1ターン,確定付与,-,必要MP140
ヒクイドリ,とくいわざ,しょんぼりきぶん,付与するフレンズ,-,相手単体,-,2ターン,低確率,-,
オランウータン,とくいわざ,しょんぼりきぶん,付与するフレンズ,-,相手単体,ファニー属性の相手,1ターン,低確率,-,
でびるさま,とくいわざ,しょんぼりきぶん,付与するフレンズ,-,相手単体,-,1ターン,低確率,-,
マカミ,けものミラクル,しょんぼりきぶん,付与するフレンズ,-,相手単体,リラックス属性の相手,2ターン,高確率,-,
カグヤコウモリ,けものミラクル,しょんぼりきぶん,付与するフレンズ,-,相手単体,ファニー属性の相手,2ターン,中確率,-,
ビャッコ,けものミラクル,しょんぼりきぶん,付与するフレンズ,-,相手単体,リラックス属性の相手,3ターン,高確率,-,
キュウビキツネ,とくせい,しょんぼりきぶん,耐性を得るフレンズ,高,味方全体,フレンドリー属性の味方,-,-,-,
モウコノウマ,とくせい,しょんぼりきぶん,耐性を得るフレンズ,中,味方全体,フレンドリー属性の味方,-,-,-,
黒龍,とくせい,しょんぼりきぶん,耐性を得るフレンズ,高,味方全体,ファニー属性の味方,-,-,-,
ヤブノウサギ,キセキとくせい,しょんぼりきぶん,耐性を得るフレンズ,高,味方全体,ファニー属性の味方,-,-,-,
ヤタガラス,キセキとくせい,しょんぼりきぶん,耐性を得るフレンズ,完全耐性,味方全体,ファニー属性の味方,-,-,-,
ジャガー(赤),キセキとくせい,しょんぼりきぶん,耐性を得るフレンズ,高,味方全体,ファニー属性の味方,-,-,-,
チベットスナギツネ(青),とくせい,しょんぼりきぶん,耐性を得るフレンズ,高,味方全体,リラックス属性の味方,-,-,-,
ダンザブロウダヌキ,とくせい,しょんぼりきぶん,耐性を得るフレンズ,高,味方全体,リラックス属性の味方,-,-,-,
フクロオオカミ,けものミラクル,しょんぼりきぶん,耐性を得るフレンズ,中,味方全体,リラックス属性の味方,2ターン,-,-,必要MP110
白龍,とくせい,しょんぼりきぶん,耐性を得るフレンズ,高,味方全体,自身がギブアップ状態でない,-,-,-,
ツクヨミノシンシ,とくせい,しょんぼりきぶん,耐性を得るフレンズ,高,味方全体,アクティブ属性の味方,-,-,-,
イエイヌ（シバイヌ）,キセキとくせい,しょんぼりきぶん,耐性を得るフレンズ,高,味方全体,アクティブ属性の味方,-,-,-,
イリオモテヤマネコ,とくせい,しょんぼりきぶん,耐性を得るフレンズ,高,味方全体,ラブリー属性の味方,-,-,-,
ヤンバルクイナ,キセキとくせい,しょんぼりきぶん,耐性を得るフレンズ,高,味方全体,ラブリー属性の味方,-,-,-,
キットギツネ,キセキとくせい,しょんぼりきぶん,耐性を得るフレンズ,高,味方全体,マイペース属性の味方,-,-,-,
セイリュウ,キセキとくせい,しょんぼりきぶん,耐性を得るフレンズ,高,自身を除く~~味方全体,マイペース属性の味方,-,-,-,
バシロサウルス・イシス,たいきスキル,しょんぼりきぶん,耐性を得るフレンズ,高,味方全体,マイペース属性の味方,2ターン,1,2回,
麒麟,けものミラクル,しょんぼりきぶん,耐性を得るフレンズ,小,味方全体,マイペース属性の味方,3ターン,-,-,
フクロミツスイ,とくせい,しょんぼりきぶん,耐性を得るフレンズ,低,自身,ステージの時間が夜,-,-,-,
山本五郎左衛門,キセキとくせい,しょんぼりきぶん,耐性を得るフレンズ,高,自身,-,-,-,-,
黒龍,とくせい,しょんぼりきぶん,耐性を得るフレンズ,完全耐性,自身,-,-,-,-,
白龍,とくせい,しょんぼりきぶん,耐性を得るフレンズ,完全耐性,自身,-,-,-,-,
カルガモ,なないろとくせい,しょんぼりきぶん,耐性を得るフレンズ,中,自身,たいりょく50%以上,-,-,-,
赤龍,とくせい,しょんぼりきぶん,耐性を得るフレンズ,完全耐性,自身,-,-,-,-,
バンドウイルカ(水),キセキとくせい,しょんぼりきぶん,耐性を得るフレンズ,高,自身,地形がみずべ,-,-,-,
真・青龍,とくせい,しょんぼりきぶん,耐性を得るフレンズ,完全耐性,自身,-,-,-,-,
ピーチパンサー(黄緑),キセキとくせい,しょんぼりきぶん,耐性を得るフレンズ,完全耐性,自身,-,-,-,-,
ギロロ,キセキとくせい,しょんぼりきぶん,耐性を得るフレンズ,高,自身,ギブアップ中ではない~~味方が1人,-,-,-,
アリサ=サザンクロス,キセキとくせい,しょんぼりきぶん,耐性を得るフレンズ,完全耐性,自身,-,-,-,-,
サバンナシマウマ(黄緑),とくせい,しょんぼりきぶん,耐性を得るフレンズ,中,自身,-,-,-,-,
麒麟,キセキとくせい,しょんぼりきぶん,耐性を得るフレンズ,完全耐性,自身,-,-,-,-,
ガチャピン,キセキとくせい,しょんぼりきぶん,耐性を得るフレンズ,高,自身,-,-,-,-,
でびるさま,とくせい,しょんぼりきぶん,耐性を得るフレンズ,高,自身,-,-,-,-,
フクロネコ,とくせい,しょんぼりきぶん,耐性を得るフレンズ,高,自身,-,-,-,-,
セイリュウ,キセキとくせい,しょんぼりきぶん,耐性を得るフレンズ,完全耐性,自身,-,-,-,-,
ウミネコ,キセキとくせい,しょんぼりきぶん,耐性を得るフレンズ,中,自身,地形がみずべ,-,-,-,
タチコマ type-H,キセキとくせい,しょんぼりきぶん,耐性を得るフレンズ,完全耐性,自身,-,-,-,-,
ゴールデンタビータイガー,とくせい,しょんぼりきぶん,耐性を得るフレンズ,高,自身,-,-,-,-,
カグヤコウモリ,キセキとくせい,しょんぼりきぶん,耐性を得るフレンズ,高,自身,ステージ時間が夜,-,-,-,
人面魚,とくせい,しょんぼりきぶん,耐性を得るフレンズ,高,自身,-,-,-,-,
ドール(黄緑),とくせい,しょんぼりきぶん,耐性を得るフレンズ,完全耐性,自身,たいりょく50%以下,-,-,-,
火の鳥,とくせい,しょんぼりきぶん,耐性を得るフレンズ,高,自身,-,-,-,-,
オカピ,とくせい,しょんぼりきぶん,耐性を得るフレンズ,高,自身,-,-,-,-,
オーロックス,とくせい,しょんぼりきぶん,耐性を得るフレンズ,完全耐性,自身,-,-,-,-,
フェネック(桃),キセキとくせい,しょんぼりきぶん,耐性を得るフレンズ,完全耐性,自身,地形がさばく,-,-,-,
G・ロードランナー,たいきスキル,しょんぼりきぶん,耐性を得るフレンズ,中,自身,-,3ターン,0.8,2回,
ピーチパンサー,とくせい,しょんぼりきぶん,耐性を得るフレンズ,完全耐性,自身,-,-,-,-,
バシロサウルス・イシス,けものミラクル,しょんぼりきぶん,解除するフレンズ,-,味方全体,-,-,-,-,必要MP120
カワラバト,たいきスキル,しょんぼりきぶん,解除するフレンズ,-,自身,-,-,1,1回,
イヌワシ,たいきスキル,しょんぼりきぶん,解除するフレンズ,-,自身,-,-,1,2回,
黒龍,けものミラクル,しょんぼりきぶん,解除するフレンズ,-,味方全体,-,-,-,-,必要MP200
モウコノウマ,たいきスキル,しょんぼりきぶん,解除するフレンズ,-,味方全体,-,-,1,1回,
ホワイトライオン(青),たいきスキル,しょんぼりきぶん,解除するフレンズ,-,自身,-,-,1,2回,
ライリュウ,たいきスキル,しょんぼりきぶん,解除するフレンズ,-,自身,-,-,1,1回,
カモノハシ,たいきスキル,しょんぼりきぶん,解除するフレンズ,-,自身,-,-,1,3回,
赤龍,けものミラクル,しょんぼりきぶん,解除するフレンズ,-,味方全体,ラブリー、ファニー属性の味方,-,-,-,
バンドウイルカ(水),たいきスキル,しょんぼりきぶん,解除するフレンズ,-,自身,-,-,1,1回,
キンシャチ,けものミラクル,しょんぼりきぶん,解除するフレンズ,-,自身,-,-,高確率,-,必要MP130
ピーチパンサー(黄緑),たいきスキル,しょんぼりきぶん,解除するフレンズ,-,味方全体,アクティブ、ファニー~~属性の味方,-,1,1回,
マメジカ,けものミラクル,しょんぼりきぶん,解除するフレンズ,-,味方全体,自身を除くマイペース、~~リラックス属性の味方,-,-,-,必要MP120
アフリカンゴールデンウルフ,たいきスキル,しょんぼりきぶん,解除するフレンズ,-,味方全体,アクティブ属性の味方,-,1,∞,
フクロオオカミ,けものミラクル,しょんぼりきぶん,解除するフレンズ,-,味方全体,リラックス属性の味方,-,-,-,必要MP110
オセロット,けものミラクル,しょんぼりきぶん,解除するフレンズ,-,自身,-,-,-,-,必要MP80
エトピリカ,たいきスキル,しょんぼりきぶん,解除するフレンズ,-,自身,-,-,1,1回,
ブラックバック(赤),とくいわざ,しょんぼりきぶん,解除するフレンズ,-,自身,-,-,低確率,-,
麒麟,けものミラクル,しょんぼりきぶん,解除するフレンズ,-,味方全体,フレンドリー属性の味方,-,-,-,必要MP160
アオツラカツオドリ,けものミラクル,しょんぼりきぶん,解除するフレンズ,-,味方全体,ラブリー属性の味方,-,-,-,必要MP90
タスマニアデビル(青),けものミラクル,しょんぼりきぶん,解除するフレンズ,-,味方全体,リラックス属性の味方,-,-,-,必要MP100
ゴシンギュウサマ,たいきスキル,しょんぼりきぶん,解除するフレンズ,-,自身,-,-,1,3回,
ビャッコ,たいきスキル,しょんぼりきぶん,解除するフレンズ,-,自身,-,-,1,1回,
ユニコ,けものミラクル,しょんぼりきぶん,解除するフレンズ,-,味方全体,アクティブ属性の味方,-,-,-,必要MP100
アフリカゾウ,なないろとくせい,しょんぼりきぶん,解除するフレンズ,-,自身,たいりょくが20%~~以下になったとき,-,-,1回,
アフリカゾウ,たいきスキル,しょんぼりきぶん,解除するフレンズ,-,自身,-,-,0.5,∞,
【ジっとできない湿地のハンター】ハシビロコウ,キセキとくせい,しょんぼりきぶん,耐性を減少させるフレンズ,低,相手全体,-,-,-,-,
ヌエ,キセキとくせい,しょんぼりきぶん,耐性を減少させるフレンズ,低,相手全体,アクティブ属性の相手,-,-,-,
真・青龍,けものミラクル,しょんぼりきぶん,耐性を減少させるフレンズ,中,相手単体,-,2ターン,高確率,-,必要MP90
まよなかぴかぴか,とくせい(変化前),しょんぼりきぶん,耐性を与えるフォト,小,自身,-,-,-,-,
まよなかぴかぴか,とくせい(変化後),しょんぼりきぶん,耐性を与えるフォト,中,自身,-,-,-,-,
ワンツーステップ,とくせい(変化前),しょんぼりきぶん,耐性を与えるフォト,小,自身,-,-,-,-,
ワンツーステップ,とくせい(変化後),しょんぼりきぶん,耐性を与えるフォト,中,自身,-,-,-,-,
ライリュウ,けものミラクル,びりびり,付与するフレンズ,-,相手単体,-,3ターン,高確率,-,必要MP120
ライリュウ,とくいわざ,びりびり,付与するフレンズ,-,相手単体,-,2ターン,中確率,-,
カモノハシ,けものミラクル,びりびり,付与するフレンズ,-,相手単体,-,2ターン,中確率,-,必要MP80
カマイタチ・切,けものミラクル,びりびり,付与するフレンズ,-,相手単体,-,2ターン,中確率,-,必要MP120
ディアトリマ,とくいわざ,びりびり,付与するフレンズ,-,相手単体,-,2ターン,中確率,-,
リュウキュウイノシシ,とくいわざ,びりびり,付与するフレンズ,-,相手単体,フレンドリー属性の相手,2ターン,中確率,-,
ちびくまモン,とくいわざ,びりびり,付与するフレンズ,-,相手単体,-,1ターン,中確率,-,
エメラルドツリーボア,けものミラクル,びりびり,付与するフレンズ,-,相手単体,マイペース属性の相手,2ターン,高確率,-,
ガチャピン,とくいわざ,びりびり,付与するフレンズ,-,相手単体,リラックス属性の相手,1ターン,中確率,-,
ダンザブロウダヌキ,けものミラクル,びりびり,付与するフレンズ,-,相手単体,-,1ターン,中確率,-,
ライジュウ,けものミラクル,びりびり,付与するフレンズ,-,相手単体,-,3ターン,高確率,-,
ライジュウ,とくいわざ,びりびり,付与するフレンズ,-,相手単体,-,1ターン,中確率,-,
マルタタイガー,けものミラクル,びりびり,付与するフレンズ,-,相手単体,ファニー属性の相手,3ターン,高確率,-,
シヴァテリウム,けものミラクル,びりびり,付与するフレンズ,-,相手全体,-,3ターン,高確率,-,
【大きな瞳の美人顔】サーバル,とくせい,びりびり,耐性を得るフレンズ,高,味方全体,フレンドリー属性の味方,-,-,-,
ライジュウ,キセキとくせい,びりびり,耐性を得るフレンズ,高,自身を除く~~味方全体,フレンドリー属性の味方,-,-,-,
エゾヒグマ,なないろとくせい,びりびり,耐性を得るフレンズ,高,味方全体,フレンドリー属性の味方,-,-,-,
バンテン,とくせい,びりびり,耐性を得るフレンズ,高,味方全体,フレンドリー属性の味方,-,-,-,
バンテン,キセキとくせい,びりびり,耐性を得るフレンズ,低,味方全体,フレンドリー属性の味方~~たいりょく50%以上,-,-,-,
ライリュウ,キセキとくせい,びりびり,耐性を得るフレンズ,高,自身を除く~~味方全体,ファニー属性の味方,-,-,-,
セキショクヤケイ,キセキとくせい,びりびり,耐性を得るフレンズ,高,味方全体,ファニー属性の味方,-,-,-,
ウンピョウ,キセキとくせい,びりびり,耐性を得るフレンズ,高,味方全体,ファニー属性の味方,-,-,-,
タスマニアデビル(青),キセキとくせい,びりびり,耐性を得るフレンズ,高,味方全体,リラックス属性の味方,-,-,-,
スプリングボック,とくせい,びりびり,耐性を得るフレンズ,高,味方全体,リラックス属性の味方,-,-,-,
ジャングルキャット,とくせい,びりびり,耐性を得るフレンズ,高,味方全体,リラックス属性の味方,-,-,-,
タチコマ type-S,とくせい,びりびり,耐性を得るフレンズ,高,味方全体,-,-,-,-,
フクロオオカミ,けものミラクル,びりびり,耐性を得るフレンズ,中,味方全体,リラックス属性の味方,2ターン,-,-,必要MP110
白龍,とくせい,びりびり,耐性を得るフレンズ,高,味方全体,アクティブ、フレンドリー属性の味方,-,-,-,
カナダオオヤマネコ,キセキとくせい,びりびり,耐性を得るフレンズ,高,味方全体,アクティブ属性の味方,-,-,-,
ブラッザグエノン,キセキとくせい,びりびり,耐性を得るフレンズ,高,味方全体,アクティブ属性の味方,-,-,-,
イエウサギ,とくせい,びりびり,耐性を得るフレンズ,高,味方全体,ラブリー属性の味方,-,-,-,
ボブキャット,とくせい,びりびり,耐性を得るフレンズ,高,味方全体,ラブリー属性の味方,-,-,-,
テングコウモリ,とくせい,びりびり,耐性を得るフレンズ,高,味方全体,ラブリー属性の味方,-,-,-,
N・ハイランドワイルドドッグ,とくせい,びりびり,耐性を得るフレンズ,高,味方全体,マイペース属性の味方,-,-,-,
マメジカ,とくせい,びりびり,耐性を得るフレンズ,高,味方全体,マイペース属性の味方,-,-,-,
でびるさま,キセキとくせい,びりびり,耐性を得るフレンズ,高,味方全体,-,-,-,-,
麒麟,けものミラクル,びりびり,耐性を得るフレンズ,小,味方全体,マイペース属性の味方,3ターン,-,-,
フクロミツスイ,とくせい,びりびり,耐性を得るフレンズ,低,自身,ステージの時間が夜,-,-,-,
山本五郎左衛門,キセキとくせい,びりびり,耐性を得るフレンズ,高,自身,-,-,-,-,
黒龍,とくせい,びりびり,耐性を得るフレンズ,完全耐性,自身,-,-,-,-,
白龍,とくせい,びりびり,耐性を得るフレンズ,完全耐性,自身,-,-,-,-,
ライリュウ,キセキとくせい,びりびり,耐性を得るフレンズ,完全耐性,自身,-,-,-,-,
カルガモ,なないろとくせい,びりびり,耐性を得るフレンズ,中,自身,たいりょく50%以上,-,-,-,
赤龍,とくせい,びりびり,耐性を得るフレンズ,完全耐性,自身,-,-,-,-,
バンドウイルカ(水),キセキとくせい,びりびり,耐性を得るフレンズ,高,自身,地形がみずべ,-,-,-,
真・青龍,とくせい,びりびり,耐性を得るフレンズ,完全耐性,自身,-,-,-,-,
ピーチパンサー(黄緑),キセキとくせい,びりびり,耐性を得るフレンズ,完全耐性,自身,-,-,-,-,
ギロロ,キセキとくせい,びりびり,耐性を得るフレンズ,高,自身,ギブアップ中ではない~~味方が1人,-,-,-,
ブラックサーバル,とくせい,びりびり,耐性を得るフレンズ,高,自身,セルリアン戦,-,-,-,
アラビアオリックス,なないろとくせい,びりびり,耐性を得るフレンズ,高,自身,-,-,-,-,
アリサ=サザンクロス,キセキとくせい,びりびり,耐性を得るフレンズ,完全耐性,自身,-,-,-,-,
サバンナシマウマ(黄緑),とくせい,びりびり,耐性を得るフレンズ,中,自身,-,-,-,-,
麒麟,キセキとくせい,びりびり,耐性を得るフレンズ,完全耐性,自身,-,-,-,-,
ガチャピン,キセキとくせい,びりびり,耐性を得るフレンズ,高,自身,-,-,-,-,
キジ,たいきスキル,びりびり,耐性を得るフレンズ,高,自身,-,2ターン,1,∞,
ラーテル,とくせい,びりびり,耐性を得るフレンズ,高,自身,-,-,-,-,
ライジュウ,とくせい,びりびり,耐性を得るフレンズ,完全耐性,自身,-,-,-,-,
セイリュウ,キセキとくせい,びりびり,耐性を得るフレンズ,完全耐性,自身,-,-,-,-,
ウミネコ,キセキとくせい,びりびり,耐性を得るフレンズ,中,自身,地形がみずべ,-,-,-,
ドール(黄緑),とくせい,びりびり,耐性を得るフレンズ,完全耐性,自身,たいりょく50%以下,-,-,-,
オーロックス,とくせい,びりびり,耐性を得るフレンズ,完全耐性,自身,-,-,-,-,
フェネック(桃),キセキとくせい,びりびり,耐性を得るフレンズ,完全耐性,自身,地形がさばく,-,-,-,
G・ロードランナー,たいきスキル,びりびり,耐性を得るフレンズ,中,自身,-,3ターン,0.8,2回,
ピーチパンサー,とくせい,びりびり,耐性を得るフレンズ,完全耐性,自身,-,-,-,-,
カワラバト,たいきスキル,びりびり,解除するフレンズ,-,自身,-,-,1,1回,
イヌワシ,たいきスキル,びりびり,解除するフレンズ,-,自身,-,-,1,2回,
黒龍,けものミラクル,びりびり,解除するフレンズ,-,味方全体,-,-,-,-,必要MP200
ライリュウ,たいきスキル,びりびり,解除するフレンズ,-,自身,-,-,1,1回,
カモノハシ,たいきスキル,びりびり,解除するフレンズ,-,自身,-,-,1,3回,
ホワイトライオン(青),たいきスキル,びりびり,解除するフレンズ,-,自身,-,-,1,2回,
赤龍,けものミラクル,びりびり,解除するフレンズ,-,味方全体,ラブリー、ファニー属性の味方,-,-,-,
バンドウイルカ(水),たいきスキル,びりびり,解除するフレンズ,-,自身,-,-,1,1回,
マメジカ,けものミラクル,びりびり,解除するフレンズ,-,味方全体,自身を除くマイペース、~~リラックス属性の味方,-,-,-,必要MP120
フクロオオカミ,けものミラクル,びりびり,解除するフレンズ,-,味方全体,リラックス属性の味方,-,-,-,必要MP110
オセロット,けものミラクル,びりびり,解除するフレンズ,-,自身,-,-,-,-,必要MP80
エトピリカ,たいきスキル,びりびり,解除するフレンズ,-,自身,-,-,1,1回,
ブラックバック(赤),とくいわざ,びりびり,解除するフレンズ,-,自身,-,-,低確率,-,
麒麟,けものミラクル,びりびり,解除するフレンズ,-,味方全体,フレンドリー属性の味方,-,-,-,必要MP160
アオツラカツオドリ,けものミラクル,びりびり,解除するフレンズ,-,味方全体,ラブリー属性の味方,-,-,-,必要MP90
タスマニアデビル(青),けものミラクル,びりびり,解除するフレンズ,-,味方全体,リラックス属性の味方,-,-,-,必要MP100
ゴシンギュウサマ,たいきスキル,びりびり,解除するフレンズ,-,自身,-,-,1,3回,
ビャッコ,たいきスキル,びりびり,解除するフレンズ,-,自身,-,-,1,1回,
ユニコ,けものミラクル,びりびり,解除するフレンズ,-,味方全体,アクティブ属性の味方,-,-,-,必要MP100
アフリカゾウ,なないろとくせい,びりびり,解除するフレンズ,-,自身,たいりょくが20%~~以下になったとき,-,-,1回,
アフリカゾウ,たいきスキル,びりびり,解除するフレンズ,-,自身,-,-,0.5,∞,
【ジっとできない湿地のハンター】ハシビロコウ,キセキとくせい,びりびり,耐性を減少させるフレンズ,低,相手全体,-,-,-,-,
ヌエ,キセキとくせい,びりびり,耐性を減少させるフレンズ,低,相手全体,アクティブ属性の相手,-,-,-,
イエウサギ,とくせい,びりびり,耐性を減少させるフレンズ,低,相手全体,アクティブ属性の相手,-,-,-,
真・青龍,けものミラクル,びりびり,耐性を減少させるフレンズ,中,相手単体,-,2ターン,高確率,-,必要MP90
まよなかぴかぴか,とくせい(変化前),びりびり,耐性を与えるフォト,小,自身,-,-,-,-,
まよなかぴかぴか,とくせい(変化後),びりびり,耐性を与えるフォト,中,自身,-,-,-,-,
フルーツみーつけた！,とくせい(変化前),びりびり,耐性を与えるフォト,低,自身,-,-,-,-,
フルーツみーつけた！,とくせい(変化後),びりびり,耐性を与えるフォト,中,自身,-,-,-,-,
カフェのひととき,とくせい(変化前),びりびり,耐性を与えるフォト,中,自身,たいりょく40%以上,-,-,-,
カフェのひととき,とくせい(変化後),びりびり,耐性を与えるフォト,中,自身,-,-,-,-,
ときめきオシャレモード,とくせい(変化前),びりびり,耐性を与えるフォト,中,自身,たいりょく40%以上,-,-,-,
ときめきオシャレモード,とくせい(変化後),びりびり,耐性を与えるフォト,中,自身,-,-,-,-,
エダハヘラオヤモリ,けものミラクル,ちぐはぐリズム,付与するフレンズ,-,相手単体,アクティブ属性の相手,3ターン,高確率,-,必要MP90
カラカル(桃),とくいわざ,ちぐはぐリズム,付与するフレンズ,-,相手単体,アクティブ属性の相手,1ターン,高確率,-,
ボブキャット,とくいわざ,ちぐはぐリズム,付与するフレンズ,-,相手単体,-,2ターン,中確率,-,
ディアトリマ,とくいわざ,ちぐはぐリズム,付与するフレンズ,-,相手単体,-,2ターン,中確率,-,
フクロネコ,とくいわざ,ちぐはぐリズム,付与するフレンズ,-,相手単体,リラックス属性の相手,1ターン,高確率,-,
タスマニアタイガー,とくせい,ちぐはぐリズム,耐性を得るフレンズ,高,味方全体,フレンドリー属性の味方,-,-,-,
マカミ,キセキとくせい,ちぐはぐリズム,耐性を得るフレンズ,高,味方全体,フレンドリー属性の味方,-,-,-,
ダイトウオオコウモリ,とくせい,ちぐはぐリズム,耐性を得るフレンズ,高,味方全体,ファニー属性の味方,-,-,-,
スザク,キセキとくせい,ちぐはぐリズム,耐性を得るフレンズ,高,味方全体,-,-,-,-,
フクロオオカミ,とくせい,ちぐはぐリズム,耐性を得るフレンズ,高,味方全体,リラックス属性の味方,-,-,-,
フクロオオカミ,けものミラクル,ちぐはぐリズム,耐性を得るフレンズ,中,味方全体,リラックス属性の味方,2ターン,-,-,必要MP110
ケルベロス,とくせい,ちぐはぐリズム,耐性を得るフレンズ,高,味方全体,リラックス属性の味方,-,-,-,
ピーチパンサー(黄緑),キセキとくせい,ちぐはぐリズム,耐性を得るフレンズ,高,味方全体,アクティブ属性の味方,-,-,-,
コヨーテ,とくせい,ちぐはぐリズム,耐性を得るフレンズ,高,味方全体,アクティブ属性の味方,-,-,-,
アイベックス,とくせい,ちぐはぐリズム,耐性を得るフレンズ,高,味方全体,ラブリー属性の味方,-,-,-,
ノドグロミツオシエ,キセキとくせい,ちぐはぐリズム,耐性を得るフレンズ,高,味方全体,ラブリー属性の味方,-,-,-,
オオサイチョウ,キセキとくせい,ちぐはぐリズム,耐性を得るフレンズ,高,味方全体,マイペース属性の味方,-,-,-,
マントヒヒ,とくせい,ちぐはぐリズム,耐性を得るフレンズ,小,味方全体,マイペース属性の味方,-,-,-,
麒麟,けものミラクル,ちぐはぐリズム,耐性を得るフレンズ,小,味方全体,マイペース属性の味方,3ターン,-,-,
フクロミツスイ,とくせい,ちぐはぐリズム,耐性を得るフレンズ,低,自身,ステージの時間が夜,-,-,-,
山本五郎左衛門,キセキとくせい,ちぐはぐリズム,耐性を得るフレンズ,高,自身,-,-,-,-,
黒龍,とくせい,ちぐはぐリズム,耐性を得るフレンズ,完全耐性,自身,-,-,-,-,
白龍,とくせい,ちぐはぐリズム,耐性を得るフレンズ,完全耐性,自身,-,-,-,-,
カルガモ,なないろとくせい,ちぐはぐリズム,耐性を得るフレンズ,中,自身,たいりょく50%以上,-,-,-,
赤龍,とくせい,ちぐはぐリズム,耐性を得るフレンズ,完全耐性,自身,-,-,-,-,
バンドウイルカ(水),キセキとくせい,ちぐはぐリズム,耐性を得るフレンズ,高,自身,地形がみずべ,-,-,-,
真・青龍,とくせい,ちぐはぐリズム,耐性を得るフレンズ,完全耐性,自身,-,-,-,-,
ピーチパンサー(黄緑),キセキとくせい,ちぐはぐリズム,耐性を得るフレンズ,完全耐性,自身,-,-,-,-,
ギロロ,キセキとくせい,ちぐはぐリズム,耐性を得るフレンズ,高,自身,ギブアップ中ではない~~味方が1人,-,-,-,
セキショクヤケイ,とくせい,ちぐはぐリズム,耐性を得るフレンズ,高,自身,-,-,-,-,
アリサ=サザンクロス,キセキとくせい,ちぐはぐリズム,耐性を得るフレンズ,完全耐性,自身,-,-,-,-,
カマイタチ・転,とくせい,ちぐはぐリズム,耐性を得るフレンズ,高,自身,ギブアップ中ではない味方が3人,-,-,-,
サバンナシマウマ(黄緑),とくせい,ちぐはぐリズム,耐性を得るフレンズ,中,自身,-,-,-,-,
ルリコンゴウインコ,とくせい,ちぐはぐリズム,耐性を得るフレンズ,高,自身,-,-,-,-,
麒麟,キセキとくせい,ちぐはぐリズム,耐性を得るフレンズ,完全耐性,自身,-,-,-,-,
ラーテル,とくせい,ちぐはぐリズム,耐性を得るフレンズ,高,自身,-,-,-,-,
フクロネコ,とくせい,ちぐはぐリズム,耐性を得るフレンズ,高,自身,-,-,-,-,
ダイアウルフ,とくせい,ちぐはぐリズム,耐性を得るフレンズ,高,自身,-,-,-,-,
セイリュウ,キセキとくせい,ちぐはぐリズム,耐性を得るフレンズ,完全耐性,自身,-,-,-,-,
ウミネコ,キセキとくせい,ちぐはぐリズム,耐性を得るフレンズ,中,自身,地形がみずべ,-,-,-,
ドール(黄緑),とくせい,ちぐはぐリズム,耐性を得るフレンズ,完全耐性,自身,たいりょく50%以下,-,-,-,
オーロックス,とくせい,ちぐはぐリズム,耐性を得るフレンズ,完全耐性,自身,-,-,-,-,
フェネック(桃),キセキとくせい,ちぐはぐリズム,耐性を得るフレンズ,完全耐性,自身,地形がさばく,-,-,-,
G・ロードランナー,たいきスキル,ちぐはぐリズム,耐性を得るフレンズ,中,自身,-,3ターン,0.8,2回,
ピーチパンサー,とくせい,ちぐはぐリズム,耐性を得るフレンズ,完全耐性,自身,-,-,-,-,
カワラバト,たいきスキル,ちぐはぐリズム,解除するフレンズ,-,自身,-,-,1,1回,
イヌワシ,たいきスキル,ちぐはぐリズム,解除するフレンズ,-,自身,-,-,1,2回,
黒龍,けものミラクル,ちぐはぐリズム,解除するフレンズ,-,味方全体,-,-,-,-,必要MP200
ライリュウ,たいきスキル,ちぐはぐリズム,解除するフレンズ,-,自身,-,-,1,1回,
カモノハシ,たいきスキル,ちぐはぐリズム,解除するフレンズ,-,自身,-,-,1,3回,
ホワイトライオン(青),たいきスキル,ちぐはぐリズム,解除するフレンズ,-,自身,-,-,1,2回,
赤龍,けものミラクル,ちぐはぐリズム,解除するフレンズ,-,味方全体,ラブリー、ファニー属性の味方,-,-,-,
バンドウイルカ(水),たいきスキル,ちぐはぐリズム,解除するフレンズ,-,自身,-,-,1,1回,
マメジカ,けものミラクル,ちぐはぐリズム,解除するフレンズ,-,味方全体,自身を除くマイペース、~~リラックス属性の味方,-,-,-,必要MP120
フクロオオカミ,けものミラクル,ちぐはぐリズム,解除するフレンズ,-,味方全体,リラックス属性の味方,-,-,-,必要MP110
オセロット,けものミラクル,ちぐはぐリズム,解除するフレンズ,-,自身,-,-,-,-,必要MP80
エトピリカ,たいきスキル,ちぐはぐリズム,解除するフレンズ,-,自身,-,-,1,1回,
ブラックバック(赤),とくいわざ,ちぐはぐリズム,解除するフレンズ,-,自身,-,-,低確率,-,
麒麟,けものミラクル,ちぐはぐリズム,解除するフレンズ,-,味方全体,フレンドリー属性の味方,-,-,-,必要MP160
アオツラカツオドリ,けものミラクル,ちぐはぐリズム,解除するフレンズ,-,味方全体,ラブリー属性の味方,-,-,-,必要MP90
タスマニアデビル(青),けものミラクル,ちぐはぐリズム,解除するフレンズ,-,味方全体,リラックス属性の味方,-,-,-,必要MP100
マントヒヒ,たいきスキル,ちぐはぐリズム,解除するフレンズ,-,味方全体,マイペース属性の味方,-,1,2回,
ゴシンギュウサマ,たいきスキル,ちぐはぐリズム,解除するフレンズ,-,自身,-,-,1,3回,
ビャッコ,たいきスキル,ちぐはぐリズム,解除するフレンズ,-,自身,-,-,1,1回,
ユニコ,けものミラクル,ちぐはぐリズム,解除するフレンズ,-,味方全体,アクティブ属性の味方,-,-,-,必要MP100
アフリカゾウ,なないろとくせい,ちぐはぐリズム,解除するフレンズ,-,自身,たいりょくが20%~~以下になったとき,-,-,1回,
アフリカゾウ,たいきスキル,ちぐはぐリズム,解除するフレンズ,-,自身,-,-,0.5,∞,
【ジっとできない湿地のハンター】ハシビロコウ,キセキとくせい,ちぐはぐリズム,耐性を減少させるフレンズ,低,相手全体,-,-,-,-,
ヌエ,キセキとくせい,ちぐはぐリズム,耐性を減少させるフレンズ,低,相手全体,アクティブ属性の相手,-,-,-,
真・青龍,けものミラクル,ちぐはぐリズム,耐性を減少させるフレンズ,中,相手単体,-,2ターン,高確率,-,必要MP90
まよなかぴかぴか,とくせい(変化前),ちぐはぐリズム,耐性を与えるフォト,小,自身,-,-,-,-,
まよなかぴかぴか,とくせい(変化後),ちぐはぐリズム,耐性を与えるフォト,中,自身,-,-,-,-,
まばたき禁止やで！,とくせい(変化前・後),ちぐはぐリズム,耐性を与えるフォト,中,自身,-,-,-,-,
ディアトリマ,けものミラクル,ロストフラッグ,付与するフレンズ,-,相手単体,-,2ターン,中確率,-,必要MP120
タチコマ type-H,けものミラクル,ロストフラッグ,付与するフレンズ,-,相手単体,-,2ターン,高確率,-,
ヒゲペンギン,たいきスキル,ロストフラッグ,耐性を得るフレンズ,高,味方全体,-,2ターン,0.8,∞,
グリズリー,とくせい,ロストフラッグ,耐性を得るフレンズ,高,味方全体,ファニー属性の味方,-,-,-,
カコミスル,とくせい,ロストフラッグ,耐性を得るフレンズ,高,味方全体,ファニー属性の味方,-,-,-,
オランウータン,とくせい,ロストフラッグ,耐性を得るフレンズ,高,味方全体,リラックス属性の味方,-,-,-,
イイズナ,とくせい,ロストフラッグ,耐性を得るフレンズ,高,味方全体,リラックス属性の味方,-,-,-,
フクロオオカミ,けものミラクル,ロストフラッグ,耐性を得るフレンズ,中,味方全体,リラックス属性の味方,2ターン,-,-,必要MP110
ボルネオゾウ,とくせい,ロストフラッグ,耐性を得るフレンズ,高,味方全体,アクティブ属性の味方,-,-,-,
アリゾナジャガー,とくせい,ロストフラッグ,耐性を得るフレンズ,高,味方全体,アクティブ属性の味方,-,-,-,
クズリ,とくせい,ロストフラッグ,耐性を得るフレンズ,高,味方全体,アクティブ属性の味方,-,-,-,
シマハイイロギツネ,とくせい,ロストフラッグ,耐性を得るフレンズ,高,味方全体,ラブリー属性の味方,-,-,-,
ホワイトカリブー,とくせい,ロストフラッグ,耐性を得るフレンズ,高,味方全体,ラブリー属性の味方,-,-,-,
スカイフィッシュ(水),キセキとくせい,ロストフラッグ,耐性を得るフレンズ,高,味方全体,マイペース属性の味方,-,-,-,
トド,とくせい,ロストフラッグ,耐性を得るフレンズ,高,味方全体,マイペース属性の味方,-,-,-,
麒麟,けものミラクル,ロストフラッグ,耐性を得るフレンズ,小,味方全体,マイペース属性の味方,3ターン,-,-,
フクロミツスイ,とくせい,ロストフラッグ,耐性を得るフレンズ,低,自身,ステージの時間が夜,-,-,-,
山本五郎左衛門,キセキとくせい,ロストフラッグ,耐性を得るフレンズ,高,自身,-,-,-,-,
黒龍,とくせい,ロストフラッグ,耐性を得るフレンズ,完全耐性,自身,-,-,-,-,
白龍,とくせい,ロストフラッグ,耐性を得るフレンズ,完全耐性,自身,-,-,-,-,
カルガモ,なないろとくせい,ロストフラッグ,耐性を得るフレンズ,中,自身,たいりょく50%以上,-,-,-,
赤龍,とくせい,ロストフラッグ,耐性を得るフレンズ,完全耐性,自身,-,-,-,-,
バンドウイルカ(水),キセキとくせい,ロストフラッグ,耐性を得るフレンズ,高,自身,地形がみずべ,-,-,-,
真・青龍,とくせい,ロストフラッグ,耐性を得るフレンズ,完全耐性,自身,-,-,-,-,
ピーチパンサー(黄緑),キセキとくせい,ロストフラッグ,耐性を得るフレンズ,完全耐性,自身,-,-,-,-,
ギロロ,キセキとくせい,ロストフラッグ,耐性を得るフレンズ,高,自身,ギブアップ中ではない~~味方が1人,-,-,-,
アリサ=サザンクロス,キセキとくせい,ロストフラッグ,耐性を得るフレンズ,完全耐性,自身,-,-,-,-,
サバンナシマウマ(黄緑),とくせい,ロストフラッグ,耐性を得るフレンズ,中,自身,-,-,-,-,
麒麟,キセキとくせい,ロストフラッグ,耐性を得るフレンズ,完全耐性,自身,-,-,-,-,
セイリュウ,キセキとくせい,ロストフラッグ,耐性を得るフレンズ,完全耐性,自身,-,-,-,-,
ウミネコ,キセキとくせい,ロストフラッグ,耐性を得るフレンズ,中,自身,地形がみずべ,-,-,-,
ドール(黄緑),とくせい,ロストフラッグ,耐性を得るフレンズ,完全耐性,自身,たいりょく50%以下,-,-,-,
オーロックス,とくせい,ロストフラッグ,耐性を得るフレンズ,完全耐性,自身,-,-,-,-,
フェネック(桃),キセキとくせい,ロストフラッグ,耐性を得るフレンズ,完全耐性,自身,地形がさばく,-,-,-,
G・ロードランナー,たいきスキル,ロストフラッグ,耐性を得るフレンズ,中,自身,-,3ターン,0.8,2回,
ピーチパンサー,とくせい,ロストフラッグ,耐性を得るフレンズ,完全耐性,自身,-,-,-,-,
カワラバト,たいきスキル,ロストフラッグ,解除するフレンズ,-,自身,-,-,1,1回,
イヌワシ,たいきスキル,ロストフラッグ,解除するフレンズ,-,自身,-,-,1,2回,
黒龍,けものミラクル,ロストフラッグ,解除するフレンズ,-,味方全体,-,-,-,-,必要MP200
ライリュウ,たいきスキル,ロストフラッグ,解除するフレンズ,-,自身,-,-,1,1回,
カモノハシ,たいきスキル,ロストフラッグ,解除するフレンズ,-,自身,-,-,1,3回,
ホワイトライオン(青),たいきスキル,ロストフラッグ,解除するフレンズ,-,自身,-,-,1,2回,
赤龍,けものミラクル,ロストフラッグ,解除するフレンズ,-,味方全体,ラブリー、ファニー属性の味方,-,-,-,
バンドウイルカ(水),たいきスキル,ロストフラッグ,解除するフレンズ,-,自身,-,-,1,1回,
マメジカ,けものミラクル,ロストフラッグ,解除するフレンズ,-,味方全体,自身を除くマイペース、~~リラックス属性の味方,-,-,-,必要MP120
フクロオオカミ,けものミラクル,ロストフラッグ,解除するフレンズ,-,味方全体,リラックス属性の味方,-,-,-,必要MP110
オセロット,けものミラクル,ロストフラッグ,解除するフレンズ,-,自身,-,-,-,-,必要MP80
エトピリカ,たいきスキル,ロストフラッグ,解除するフレンズ,-,自身,-,-,1,1回,
ブラックバック(赤),とくいわざ,ロストフラッグ,解除するフレンズ,-,自身,-,-,低確率,-,
麒麟,けものミラクル,ロストフラッグ,解除するフレンズ,-,味方全体,フレンドリー属性の味方,-,-,-,必要MP160
アオツラカツオドリ,けものミラクル,ロストフラッグ,解除するフレンズ,-,味方全体,ラブリー属性の味方,-,-,-,必要MP90
タスマニアデビル(青),けものミラクル,ロストフラッグ,解除するフレンズ,-,味方全体,リラックス属性の味方,-,-,-,必要MP100
ゴシンギュウサマ,たいきスキル,ロストフラッグ,解除するフレンズ,-,自身,-,-,1,3回,
ビャッコ,たいきスキル,ロストフラッグ,解除するフレンズ,-,自身,-,-,1,1回,
ユニコ,けものミラクル,ロストフラッグ,解除するフレンズ,-,味方全体,アクティブ属性の味方,-,-,-,必要MP100
アフリカゾウ,なないろとくせい,ロストフラッグ,解除するフレンズ,-,自身,たいりょくが20%~~以下になったとき,-,-,1回,
アフリカゾウ,たいきスキル,ロストフラッグ,解除するフレンズ,-,自身,-,-,0.5,∞,
【ジっとできない湿地のハンター】ハシビロコウ,キセキとくせい,ロストフラッグ,耐性を減少させるフレンズ,低,相手全体,-,-,-,-,
ヌエ,キセキとくせい,ロストフラッグ,耐性を減少させるフレンズ,低,相手全体,アクティブ属性の相手,-,-,-,
真・青龍,けものミラクル,ロストフラッグ,耐性を減少させるフレンズ,中,相手単体,-,2ターン,高確率,-,必要MP90
まよなかぴかぴか,とくせい(変化前),ロストフラッグ,耐性を与えるフォト,小,自身,-,-,-,-,
まよなかぴかぴか,とくせい(変化後),ロストフラッグ,耐性を与えるフォト,中,自身,-,-,-,-,
ひかりあつめ,とくせい(変化前),ロストフラッグ,耐性を与えるフォト,中,自身,-,-,-,-,
ひかりあつめ,とくせい(変化後),ロストフラッグ,耐性を与えるフォト,高,自身,-,-,-,-,
ギロロ,とくいわざ,ばてばてヒリヒリ,付与するフレンズ,-,相手全体,-,2ターン,中確率,-,
カマイタチ・治,とくいわざ,ばてばてヒリヒリ,付与するフレンズ,-,相手単体,-,2ターン,中確率,-,
麒麟,とくいわざ,ばてばてヒリヒリ,付与するフレンズ,-,相手単体,-,1ターン,低確率,-,
キュウビキツネ,とくいわざ,ばてばてヒリヒリ,付与するフレンズ,-,相手単体,-,2ターン,低確率,-,
スザク,けものミラクル,ばてばてヒリヒリ,付与するフレンズ,-,相手全体,-,2ターン,高確率,-,
スザク,とくいわざ,ばてばてヒリヒリ,付与するフレンズ,-,相手単体,-,1ターン,中確率,-,
ハゲワシ,とくせい,ばてばてヒリヒリ,耐性を得るフレンズ,高,味方全体,フレンドリー属性の味方,-,-,-,
ガチャピン,とくせい,ばてばてヒリヒリ,耐性を得るフレンズ,高,味方全体,フレンドリー属性の味方,-,-,-,
ヒクイドリ,とくせい,ばてばてヒリヒリ,耐性を得るフレンズ,高,味方全体,フレンドリー属性の味方,-,-,-,
イヌワシ,とくせい,ばてばてヒリヒリ,耐性を得るフレンズ,高,味方全体,ファニー属性の味方,-,-,-,
カモノハシ,とくせい,ばてばてヒリヒリ,耐性を得るフレンズ,高,味方全体,ファニー属性の味方,-,-,-,
カワウ,とくせい,ばてばてヒリヒリ,耐性を得るフレンズ,高,味方全体,ファニー属性の味方,-,-,-,
ツノサイチョウ,キセキとくせい,ばてばてヒリヒリ,耐性を得るフレンズ,高,味方全体,ファニー属性の味方,-,-,-,
アカギツネ(青),とくせい,ばてばてヒリヒリ,耐性を得るフレンズ,高,味方全体,リラックス属性の味方,-,-,-,
ホワイトライオン(青),とくせい,ばてばてヒリヒリ,耐性を得るフレンズ,高,味方全体,リラックス、ラブリー属性の味方,-,-,-,
オオカワウソ,とくせい,ばてばてヒリヒリ,耐性を得るフレンズ,高,味方全体,リラックス属性の味方,-,-,-,
フクロオオカミ,けものミラクル,ばてばてヒリヒリ,耐性を得るフレンズ,中,味方全体,リラックス属性の味方,2ターン,-,-,必要MP110
オグロスナギツネ,キセキとくせい,ばてばてヒリヒリ,耐性を得るフレンズ,高,味方全体,アクティブ属性の味方,-,-,-,
インドサイ,とくせい,ばてばてヒリヒリ,耐性を得るフレンズ,高,味方全体,アクティブ属性の味方,-,-,-,
ウミネコ,とくせい,ばてばてヒリヒリ,耐性を得るフレンズ,高,味方全体,ラブリー属性の味方,-,-,-,
赤龍,とくせい,ばてばてヒリヒリ,耐性を得るフレンズ,高,味方全体,ラブリー属性の味方,-,-,-,
ステラーカイギュウ,とくせい,ばてばてヒリヒリ,耐性を得るフレンズ,高,味方全体,ラブリー属性の味方,-,-,-,
イエネコ,なないろとくせい,ばてばてヒリヒリ,耐性を得るフレンズ,高,味方全体,ラブリー属性の味方,-,-,-,
ひぐまモン,たいきスキル,ばてばてヒリヒリ,耐性を得るフレンズ,高,味方全体,マイペース属性の味方,2ターン,1,1回,
セイウチ,キセキとくせい,ばてばてヒリヒリ,耐性を得るフレンズ,高,味方全体,マイペース属性の味方,-,-,-,
ウミウ,たいきスキル,ばてばてヒリヒリ,耐性を得るフレンズ,中,味方全体,マイペース属性の味方,1ターン,0.7,∞,
麒麟,けものミラクル,ばてばてヒリヒリ,耐性を得るフレンズ,小,味方全体,マイペース属性の味方,3ターン,-,-,
フクロミツスイ,とくせい,ばてばてヒリヒリ,耐性を得るフレンズ,低,自身,ステージの時間が夜,-,-,-,
山本五郎左衛門,キセキとくせい,ばてばてヒリヒリ,耐性を得るフレンズ,高,自身,-,-,-,-,
黒龍,とくせい,ばてばてヒリヒリ,耐性を得るフレンズ,完全耐性,自身,-,-,-,-,
白龍,とくせい,ばてばてヒリヒリ,耐性を得るフレンズ,完全耐性,自身,-,-,-,-,
カルガモ,なないろとくせい,ばてばてヒリヒリ,耐性を得るフレンズ,中,自身,たいりょく50%以上,-,-,-,
赤龍,とくせい,ばてばてヒリヒリ,耐性を得るフレンズ,完全耐性,自身,-,-,-,-,
バンドウイルカ(水),キセキとくせい,ばてばてヒリヒリ,耐性を得るフレンズ,高,自身,地形がみずべ,-,-,-,
サバンナセンザンコウ,とくせい,ばてばてヒリヒリ,耐性を得るフレンズ,中,自身,たいりょく50%以上,-,-,-,
真・青龍,とくせい,ばてばてヒリヒリ,耐性を得るフレンズ,完全耐性,自身,-,-,-,-,
ピーチパンサー(黄緑),キセキとくせい,ばてばてヒリヒリ,耐性を得るフレンズ,完全耐性,自身,-,-,-,-,
ギロロ,キセキとくせい,ばてばてヒリヒリ,耐性を得るフレンズ,高,自身,ギブアップ中ではない~~味方が1人,-,-,-,
アリサ=サザンクロス,キセキとくせい,ばてばてヒリヒリ,耐性を得るフレンズ,完全耐性,自身,-,-,-,-,
サバンナシマウマ(黄緑),とくせい,ばてばてヒリヒリ,耐性を得るフレンズ,中,自身,-,-,-,-,
麒麟,キセキとくせい,ばてばてヒリヒリ,耐性を得るフレンズ,完全耐性,自身,-,-,-,-,
マサイキリン,キセキとくせい,ばてばてヒリヒリ,耐性を得るフレンズ,高,自身,-,-,-,-,
マカミ,とくせい,ばてばてヒリヒリ,耐性を得るフレンズ,高,自身,-,-,-,-,
セイリュウ,キセキとくせい,ばてばてヒリヒリ,耐性を得るフレンズ,完全耐性,自身,-,-,-,-,
トド,とくせい,ばてばてヒリヒリ,耐性を得るフレンズ,中,自身,-,-,-,-,
ウミネコ,キセキとくせい,ばてばてヒリヒリ,耐性を得るフレンズ,中,自身,地形がみずべ,-,-,-,
スザク,とくせい,ばてばてヒリヒリ,耐性を得るフレンズ,完全耐性,自身,-,-,-,-,
ドール(黄緑),とくせい,ばてばてヒリヒリ,耐性を得るフレンズ,完全耐性,自身,たいりょく50%以下,-,-,-,
オーロックス,とくせい,ばてばてヒリヒリ,耐性を得るフレンズ,完全耐性,自身,-,-,-,-,
フェネック(桃),キセキとくせい,ばてばてヒリヒリ,耐性を得るフレンズ,完全耐性,自身,地形がさばく,-,-,-,
G・ロードランナー,たいきスキル,ばてばてヒリヒリ,耐性を得るフレンズ,中,自身,-,3ターン,0.8,2回,
ピーチパンサー,とくせい,ばてばてヒリヒリ,耐性を得るフレンズ,完全耐性,自身,-,-,-,-,
カワラバト,たいきスキル,ばてばてヒリヒリ,解除するフレンズ,-,自身,-,-,1,1回,
イヌワシ,たいきスキル,ばてばてヒリヒリ,解除するフレンズ,-,自身,-,-,1,2回,
黒龍,けものミラクル,ばてばてヒリヒリ,解除するフレンズ,-,味方全体,-,-,-,-,必要MP200
ライリュウ,たいきスキル,ばてばてヒリヒリ,解除するフレンズ,-,自身,-,-,1,1回,
カモノハシ,たいきスキル,ばてばてヒリヒリ,解除するフレンズ,-,自身,-,-,1,3回,
ホワイトライオン(青),たいきスキル,ばてばてヒリヒリ,解除するフレンズ,-,自身,-,-,1,2回,
赤龍,けものミラクル,ばてばてヒリヒリ,解除するフレンズ,-,味方全体,ラブリー、ファニー属性の味方,-,-,-,
バンドウイルカ(水),たいきスキル,ばてばてヒリヒリ,解除するフレンズ,-,自身,-,-,1,1回,
マメジカ,けものミラクル,ばてばてヒリヒリ,解除するフレンズ,-,味方全体,自身を除くマイペース、~~リラックス属性の味方,-,-,-,必要MP120
フクロオオカミ,けものミラクル,ばてばてヒリヒリ,解除するフレンズ,-,味方全体,リラックス属性の味方,-,-,-,必要MP110
エトピリカ,たいきスキル,ばてばてヒリヒリ,解除するフレンズ,-,自身,-,-,1,1回,
カマイタチ・治,けものミラクル,ばてばてヒリヒリ,解除するフレンズ,-,味方全体,-,-,-,-,必要MP120
ブラックバック(赤),とくいわざ,ばてばてヒリヒリ,解除するフレンズ,-,自身,-,-,低確率,-,
麒麟,けものミラクル,ばてばてヒリヒリ,解除するフレンズ,-,味方全体,フレンドリー属性の味方,-,-,-,必要MP160
アオツラカツオドリ,けものミラクル,ばてばてヒリヒリ,解除するフレンズ,-,味方全体,ラブリー属性の味方,-,-,-,必要MP90
タスマニアデビル(青),けものミラクル,ばてばてヒリヒリ,解除するフレンズ,-,味方全体,リラックス属性の味方,-,-,-,必要MP100
ゴシンギュウサマ,たいきスキル,ばてばてヒリヒリ,解除するフレンズ,-,自身,-,-,1,3回,
ビャッコ,たいきスキル,ばてばてヒリヒリ,解除するフレンズ,-,自身,-,-,1,1回,
ユニコ,けものミラクル,ばてばてヒリヒリ,解除するフレンズ,-,味方全体,アクティブ属性の味方,-,-,-,必要MP100
アフリカゾウ,なないろとくせい,ばてばてヒリヒリ,解除するフレンズ,-,自身,たいりょくが20%~~以下になったとき,-,-,1回,
アフリカゾウ,たいきスキル,ばてばてヒリヒリ,解除するフレンズ,-,自身,-,-,0.5,∞,
【ジっとできない湿地のハンター】ハシビロコウ,キセキとくせい,ばてばてヒリヒリ,耐性を減少させるフレンズ,低,相手全体,-,-,-,-,
ヌエ,キセキとくせい,ばてばてヒリヒリ,耐性を減少させるフレンズ,低,相手全体,アクティブ属性の相手,-,-,-,
スザク,なないろとくせい,ばてばてヒリヒリ,耐性を減少させるフレンズ,中,相手全体,自身がギブアップ状態でない,-,-,-,
真・青龍,けものミラクル,ばてばてヒリヒリ,耐性を減少させるフレンズ,中,相手単体,-,2ターン,高確率,-,必要MP90
まよなかぴかぴか,とくせい(変化前),ばてばてヒリヒリ,耐性を与えるフォト,小,自身,-,-,-,-,
まよなかぴかぴか,とくせい(変化後),ばてばてヒリヒリ,耐性を与えるフォト,中,自身,-,-,-,-,
かくれんぼ,とくせい(変化前・後),ばてばてヒリヒリ,耐性を与えるフォト,中,自身,-,-,-,-,
オオミミギツネ(緑),とくせい,あせあせ,耐性を得るフレンズ,高,味方全体,フレンドリー、ファニー属性の味方,-,-,-,
シマリス,なないろとくせい,あせあせ,耐性を得るフレンズ,高,味方全体,フレンドリー属性の味方,-,-,-,
【ジっとできない湿地のハンター】ハシビロコウ,とくせい,あせあせ,耐性を得るフレンズ,高,味方全体,ファニー属性の味方,-,-,-,
アメリカレア,なないろとくせい,あせあせ,耐性を得るフレンズ,中,味方全体,ファニー属性の味方,-,-,-,
フクロオオカミ,けものミラクル,あせあせ,耐性を得るフレンズ,中,味方全体,リラックス属性の味方,2ターン,-,-,必要MP110
シロサイ,なないろとくせい,あせあせ,耐性を得るフレンズ,高,味方全体,アクティブ属性の味方,-,-,-,
ホワイトサーバル(桃),とくせい,あせあせ,耐性を得るフレンズ,高,味方全体,ラブリー、ファニー属性の味方,-,-,-,
ヒメアリクイ,なないろとくせい,あせあせ,耐性を得るフレンズ,中,味方全体,ラブリー属性の味方,-,-,-,
キンシャチ,キセキとくせい,あせあせ,耐性を得るフレンズ,高,味方全体,マイペース属性の味方,-,-,-,
ヤマバク,なないろとくせい,あせあせ,耐性を得るフレンズ,中,味方全体,マイペース属性の味方,-,-,-,
麒麟,けものミラクル,あせあせ,耐性を得るフレンズ,小,味方全体,マイペース属性の味方,3ターン,-,-,
フクロミツスイ,とくせい,あせあせ,耐性を得るフレンズ,低,自身,ステージの時間が夜,-,-,-,
山本五郎左衛門,キセキとくせい,あせあせ,耐性を得るフレンズ,高,自身,-,-,-,-,
黒龍,とくせい,あせあせ,耐性を得るフレンズ,完全耐性,自身,-,-,-,-,
白龍,とくせい,あせあせ,耐性を得るフレンズ,完全耐性,自身,-,-,-,-,
カルガモ,なないろとくせい,あせあせ,耐性を得るフレンズ,中,自身,たいりょく50%以上,-,-,-,
赤龍,とくせい,あせあせ,耐性を得るフレンズ,完全耐性,自身,-,-,-,-,
バンドウイルカ(水),キセキとくせい,あせあせ,耐性を得るフレンズ,高,自身,地形がみずべ,-,-,-,
真・青龍,とくせい,あせあせ,耐性を得るフレンズ,完全耐性,自身,-,-,-,-,
ピーチパンサー(黄緑),キセキとくせい,あせあせ,耐性を得るフレンズ,完全耐性,自身,-,-,-,-,
ギロロ,キセキとくせい,あせあせ,耐性を得るフレンズ,高,自身,ギブアップ中ではない~~味方が1人,-,-,-,
アリサ=サザンクロス,キセキとくせい,あせあせ,耐性を得るフレンズ,完全耐性,自身,-,-,-,-,
サバンナシマウマ(黄緑),とくせい,あせあせ,耐性を得るフレンズ,中,自身,-,-,-,-,
麒麟,キセキとくせい,あせあせ,耐性を得るフレンズ,完全耐性,自身,-,-,-,-,
セイリュウ,キセキとくせい,あせあせ,耐性を得るフレンズ,完全耐性,自身,-,-,-,-,
ウミネコ,キセキとくせい,あせあせ,耐性を得るフレンズ,中,自身,地形がみずべ,-,-,-,
ドール(黄緑),とくせい,あせあせ,耐性を得るフレンズ,完全耐性,自身,たいりょく50%以下,-,-,-,
オーロックス,とくせい,あせあせ,耐性を得るフレンズ,完全耐性,自身,-,-,-,-,
フェネック(桃),キセキとくせい,あせあせ,耐性を得るフレンズ,完全耐性,自身,地形がさばく,-,-,-,
G・ロードランナー,たいきスキル,あせあせ,耐性を得るフレンズ,中,自身,-,3ターン,0.8,2回,
ピーチパンサー,とくせい,あせあせ,耐性を得るフレンズ,完全耐性,自身,-,-,-,-,
黒龍,けものミラクル,あせあせ,解除するフレンズ,-,味方全体,-,-,-,-,必要MP200
赤龍,けものミラクル,あせあせ,解除するフレンズ,-,味方全体,ラブリー、ファニー属性の味方,-,-,-,
マメジカ,けものミラクル,あせあせ,解除するフレンズ,-,味方全体,自身を除くマイペース、~~リラックス属性の味方,-,-,-,必要MP120
フクロオオカミ,けものミラクル,あせあせ,解除するフレンズ,-,味方全体,リラックス属性の味方,-,-,-,必要MP110
オセロット,けものミラクル,あせあせ,解除するフレンズ,-,自身,-,-,-,-,必要MP80
ブラックバック(赤),とくいわざ,あせあせ,解除するフレンズ,-,自身,-,-,低確率,-,
麒麟,けものミラクル,あせあせ,解除するフレンズ,-,味方全体,フレンドリー属性の味方,-,-,-,必要MP160
アオツラカツオドリ,けものミラクル,あせあせ,解除するフレンズ,-,味方全体,ラブリー属性の味方,-,-,-,必要MP90
タスマニアデビル(青),けものミラクル,あせあせ,解除するフレンズ,-,味方全体,リラックス属性の味方,-,-,-,必要MP100
ユニコ,けものミラクル,あせあせ,解除するフレンズ,-,味方全体,アクティブ属性の味方,-,-,-,必要MP100
アフリカゾウ,なないろとくせい,あせあせ,解除するフレンズ,-,自身,たいりょくが20%~~以下になったとき,-,-,1回,
【ジっとできない湿地のハンター】ハシビロコウ,キセキとくせい,あせあせ,耐性を減少させるフレンズ,低,相手全体,-,-,-,-,
ヌエ,キセキとくせい,あせあせ,耐性を減少させるフレンズ,低,相手全体,アクティブ属性の相手,-,-,-,
真・青龍,けものミラクル,あせあせ,耐性を減少させるフレンズ,中,相手単体,-,2ターン,高確率,-,必要MP90
まよなかぴかぴか,とくせい(変化前),あせあせ,耐性を与えるフォト,小,自身,-,-,-,-,
まよなかぴかぴか,とくせい(変化後),あせあせ,耐性を与えるフォト,中,自身,-,-,-,-,
フクロオオカミ,けものミラクル,全ての状態異常に関連した能力,耐性を得るフレンズ,中,味方全体,リラックス属性の味方,2ターン,-,-,必要MP110
麒麟,けものミラクル,全ての状態異常に関連した能力,耐性を得るフレンズ,小,味方全体,マイペース属性の味方,3ターン,-,-,
フクロミツスイ,とくせい,全ての状態異常に関連した能力,耐性を得るフレンズ,低,自身,ステージの時間が夜,-,-,-,
山本五郎左衛門,キセキとくせい,全ての状態異常に関連した能力,耐性を得るフレンズ,高,自身,-,-,-,-,
黒龍,とくせい,全ての状態異常に関連した能力,耐性を得るフレンズ,完全耐性,自身,-,-,-,-,
白龍,とくせい,全ての状態異常に関連した能力,耐性を得るフレンズ,完全耐性,自身,-,-,-,-,
カルガモ,なないろとくせい,全ての状態異常に関連した能力,耐性を得るフレンズ,中,自身,たいりょく50%以上,-,-,-,
赤龍,とくせい,全ての状態異常に関連した能力,耐性を得るフレンズ,完全耐性,自身,-,-,-,-,
バンドウイルカ(水),キセキとくせい,全ての状態異常に関連した能力,耐性を得るフレンズ,高,自身,地形がみずべ,-,-,-,
真・青龍,とくせい,全ての状態異常に関連した能力,耐性を得るフレンズ,完全耐性,自身,-,-,-,-,
ピーチパンサー(黄緑),キセキとくせい,全ての状態異常に関連した能力,耐性を得るフレンズ,完全耐性,自身,-,-,-,-,
ギロロ,キセキとくせい,全ての状態異常に関連した能力,耐性を得るフレンズ,高,自身,ギブアップ中ではない~~味方が1人,-,-,-,
アリサ=サザンクロス,キセキとくせい,全ての状態異常に関連した能力,耐性を得るフレンズ,完全耐性,自身,-,-,-,-,
サバンナシマウマ(黄緑),とくせい,全ての状態異常に関連した能力,耐性を得るフレンズ,中,自身,-,-,-,-,
麒麟,キセキとくせい,全ての状態異常に関連した能力,耐性を得るフレンズ,完全耐性,自身,-,-,-,-,
セイリュウ,キセキとくせい,全ての状態異常に関連した能力,耐性を得るフレンズ,完全耐性,自身,-,-,-,-,
ウミネコ,キセキとくせい,全ての状態異常に関連した能力,耐性を得るフレンズ,中,自身,地形がみずべ,-,-,-,
ドール(黄緑),とくせい,全ての状態異常に関連した能力,耐性を得るフレンズ,完全耐性,自身,たいりょく50%以下,-,-,-,
オーロックス,とくせい,全ての状態異常に関連した能力,耐性を得るフレンズ,完全耐性,自身,-,-,-,-,
フェネック(桃),キセキとくせい,全ての状態異常に関連した能力,耐性を得るフレンズ,完全耐性,自身,地形がさばく,-,-,-,
G・ロードランナー,たいきスキル,全ての状態異常に関連した能力,耐性を得るフレンズ,中,自身,-,3ターン,0.8,2回,
ピーチパンサー,とくせい,全ての状態異常に関連した能力,耐性を得るフレンズ,完全耐性,自身,-,-,-,-,
カワラバト,たいきスキル,全ての状態異常に関連した能力,解除するフレンズ,-,自身,-,-,1,1回,
イヌワシ,たいきスキル,全ての状態異常に関連した能力,解除するフレンズ,-,自身,-,-,1,2回,
黒龍,けものミラクル,全ての状態異常に関連した能力,解除するフレンズ,-,味方全体,-,-,-,-,必要MP200
ライリュウ,たいきスキル,全ての状態異常に関連した能力,解除するフレンズ,-,自身,-,-,1,1回,
カモノハシ,たいきスキル,全ての状態異常に関連した能力,解除するフレンズ,-,自身,-,-,1,3回,
ホワイトライオン(青),たいきスキル,全ての状態異常に関連した能力,解除するフレンズ,-,自身,-,-,1,2回,
赤龍,けものミラクル,全ての状態異常に関連した能力,解除するフレンズ,-,味方全体,ラブリー、ファニー属性の味方,-,-,-,
バンドウイルカ(水),たいきスキル,全ての状態異常に関連した能力,解除するフレンズ,-,自身,-,-,1,1回,
マメジカ,けものミラクル,全ての状態異常に関連した能力,解除するフレンズ,-,味方全体,自身を除くマイペース、~~リラックス属性の味方,-,-,-,必要MP120
フクロオオカミ,けものミラクル,全ての状態異常に関連した能力,解除するフレンズ,-,味方全体,リラックス属性の味方,-,-,-,必要MP110
オセロット,けものミラクル,全ての状態異常に関連した能力,解除するフレンズ,-,自身,-,-,-,-,必要MP80
エトピリカ,たいきスキル,全ての状態異常に関連した能力,解除するフレンズ,-,自身,-,-,1,1回,
ブラックバック(赤),とくいわざ,全ての状態異常に関連した能力,解除するフレンズ,-,自身,-,-,低確率,-,
麒麟,けものミラクル,全ての状態異常に関連した能力,解除するフレンズ,-,味方全体,フレンドリー属性の味方,-,-,-,必要MP160
アオツラカツオドリ,けものミラクル,全ての状態異常に関連した能力,解除するフレンズ,-,味方全体,ラブリー属性の味方,-,-,-,必要MP90
タスマニアデビル(青),けものミラクル,全ての状態異常に関連した能力,解除するフレンズ,-,味方全体,リラックス属性の味方,-,-,-,必要MP100
ゴシンギュウサマ,たいきスキル,全ての状態異常に関連した能力,解除するフレンズ,-,自身,-,-,1,3回,
ビャッコ,たいきスキル,全ての状態異常に関連した能力,解除するフレンズ,-,自身,-,-,1,1回,
ユニコ,けものミラクル,全ての状態異常に関連した能力,解除するフレンズ,-,味方全体,アクティブ属性の味方,-,-,-,必要MP100
アフリカゾウ,なないろとくせい,全ての状態異常に関連した能力,解除するフレンズ,-,自身,たいりょくが20%~~以下になったとき,-,-,1回,
アフリカゾウ,たいきスキル,全ての状態異常に関連した能力,解除するフレンズ,-,自身,-,-,0.5,∞,
【ジっとできない湿地のハンター】ハシビロコウ,キセキとくせい,全ての状態異常に関連した能力,耐性を減少させるフレンズ,低,相手全体,-,-,-,-,
ヌエ,キセキとくせい,全ての状態異常に関連した能力,耐性を減少させるフレンズ,低,相手全体,アクティブ属性の相手,-,-,-,
真・青龍,けものミラクル,全ての状態異常に関連した能力,耐性を減少させるフレンズ,中,相手単体,-,2ターン,高確率,-,必要MP90
まよなかぴかぴか,とくせい(変化前),全ての状態異常に関連した能力,耐性を与えるフォト,小,自身,-,-,-,-,
まよなかぴかぴか,とくせい(変化後),全ての状態異常に関連した能力,耐性を与えるフォト,中,自身,-,-,-,-,
オオミミギツネ(緑),けものミラクル,ルンルンきぶん,付与するフレンズ,-,味方全体,-,3ターン,-,-,必要MP140
山本五郎左衛門,けものミラクル,ルンルンきぶん,付与するフレンズ,-,自身,-,2ターン,-,-,必要MP130
ホワイトサーバル(桃),けものミラクル,ルンルンきぶん,付与するフレンズ,-,味方全体,-,2ターン,-,-,必要MP140
マネキネコ,けものミラクル,ルンルンきぶん,付与するフレンズ,-,味方全体,ラブリー属性の味方,3ターン,-,-,必要MP140
ニルガイ,けものミラクル,ルンルンきぶん,付与するフレンズ,-,味方全体,リラックス属性の味方,2ターン,-,-,必要MP120
スペインオオヤマネコ,けものミラクル,ルンルンきぶん,付与するフレンズ,-,味方全体,フレンドリー属性の味方,2ターン,-,-,必要MP100
赤龍,キセキとくせい,ルンルンきぶん,付与するフレンズ,-,味方全体,自身がギブアップ状態でない,-,-,-,
キンシャチ,けものミラクル,ルンルンきぶん,付与するフレンズ,-,自身,-,3ターン,-,-,必要MP130
マレーバク,なないろとくせい,ルンルンきぶん,付与するフレンズ,-,自身,-,-,-,-,
ヤブツカツクリ,けものミラクル,ルンルンきぶん,付与するフレンズ,-,味方全体,ファニー属性の味方,2ターン,-,-,必要MP100
【大きな瞳の美人顔】サーバル,たいきスキル,ルンルンきぶん,付与するフレンズ,-,味方全体,-,3ターン,1,1回,&color(red){''行動前''}に発動
アフリカンゴールデンウルフ,けものミラクル,ルンルンきぶん,付与するフレンズ,-,自身,-,3ターン,-,-,必要MP90
ライオン(水),とくせい,ルンルンきぶん,付与するフレンズ,-,自身,-,-,-,-,
ジェネット,たいきスキル,ルンルンきぶん,付与するフレンズ,-,自身,-,3ターン,1,1回,
サバンナシマウマ(黄緑),とくせい,ルンルンきぶん,付与するフレンズ,-,自身,-,-,-,-,
ルリコンゴウインコ,キセキとくせい,ルンルンきぶん,付与するフレンズ,-,自身,-,-,-,-,
ヒメアルマジロ,けものミラクル,ルンルンきぶん,付与するフレンズ,-,味方全体,フレンドリー属性の味方,1ターン,-,-,
ブラッザグエノン,たいきスキル,ルンルンきぶん,付与するフレンズ,-,自身,-,3ターン,1,2回,
イヌガミギョウブ,たいきスキル,ルンルンきぶん,付与するフレンズ,-,自身,-,5ターン,高確率~~たいき発動率50%,3回,
ハクトウワシ(緑),たいきスキル,ルンルンきぶん,付与するフレンズ,-,味方全体,-,2ターン,1,2回,行動後に発動
ドラコケンタウロス,とくせい,ルンルンきぶん,付与するフレンズ,-,自身,-,-,-,-,
マイルカ(黄緑),たいきスキル,ルンルンきぶん,付与するフレンズ,-,味方全体,-,2ターン,1,2回,行動後に発動
ミミィサーバル,キセキとくせい,ルンルンきぶん,付与するフレンズ,-,自身,-,-,-,-,
キティサーバル,キセキとくせい,ルンルンきぶん,付与するフレンズ,-,自身,-,-,-,-,
ビャクダ,たいきスキル,ルンルンきぶん,解除するフレンズ,-,相手単体,-,-,1,1回,
スペインオオヤマネコ,たいきスキル,ルンルンきぶん,解除するフレンズ,-,相手全体,リラックス属性の相手,-,1,1回,
アラスカラッコ,たいきスキル,ルンルンきぶん,解除するフレンズ,-,相手全体,ラブリー属性の相手,-,1,2回,
コモドドラゴン(桃),たいきスキル,ルンルンきぶん,解除するフレンズ,-,相手全体,アクティブ、マイペース~~属性の相手,-,1,3回,
クロテン,たいきスキル,ルンルンきぶん,解除するフレンズ,-,相手全体,ファニー属性の相手,-,1,2回,
ダイトウオオコウモリ,とくいわざ,ルンルンきぶん,解除するフレンズ,-,相手単体,-,-,低確率,-,
ブラックサーバル,たいきスキル,ルンルンきぶん,解除するフレンズ,-,相手全体,-,-,1,1回,
タテガミオオカミ,たいきスキル,ルンルンきぶん,解除するフレンズ,-,相手全体,マイペース属性の相手,-,0.7,∞,
ライオン(水),たいきスキル,ルンルンきぶん,解除するフレンズ,-,相手全体,ラブリー、ファニー属性の相手,-,1,1回,
エジプトガン,けものミラクル,ルンルンきぶん,解除するフレンズ,-,相手単体,-,-,高確率,-,必要MP100
ニホンザル,たいきスキル,ルンルンきぶん,解除するフレンズ,-,相手全体,リラックス属性の相手,-,1,2回,
フォークランドカラカラ,たいきスキル,ルンルンきぶん,解除するフレンズ,-,相手全体,リラックス属性の相手,-,1,2回,
マサイキリン,たいきスキル,ルンルンきぶん,解除するフレンズ,-,相手全体,ファニー属性の相手,-,0.8,∞,
ハシブトガラス,たいきスキル,ルンルンきぶん,解除するフレンズ,-,相手全体,ファニー属性の相手,-,1,2回,
ゴシンギュウサマ,とくいわざ,ルンルンきぶん,解除するフレンズ,-,相手単体,フレンドリー属性の相手,-,-,-,
アフリカオニネズミ,とくいわざ,ルンルンきぶん,解除するフレンズ,-,相手単体,マイペース属性の相手,-,-,-,
オーストラリアデビル(桃),とくいわざ,ルンルンきぶん,解除するフレンズ,-,相手単体,アクティブ属性の相手,-,-,-,
イヌガミギョウブ,とくいわざ,ルンルンきぶん,解除するフレンズ,-,相手単体,ラブリー属性の相手,-,-,-,
花咲く思い出,とくせい(変化後),ルンルンきぶん,付与するフォト,-,自身,-,-,-,-,
楽しくダンスダンス♪,とくせい(変化前),ルンルンきぶん,付与するフォト,-,自身,たいりょく90%以上,-,-,-,
楽しくダンスダンス♪,とくせい(変化後),ルンルンきぶん,付与するフォト,-,自身,たいりょく80%以上,-,-,-,
カニクイアライグマ(フォト),とくせい(変化後),ルンルンきぶん,付与するフォト,-,自身,たいりょく50%以下,-,-,-,
バシロサウルス・イシス,たいきスキル,はねかえし,付与するフレンズ,反射率50%,自身,フレンズ戦,2ターン,1,2回,
クロサイ(緑),たいきスキル,はねかえし,付与するフレンズ,反射率75%,自身,-,3ターン,1,1回,
サバンナセンザンコウ,けものミラクル,はねかえし,付与するフレンズ,反射率120%,自身,-,1ターン,-,-,必要MP90
キンシャチ,たいきスキル,はねかえし,付与するフレンズ,反射率50%,自身,-,2ターン,1,2回,
シロサイ,キセキとくせい,はねかえし,付与するフレンズ,反射率15%,自身を除く~~味方全体,自身がギブアップ状態でない,-,-,-,
ワシミミズク(水),たいきスキル,はねかえし,付与するフレンズ,反射率50%,味方全体,-,2ターン,1,1回,
アフリカタテガミヤマアラシ,キセキとくせい,はねかえし,付与するフレンズ,反射率30%,自身,-,-,-,-,
ヒメアルマジロ,たいきスキル,はねかえし,付与するフレンズ,反射率60%,自身,-,2ターン,1,1回,
ソンゴクウ,とくせい,はねかえし,付与するフレンズ,反射率80%,自身,自身が状態異常でないとき,-,-,-,
ゴールデンタビータイガー,キセキとくせい,はねかえし,付与するフレンズ,反射率80%,自身,自身が状態異常のとき,-,-,-,
オオウミガラス,たいきスキル,はねかえし,付与するフレンズ,反射率30%,味方全体,-,2ターン,1,1回,
ヤタガラス,キセキとくせい,はねかえし,付与するフレンズ,反射率15%,自身,-,-,-,-,
ブラックジャガー(桃),キセキとくせい,はねかえし,付与するフレンズ,反射率150%,自身,強敵出現wave,-,-,-,
サーベルタイガー,キセキとくせい,はねかえし,付与するフレンズ,反射率80%,自身,-,-,-,,
シーサー・レフティ,キセキとくせい,はねかえし,付与するフレンズ,反射率150%,自身,セルリアン戦,-,-,-,
シーサー・レフティ,キセキとくせい,はねかえし,付与するフレンズ,反射率30%,自身,フレンズ戦,-,-,-,
エナガ,たいきスキル,はねかえしむし,付与するフレンズ,-,味方全体,フレンドリー属性の味方,2ターン,1,2回,
キタコアリクイ,とくせい,はねかえしむし,付与するフレンズ,-,自身,-,-,-,-,
バイソン,たいきスキル,はねかえしむし,付与するフレンズ,-,味方全体,リラックス属性の味方,2ターン,1,3回,
日向夏美,たいきスキル,はねかえしむし,付与するフレンズ,-,味方全体,-,3ターン,1,2回,
カラカル(桃),たいきスキル,はねかえしむし,付与するフレンズ,-,味方全体,ラブリー属性の味方,2ターン,1,2回,
ライオン(水),とくせい,はねかえしむし,付与するフレンズ,-,自身,強敵出現wave,-,-,-,
ジェネット,とくせい,はねかえしむし,付与するフレンズ,-,自身,-,-,-,-,
ケロロ,とくせい,はねかえしむし,付与するフレンズ,-,自身,-,-,-,-,
ミーアキャット(桃),たいきスキル,はねかえしむし,付与するフレンズ,-,味方全体,-,1ターン,1,2回,
コアラ,キセキとくせい,はねかえしむし,付与するフレンズ,-,自身,-,-,-,-,
ロバ,とくせい,はねかえしむし,付与するフレンズ,-,自身,-,-,-,-,
クズリ,キセキとくせい,はねかえしむし,付与するフレンズ,-,自身,-,-,-,-,
タチコマ type-H,たいきスキル,はねかえしむし,付与するフレンズ,-,自身,-,1ターン,1,2回,
ヒョウ,とくせい,はねかえしむし,付与するフレンズ,-,自身,-,-,-,-,
イエネコ,とくせい,はねかえしむし,付与するフレンズ,-,自身,-,-,-,-,
ユニコ,キセキとくせい,はねかえしむし,付与するフレンズ,-,自身,-,-,-,-,
キティサーバル,たいきスキル,はねかえしむし,付与するフレンズ,-,自身,-,1ターン,1,3回,
クロヒョウ,とくせい,はねかえしむし,付与するフレンズ,-,自身,-,-,-,-,
キタキツネ(青),とくせい,はねかえしむし,付与するフレンズ,-,自身,-,-,-,-,
シーサー・ライト,とくせい,はねかえしむし,付与するフレンズ,-,自身,-,-,-,-,
スナネコ(赤),たいきスキル,はねかえしむし,付与するフレンズ,-,自身,-,1ターン,1,2回,
コディアックヒグマ,とくせい,はねかえしむし,付与するフレンズ,-,自身,-,-,-,-,
ミナミコアリクイ(水),たいきスキル,はねかえしむし,付与するフレンズ,-,自身,-,1ターン,1,2回,
ホワイトタイガー,キセキとくせい,はねかえしむし,付与するフレンズ,-,自身,-,-,-,-,
ロバ,たいきスキル,はねかえし,解除するフレンズ,-,相手全体,リラックス属性の相手,-,1,2回,
ツチノコ(赤),たいきスキル,はねかえし,解除するフレンズ,-,相手全体,-,-,1,1回,
ゴルゴプスカバ,たいきスキル,はねかえし,解除するフレンズ,-,相手全体,フレンドリー属性の相手,-,1,∞,
カニクイアライグマ,たいきスキル,はねかえし,解除するフレンズ,-,相手全体,ファニー属性の相手,-,1,3回,
マヌルネコ,たいきスキル,はねかえし,解除するフレンズ,-,相手全体,ファニー属性の相手,-,1,1回,
ハブ,たいきスキル,はねかえし,解除するフレンズ,-,相手全体,マイペース属性の相手,-,1,2回,
イリエワニ,とくいわざ,はねかえし,解除するフレンズ,-,相手単体,マイペース属性の相手,-,高確率,-,
ブラックジャガー(桃),けものミラクル,はねかえし,解除するフレンズ,-,相手単体,-,-,-,-,
ブラックジャガー(桃),たいきスキル,はねかえし,解除するフレンズ,-,相手全体,強敵,-,1,2回,
コアラ,たいきスキル,はねかえし,解除するフレンズ,-,相手全体,ラブリー属性の相手,-,1,2回,
イワハイラックス,たいきスキル,毎ターンMP減少,解除するフレンズ,-,味方全体,ラブリー属性の味方,-,1,2回,
マナティー,たいきスキル,毎ターンMP減少,解除するフレンズ,-,味方全体,リラックス属性の味方,-,0.7,3回,
ビントロング,たいきスキル,毎ターンMP減少,解除するフレンズ,-,味方全体,フレンドリー属性の味方,-,1,2回,
エリマキトカゲ,たいきスキル,毎ターンMP減少,解除するフレンズ,-,味方全体,ファニー属性の味方,-,1,2回,
ツンドラオオカミ,たいきスキル,毎ターンMP減少,解除するフレンズ,-,味方全体,マイペース属性の味方,-,1,2回,
メンダコ,たいきスキル,毎ターンMP減少,解除するフレンズ,-,味方全体,ファニー属性の味方,-,1,3回,
シーラカンス,たいきスキル,毎ターンMP減少,解除するフレンズ,-,味方全体,リラックス属性の味方,-,1,3回,
カンジキウサギ,けものミラクル,毎ターンMP減少,解除するフレンズ,-,味方全体,ラブリー属性の味方,-,-,-,必要MP110
ディアトリマ,たいきスキル,毎ターンMP減少,解除するフレンズ,-,味方全体,アクティブ属性の味方,-,1,1回,
アフリカタテガミヤマアラシ,たいきスキル,毎ターンMP減少,解除するフレンズ,-,味方全体,マイペース属性の味方,-,1,3回,
ヤマタノオロチ,たいきスキル,毎ターンMP減少,解除するフレンズ,-,味方全体,アクティブ属性の味方,-,1,1回,
ヒメアルマジロ,たいきスキル,毎ターンMP減少,解除するフレンズ,-,味方全体,フレンドリー属性の味方,-,1,2回,
ホッキョクギツネ,たいきスキル,毎ターンMP減少,解除するフレンズ,-,味方全体,ラブリー属性の味方,-,1,2回,
シロヘラコウモリ,たいきスキル,毎ターンMP減少,解除するフレンズ,-,味方全体,リラックス属性の味方,-,1,2回,
ゴールデンタビータイガー,たいきスキル,毎ターンMP減少,解除するフレンズ,-,味方全体,ファニー属性の味方,-,1,2回,
アフリカゾウ,たいきスキル,毎ターンMP減少,解除するフレンズ,-,自身,-,-,0.5,∞,
オオアルマジロ,なないろとくせい,かばう,付与するフレンズ,-,自身,自身が攻撃対象ではない,-,0.5,-,発動時、自身の被ダメージが15%減少
キンイロジャッカル,キセキとくせい,かばう,付与するフレンズ,-,自身,たいりょく50%以上~~自身が攻撃対象ではない,-,0.5,-,
マントヒヒ,とくせい,かばう,付与するフレンズ,-,自身,ギブアップ状態ではない味方が5人~~自身が攻撃対象ではない,-,0.5,-,発動時、自身の被ダメージが15%減少
ロバ,とくせい,かばう,付与するフレンズ,-,自身,たいりょくが50%以上~~自身が攻撃対象でない,-,0.3,∞,発動時、自身の被ダメージが10%減少
ゲンブ,けものミラクル,かばう,付与するフレンズ,-,自身,自身が攻撃対象でない,1ターン,1,-,発動時、自身の被ダメージが90%減少
カルガモ,とくせい,かばう,付与するフレンズ,-,自身,たいりょくが50%以上~~自身が攻撃対象でない,-,0.3,∞,発動時、自身の被ダメージが10%減少
アカミミガメ,たいきスキル,かばう,付与するフレンズ,-,自身,自身が攻撃対象でない,1ターン,1,1回,発動時、自身の被ダメージが20%減少
エゾヒグマ,とくせい,かばう,付与するフレンズ,-,自身,自身が攻撃対象でない,-,0.3,∞,発動時、自身の被ダメージが10%減少
白龍,とくせい,ためこみ上手,付与するフレンズ,-,自身,-,-,-,-,
真・青龍,キセキとくせい,ためこみ上手,付与するフレンズ,-,自身,-,-,-,-,
ブラックサーバル,キセキとくせい,ためこみ上手,付与するフレンズ,-,自身,-,-,-,-,
ツチブタ,キセキとくせい,ためこみ上手,付与するフレンズ,-,自身,-,-,-,-,
メンダコ,キセキとくせい,ためこみ上手,付与するフレンズ,-,自身,-,-,-,-,
ジェネット,キセキとくせい,ためこみ上手,付与するフレンズ,-,自身,-,-,-,-,
ケロロ,キセキとくせい,ためこみ上手,付与するフレンズ,-,自身,-,-,-,-,
ダンザブロウダヌキ,キセキとくせい,ためこみ上手,付与するフレンズ,-,自身,-,-,-,-,
でびるさま,キセキとくせい,ためこみ上手,付与するフレンズ,-,自身,-,-,-,-,
ソンゴクウ,キセキとくせい,ためこみ上手,付与するフレンズ,-,自身,-,-,-,-,
セイリュウ,キセキとくせい,ためこみ上手,付与するフレンズ,-,自身,-,-,-,-,
ドラコケンタウロス,キセキとくせい,ためこみ上手,付与するフレンズ,-,自身,-,-,-,-,
サーバル,キセキとくせい,ためこみ上手,付与するフレンズ,-,自身,-,-,-,-,
マーゲイ,なないろとくせい,コチョコチョマスター,付与するフレンズ,発生率+50%,-,フレンズ戦,-,-,-,
カコミスル,たいきスキル,コチョコチョマスター,付与するフレンズ,発生率+70%~~成功率+50%,-,-,1ターン,0.8,3回,
ジョフロイネコ,たいきスキル,コチョコチョマスター,付与するフレンズ,発生率+100%~~成功率+40%,-,-,1ターン,1,2回,
セーバル,キセキとくせい,コチョコチョマスター,付与するフレンズ,発生率+20%,-,-,-,-,-,
バシロサウルス・イシス,たいきスキル,いかく,付与するフレンズ,大幅に,自身,-,2ターン,1,2回,
フォッサ,なないろとくせい,いかく,付与するフレンズ,-,自身,強敵出現wave,-,-,-,
イヌワシ,たいきスキル,いかく,付与するフレンズ,-,自身,-,3ターン,1,2回,
メガテリウム,たいきスキル,いかく,付与するフレンズ,-,自身,-,1ターン,1,2回,
メガテリウム,けものミラクル,いかく,付与するフレンズ,大幅に,自身,-,2ターン,-,-,必要MP110
【青い瞳の迷い猫】マヌルネコ,たいきスキル,いかく,付与するフレンズ,大幅に,自身,-,1ターン,1,2回,
クロサイ(緑),キセキとくせい,いかく,付与するフレンズ,-,自身,-,-,-,-,
ボルネオゾウ,けものミラクル,いかく,付与するフレンズ,大幅に,自身,-,3ターン,-,-,必要MP140
ボルネオゾウ,たいきスキル,いかく,付与するフレンズ,-,自身,-,4ターン,1,2回,
バイソン,とくせい,いかく,付与するフレンズ,-,自身,-,-,-,-,
バイソン,たいきスキル,いかく,付与するフレンズ,大幅に,自身,-,2ターン,1,3回,
サバンナセンザンコウ,たいきスキル,いかく,付与するフレンズ,大幅に,自身,-,2ターン,1,1回,
サバンナセンザンコウ,けものミラクル,いかく,付与するフレンズ,大幅に,自身,-,1ターン,-,-,必要MP90
日向夏美,けものミラクル,いかく,付与するフレンズ,大幅に,自身,-,1ターン,-,-,必要MP140
ステラーカイギュウ,けものミラクル,いかく,付与するフレンズ,大幅に,自身,-,3ターン,-,-,必要MP80
ステラーカイギュウ,たいきスキル,いかく,付与するフレンズ,少し,自身,-,2ターン,1,2回,
コモドドラゴン(桃),たいきスキル,いかく,付与するフレンズ,-,自身,-,2ターン,1,3回,
コモドドラゴン(桃),とくせい,いかく,付与するフレンズ,-,自身,自身がどく状態,-,-,-,
エゾユキウサギ,たいきスキル,いかく,付与するフレンズ,-,自身,-,1ターン,1,1回,
ワオキツネザル,とくいわざ,いかく,付与するフレンズ,-,自身,-,1ターン,-,-,
ニホンアナグマ,とくせい,いかく,付与するフレンズ,-,自身,たいりょく50%以上,-,-,-,
ニホンジカ,けものミラクル,いかく,付与するフレンズ,大幅に,自身,-,2ターン,-,-,必要MP120
ニホンジカ,キセキとくせい,いかく,付与するフレンズ,-,自身,フレンズ戦,-,-,-,
ヒメウォンバット,けものミラクル,いかく,付与するフレンズ,大幅に,自身,-,2ターン,-,-,必要MP90
ツチブタ,けものミラクル,いかく,付与するフレンズ,大幅に,自身,-,2ターン,-,-,必要MP90
オオアルマジロ,キセキとくせい,いかく,付与するフレンズ,-,自身,-,-,-,-,
キンイロジャッカル,けものミラクル,いかく,付与するフレンズ,大幅に,自身,-,3ターン,-,-,必要MP110
カンジキウサギ,とくせい,いかく,付与するフレンズ,-,自身,-,-,-,-,
セキショクヤケイ,たいきスキル,いかく,付与するフレンズ,-,自身,-,3ターン,1,2回,必要MP110
エジプトガン,とくせい,いかく,付与するフレンズ,-,自身,-,-,-,-,
ヤブノウサギ,たいきスキル,いかく,付与するフレンズ,大幅に,自身,-,1ターン,1,1回,
ホワイトカリブー,たいきスキル,いかく,付与するフレンズ,-,自身,-,3ターン,1,2回,
ボブキャット,たいきスキル,いかく,付与するフレンズ,-,自身,-,1ターン,1,1回,
ディアトリマ,キセキとくせい,いかく,付与するフレンズ,-,自身,-,-,-,-,
コウノトリ,とくせい,いかく,付与するフレンズ,-,自身,-,-,-,-,
ちびくまモン,たいきスキル,いかく,付与するフレンズ,-,自身,-,1ターン,0.55,∞,
アフリカタテガミヤマアラシ,たいきスキル,いかく,付与するフレンズ,-,自身,-,1ターン,1,3回,
インドサイ,たいきスキル,いかく,付与するフレンズ,-,自身,-,1ターン,0.7,∞,
インドサイ,とくせい,いかく,付与するフレンズ,少し,自身,-,-,-,-,
インドサイ,キセキとくせい,いかく,付与するフレンズ,少し,自身,-,-,-,-,
アマゾンツリーボア,たいきスキル,いかく,付与するフレンズ,-,自身,-,2ターン,1,2回,
ヒメアルマジロ,たいきスキル,いかく,付与するフレンズ,-,自身,-,2ターン,1,2回,
ラーテル,たいきスキル,いかく,付与するフレンズ,-,自身,-,1ターン,1,2回,
オオサイチョウ,たいきスキル,いかく,付与するフレンズ,-,自身,-,1ターン,1,2回,
ロバ,けものミラクル,いかく,付与するフレンズ,大幅に,自身,-,2ターン,-,-,
ゴリラ,とくいわざ,いかく,付与するフレンズ,-,自身,-,2ターン,-,-,
ケープペンギン,とくせい,いかく,付与するフレンズ,-,自身,-,-,-,-,
カルガモ,けものミラクル,いかく,付与するフレンズ,大幅に,自身,-,2ターン,-,-,
セーバル,とくせい,いかく,付与するフレンズ,少しだけ,自身,セルリアン戦,-,-,-,
インドゾウ,たいきスキル,いかく,付与するフレンズ,-,自身,-,1ターン,1,2回,
ジャック・オー・ランタン,たいきスキル,いかく,付与するフレンズ,少しだけ,自身,-,2ターン,1,1回,
シーサー・ライト,たいきスキル,いかく,付与するフレンズ,大幅に,自身,-,1ターン,1,1回,
コディアックヒグマ,けものミラクル,いかく,付与するフレンズ,大幅に,自身,-,1ターン,-,-,
オオフウチョウ,たいきスキル,いかく,付与するフレンズ,-,自身,-,1ターン,1,2回,
ホワイトライオン,たいきスキル,いかく,付与するフレンズ,-,自身,-,1ターン,1,3回,
マーゲイ,けものミラクル,いかく,付与するフレンズ,大幅に,自身,-,2ターン,-,-,
マーゲイ,とくいわざ,いかく,付与するフレンズ,少しだけ,自身,-,1ターン,-,-,
ジャイアントペンギン,たいきスキル,いかく,付与するフレンズ,大幅に,自身,-,1ターン,1,1回,
アライグマ,たいきスキル,いかく,付与するフレンズ,大幅に,自身,-,2ターン,1,1回,
クロサイ,たいきスキル,いかく,付与するフレンズ,少し,自身,-,3ターン,1,1回,
ミナミコアリクイ,たいきスキル,いかく,付与するフレンズ,-,自身,-,1ターン,1,2回,
大海を往く,とくせい(変化前・後),いかく,付与するフォト,-,自身,-,-,-,-,-
かっこよく？がおー！,とくせい(変化前・後),いかく,付与するフォト,-,自身,-,-,-,-,-
わたしの太鼓、どうですか？,とくせい(変化前・後),いかく,付与するフォト,-,自身,-,-,-,-,-
今夜はサイコー♪,とくせい(変化前・後),いかく,付与するフォト,-,自身,-,-,-,-,-
お待たせいたしました！,とくせい(変化前・後),いかく,付与するフォト,-,自身,-,-,-,-,-
しょうがないわね！,とくせい(変化前・後),いかく,付与するフォト,-,自身,たいりょく50%以上,-,-,-,-
リボンえらび,とくせい(変化前・後),いかく,付与するフォト,-,自身,-,-,-,-,-
つるつるすいすい,とくせい(変化前・後),いかく,付与するフォト,-,自身,-,-,-,-,-
私が守る,とくせい(変化前・後),いかく,付与するフォト,-,自身,-,-,-,-,-
ふしぎなうた,とくせい(変化前・後),いかく,付与するフォト,-,自身,-,-,-,-,-
ジャパリラインの夜,とくせい(変化前・後),いかく,付与するフォト,少し,自身,-,-,-,-,-
シロナガスクジラ(フォト),とくせい(変化前),いかく,付与するフォト,少し,自身,たいりょく50%以下,-,-,-,
シロナガスクジラ(フォト),とくせい(変化後),いかく,付与するフォト,少し,自身,たいりょく50%以下,-,-,-,
オオフウチョウ(フォト),とくせい(変化前・後),いかく,付与するフォト,-,自身,たいりょく50%以上,-,-,-,-
ジャパリ団参上！,とくせい(変化前・後),いかく,付与するフォト,少し,自身,-,-,-,-,-
にらめっこ,とくせい(変化前・後),いかく,付与するフォト,-,自身,たいりょく50%以上,-,-,-,-
４番バッター・ヒグマ,とくせい(変化前・後),いかく,付与するフォト,少し,自身,-,-,-,-,-
アマミノクロウサギ,たいきスキル,かくれみ,付与するフレンズ,-,自身,-,2ターン,1,2回,
アマミノクロウサギ,キセキとくせい,かくれみ,付与するフレンズ,-,自身,たいりょくが50%以下,-,-,-,
イワハイラックス,とくせい,かくれみ,付与するフレンズ,-,自身,たいりょくが60%以上,-,-,-,
イワハイラックス,たいきスキル,かくれみ,付与するフレンズ,-,自身,-,2ターン,1,2回,
セグロジャッカル,たいきスキル,かくれみ,付与するフレンズ,-,自身,-,2ターン,1,2回,
サバンナセンザンコウ,とくせい,かくれみ,付与するフレンズ,-,自身を除く~~味方全体,たいりょく50%以上,-,-,-,
ギロロ,とくせい,かくれみ,付与するフレンズ,-,自身,ギブアップ中ではない~~味方が2人以上,-,-,-,
エリマキトカゲ,キセキとくせい,かくれみ,付与するフレンズ,-,自身,たいりょくが50%以下,-,-,-,
インドシナウォータードラゴン,とくいわざ,かくれみ,付与するフレンズ,-,自身,強敵出現wave,2ターン,-,-,
インドシナウォータードラゴン,たいきスキル,かくれみ,付与するフレンズ,-,自身,-,2ターン,1,1回,
ワオキツネザル,たいきスキル,かくれみ,付与するフレンズ,-,自身,-,5ターン,1,3回,
ニホンアナグマ,とくせい,かくれみ,付与するフレンズ,-,自身,たいりょく50%以下,-,-,-,
イイズナ,たいきスキル,かくれみ,付与するフレンズ,-,自身,-,2ターン,1,1回,
ジャクソンカメレオン,とくせい,かくれみ,付与するフレンズ,-,自身,地形がジャングル,-,-,-,
ジャクソンカメレオン,たいきスキル,かくれみ,付与するフレンズ,-,自身,-,2ターン,1,∞,
スカイフィッシュ(水),たいきスキル,かくれみ,付与するフレンズ,-,自身,-,1ターン,1,1回,
スカイフィッシュ(水),とくせい,かくれみ,付与するフレンズ,少し,自身,-,-,-,-,
エダハヘラオヤモリ,たいきスキル,かくれみ,付与するフレンズ,-,自身,-,2ターン,1,3回,
エダハヘラオヤモリ,とくせい,かくれみ,付与するフレンズ,-,自身,-,-,-,-,
ピューマ,とくせい,かくれみ,付与するフレンズ,-,自身,ステージの時間が夜,-,-,-,
メンダコ,とくせい,かくれみ,付与するフレンズ,-,自身,-,-,-,-,
カンジキウサギ,とくせい,かくれみ,付与するフレンズ,-,自身を除く~~味方全体,ラブリー属性の味方,-,-,-,
フクロオオカミ,たいきスキル,かくれみ,付与するフレンズ,-,自身,-,2ターン,0.7,∞,
オセロット,とくせい,かくれみ,付与するフレンズ,-,自身,自身のたいりょくが~~50%以下になったとき,3ターン,高確率,1回,
アイアイ,なないろとくせい,かくれみ,付与するフレンズ,-,自身,たいりょくが30%以下,-,-,-,
ハヤブサ,キセキとくせい,かくれみ,付与するフレンズ,-,自身,-,-,-,-,
ホワイトカリブー,とくせい,かくれみ,付与するフレンズ,少しだけ,自身,-,-,-,-,
ウサギコウモリ,キセキとくせい,かくれみ,付与するフレンズ,少し,自身,ステージの時間が夜ではない,-,-,-,
ニホンノウサギ,とくせい,かくれみ,付与するフレンズ,-,自身を除く~~味方全体,ラブリー属性の味方,-,-,-,
イリオモテヤマネコ,たいきスキル,かくれみ,付与するフレンズ,-,自身,-,2ターン,1,1回,
エメラルドツリーボア,とくせい,かくれみ,付与するフレンズ,少しだけ,自身,地形がジャングル,-,-,-,
アオツラカツオドリ,キセキとくせい,かくれみ,付与するフレンズ,-,自身,強敵出現wave,-,-,-,
シロヘラコウモリ,とくせい,かくれみ,付与するフレンズ,-,自身,-,-,-,-,
ウィッチ,とくせい,かくれみ,付与するフレンズ,-,自身,-,-,-,-,
オカピ,とくせい,かくれみ,付与するフレンズ,-,自身,-,-,-,-,
ニホンカワウソ,とくせい,かくれみ,付与するフレンズ,-,自身,-,-,-,-,
チーター,たいきスキル,かくれみ,付与するフレンズ,-,自身,-,2ターン,1,2回,
クロトキ,キセキとくせい,かくれみ,付与するフレンズ,-,自身,たいりょく50%以下,-,-,-,
マレーバク(緑),たいきスキル,かくれみ,付与するフレンズ,-,自身,-,2ターン,0.5,3回,
フンボルトペンギン,とくせい,かくれみ,付与するフレンズ,少しだけ,自身,-,-,-,-,
タヌキ,たいきスキル,かくれみ,付与するフレンズ,-,自身,-,2ターン,0.4,4回,
アフリカオオコノハズク,たいきスキル,かくれみ,付与するフレンズ,少しだけ,自身,-,1ターン,0.75,∞,
アイアイ,たいきスキル,かくれみ,付与するフレンズ,少しだけ,自身,-,2ターン,0.8,3回,
アルパカ・ワカイヤ,とくせい,かくれみ,付与するフレンズ,-,自身,-,-,-,-,
ツチノコ,とくせい,かくれみ,付与するフレンズ,少しだけ,自身,-,-,-,-,
オグロプレーリードッグ,たいきスキル,かくれみ,付与するフレンズ,少しだけ,自身,-,1ターン,0.5,4回,
マレーバク,たいきスキル,かくれみ,付与するフレンズ,少しだけ,自身,-,1ターン,1,5回,
サバンナシマウマ,とくせい,かくれみ,付与するフレンズ,-,自身,地形がサバンナ,-,-,-,2023年4月上方修正前は「少しだけ」
しょうがないわね！,とくせい(変化前・後),かくれみ,付与するフォト,-,自身,たいりょく50%以下,-,-,-,-
どこにいますかね？,とくせい(変化前・後),かくれみ,付与するフォト,-,自身,たいりょくが40%以下,-,-,-,-
ひっそりまったり,とくせい(変化前・後),かくれみ,付与するフォト,少しだけ,自身,-,-,-,-,-
ふわふわわたあめ,とくせい(変化前・後),かくれみ,付与するフォト,少しだけ,自身,-,-,-,-,-
いんたーみっしょん,とくせい(変化前・後),かくれみ,付与するフォト,少しだけ,自身,-,-,-,-,-
ひんやり雪隠れ♪,とくせい(変化前・後),かくれみ,付与するフォト,-,自身,寒冷地,-,-,-,-
どきどき、きらきら,とくせい(変化後),かくれみ,付与するフォト,少しだけ,自身,-,-,-,-,
ゆったり、の～んびり,とくせい(変化前・後),かくれみ,付与するフォト,少しだけ,自身,-,-,-,-,-
なんでやねん！,とくせい(変化前・後),かくれみ,付与するフォト,少し,自身,-,-,-,-,-
ジャパリミュージアム,とくせい(変化前・後),かくれみ,付与するフォト,少しだけ,自身,-,-,-,-,-
おはなみびより,とくせい(変化前・後),かくれみ,付与するフォト,少しだけ,自身,たいりょくが50%以下のとき,-,-,-,-
せーので うー、がおー！,とくせい(変化前・後),かくれみ,付与するフォト,少しだけ,自身,たいりょく60%以上,-,-,-,-
ヒメアリクイ(フォト),とくせい(変化前),かくれみ,付与するフォト,少しだけ,自身,-,-,-,-,
ヒメアリクイ(フォト),とくせい(変化後),かくれみ,付与するフォト,-,自身,-,-,-,-,
アフリカオオコノハズク(フォト),とくせい(変化後),かくれみ,付与するフォト,少しだけ,自身,-,-,-,-,
ぷろのどうぐ,とくせい(変化前・後),かくれみ,付与するフォト,少しだけ,自身,-,-,-,-,-